[0.145s] DEBUG:colcon:Command line arguments: ['/usr/bin/colcon', 'build', '--symlink-install']
[0.145s] DEBUG:colcon:Parsed command line arguments: Namespace(log_base=None, log_level=None, verb_name='build', build_base='build', install_base='install', merge_install=False, symlink_install=True, test_result_base=None, continue_on_error=False, executor='parallel', parallel_workers=20, event_handlers=None, ignore_user_meta=False, metas=['./colcon.meta'], base_paths=['.'], packages_ignore=None, packages_ignore_regex=None, paths=None, packages_up_to=None, packages_up_to_regex=None, packages_above=None, packages_above_and_dependencies=None, packages_above_depth=None, packages_select_by_dep=None, packages_skip_by_dep=None, packages_skip_up_to=None, packages_select_build_failed=False, packages_skip_build_finished=False, packages_select_test_failures=False, packages_skip_test_passed=False, packages_select=None, packages_skip=None, packages_select_regex=None, packages_skip_regex=None, packages_start=None, packages_end=None, cmake_args=None, cmake_target=None, cmake_target_skip_unavailable=False, cmake_clean_cache=False, cmake_clean_first=False, cmake_force_configure=False, ament_cmake_args=None, catkin_cmake_args=None, catkin_skip_building_tests=False, mixin_files=None, mixin=None, verb_parser=<colcon_mixin.mixin.mixin_argument.MixinArgumentDecorator object at 0x7cd9c0f63610>, verb_extension=<colcon_core.verb.build.BuildVerb object at 0x7cd9c0f62bf0>, main=<bound method BuildVerb.main of <colcon_core.verb.build.BuildVerb object at 0x7cd9c0f62bf0>>, mixin_verb=('build',))
[0.229s] Level 1:colcon.colcon_core.package_discovery:discover_packages(colcon_meta) check parameters
[0.229s] INFO:colcon.colcon_metadata.package_discovery.colcon_meta:Using configuration from '/root/.colcon/metadata/default/Gazebo.meta'
[0.230s] INFO:colcon.colcon_metadata.package_discovery.colcon_meta:Using configuration from '/root/.colcon/metadata/default/fastdds.meta'
[0.230s] INFO:colcon.colcon_metadata.package_discovery.colcon_meta:Using configuration from '/root/.colcon/metadata/default/fastrtps.meta'
[0.230s] Level 1:colcon.colcon_core.package_discovery:discover_packages(recursive) check parameters
[0.230s] Level 1:colcon.colcon_core.package_discovery:discover_packages(ignore) check parameters
[0.230s] Level 1:colcon.colcon_core.package_discovery:discover_packages(path) check parameters
[0.230s] Level 1:colcon.colcon_core.package_discovery:discover_packages(colcon_meta) discover
[0.230s] Level 1:colcon.colcon_core.package_discovery:discover_packages(recursive) discover
[0.230s] INFO:colcon.colcon_core.package_discovery:Crawling recursively for packages in '/ws'
[0.230s] Level 1:colcon.colcon_core.package_identification:_identify(.) by extensions ['ignore', 'ignore_ament_install']
[0.230s] Level 1:colcon.colcon_core.package_identification:_identify(.) by extension 'ignore'
[0.230s] Level 1:colcon.colcon_core.package_identification:_identify(.) by extension 'ignore_ament_install'
[0.230s] Level 1:colcon.colcon_core.package_identification:_identify(.) by extensions ['colcon_pkg']
[0.230s] Level 1:colcon.colcon_core.package_identification:_identify(.) by extension 'colcon_pkg'
[0.230s] Level 1:colcon.colcon_core.package_identification:_identify(.) by extensions ['colcon_meta']
[0.230s] Level 1:colcon.colcon_core.package_identification:_identify(.) by extension 'colcon_meta'
[0.230s] Level 1:colcon.colcon_core.package_identification:_identify(.) by extensions ['ros']
[0.230s] Level 1:colcon.colcon_core.package_identification:_identify(.) by extension 'ros'
[0.239s] Level 1:colcon.colcon_core.package_identification:_identify(.) by extensions ['cmake', 'python']
[0.239s] Level 1:colcon.colcon_core.package_identification:_identify(.) by extension 'cmake'
[0.239s] Level 1:colcon.colcon_core.package_identification:_identify(.) by extension 'python'
[0.239s] Level 1:colcon.colcon_core.package_identification:_identify(.) by extensions ['python_setup_py']
[0.239s] Level 1:colcon.colcon_core.package_identification:_identify(.) by extension 'python_setup_py'
[0.239s] Level 1:colcon.colcon_core.package_identification:_identify(build) by extensions ['ignore', 'ignore_ament_install']
[0.239s] Level 1:colcon.colcon_core.package_identification:_identify(build) by extension 'ignore'
[0.239s] Level 1:colcon.colcon_core.package_identification:_identify(build) ignored
[0.240s] Level 1:colcon.colcon_core.package_identification:_identify(docker) by extensions ['ignore', 'ignore_ament_install']
[0.240s] Level 1:colcon.colcon_core.package_identification:_identify(docker) by extension 'ignore'
[0.240s] Level 1:colcon.colcon_core.package_identification:_identify(docker) by extension 'ignore_ament_install'
[0.240s] Level 1:colcon.colcon_core.package_identification:_identify(docker) by extensions ['colcon_pkg']
[0.240s] Level 1:colcon.colcon_core.package_identification:_identify(docker) by extension 'colcon_pkg'
[0.240s] Level 1:colcon.colcon_core.package_identification:_identify(docker) by extensions ['colcon_meta']
[0.240s] Level 1:colcon.colcon_core.package_identification:_identify(docker) by extension 'colcon_meta'
[0.240s] Level 1:colcon.colcon_core.package_identification:_identify(docker) by extensions ['ros']
[0.240s] Level 1:colcon.colcon_core.package_identification:_identify(docker) by extension 'ros'
[0.240s] Level 1:colcon.colcon_core.package_identification:_identify(docker) by extensions ['cmake', 'python']
[0.240s] Level 1:colcon.colcon_core.package_identification:_identify(docker) by extension 'cmake'
[0.240s] Level 1:colcon.colcon_core.package_identification:_identify(docker) by extension 'python'
[0.240s] Level 1:colcon.colcon_core.package_identification:_identify(docker) by extensions ['python_setup_py']
[0.240s] Level 1:colcon.colcon_core.package_identification:_identify(docker) by extension 'python_setup_py'
[0.240s] Level 1:colcon.colcon_core.package_identification:_identify(install) by extensions ['ignore', 'ignore_ament_install']
[0.240s] Level 1:colcon.colcon_core.package_identification:_identify(install) by extension 'ignore'
[0.240s] Level 1:colcon.colcon_core.package_identification:_identify(install) ignored
[0.240s] Level 1:colcon.colcon_core.package_identification:_identify(log) by extensions ['ignore', 'ignore_ament_install']
[0.240s] Level 1:colcon.colcon_core.package_identification:_identify(log) by extension 'ignore'
[0.240s] Level 1:colcon.colcon_core.package_identification:_identify(log) ignored
[0.240s] Level 1:colcon.colcon_core.package_identification:_identify(shadow_mode) by extensions ['ignore', 'ignore_ament_install']
[0.240s] Level 1:colcon.colcon_core.package_identification:_identify(shadow_mode) by extension 'ignore'
[0.240s] Level 1:colcon.colcon_core.package_identification:_identify(shadow_mode) by extension 'ignore_ament_install'
[0.240s] Level 1:colcon.colcon_core.package_identification:_identify(shadow_mode) by extensions ['colcon_pkg']
[0.240s] Level 1:colcon.colcon_core.package_identification:_identify(shadow_mode) by extension 'colcon_pkg'
[0.240s] Level 1:colcon.colcon_core.package_identification:_identify(shadow_mode) by extensions ['colcon_meta']
[0.240s] Level 1:colcon.colcon_core.package_identification:_identify(shadow_mode) by extension 'colcon_meta'
[0.240s] Level 1:colcon.colcon_core.package_identification:_identify(shadow_mode) by extensions ['ros']
[0.240s] Level 1:colcon.colcon_core.package_identification:_identify(shadow_mode) by extension 'ros'
[0.240s] Level 1:colcon.colcon_core.package_identification:_identify(shadow_mode) by extensions ['cmake', 'python']
[0.240s] Level 1:colcon.colcon_core.package_identification:_identify(shadow_mode) by extension 'cmake'
[0.240s] Level 1:colcon.colcon_core.package_identification:_identify(shadow_mode) by extension 'python'
[0.240s] Level 1:colcon.colcon_core.package_identification:_identify(shadow_mode) by extensions ['python_setup_py']
[0.240s] Level 1:colcon.colcon_core.package_identification:_identify(shadow_mode) by extension 'python_setup_py'
[0.240s] Level 1:colcon.colcon_core.package_identification:_identify(shadow_mode/__pycache__) by extensions ['ignore', 'ignore_ament_install']
[0.240s] Level 1:colcon.colcon_core.package_identification:_identify(shadow_mode/__pycache__) by extension 'ignore'
[0.241s] Level 1:colcon.colcon_core.package_identification:_identify(shadow_mode/__pycache__) by extension 'ignore_ament_install'
[0.241s] Level 1:colcon.colcon_core.package_identification:_identify(shadow_mode/__pycache__) by extensions ['colcon_pkg']
[0.241s] Level 1:colcon.colcon_core.package_identification:_identify(shadow_mode/__pycache__) by extension 'colcon_pkg'
[0.241s] Level 1:colcon.colcon_core.package_identification:_identify(shadow_mode/__pycache__) by extensions ['colcon_meta']
[0.241s] Level 1:colcon.colcon_core.package_identification:_identify(shadow_mode/__pycache__) by extension 'colcon_meta'
[0.241s] Level 1:colcon.colcon_core.package_identification:_identify(shadow_mode/__pycache__) by extensions ['ros']
[0.241s] Level 1:colcon.colcon_core.package_identification:_identify(shadow_mode/__pycache__) by extension 'ros'
[0.241s] Level 1:colcon.colcon_core.package_identification:_identify(shadow_mode/__pycache__) by extensions ['cmake', 'python']
[0.241s] Level 1:colcon.colcon_core.package_identification:_identify(shadow_mode/__pycache__) by extension 'cmake'
[0.241s] Level 1:colcon.colcon_core.package_identification:_identify(shadow_mode/__pycache__) by extension 'python'
[0.241s] Level 1:colcon.colcon_core.package_identification:_identify(shadow_mode/__pycache__) by extensions ['python_setup_py']
[0.241s] Level 1:colcon.colcon_core.package_identification:_identify(shadow_mode/__pycache__) by extension 'python_setup_py'
[0.241s] Level 1:colcon.colcon_core.package_identification:_identify(shadow_mode/analysis_outputs) by extensions ['ignore', 'ignore_ament_install']
[0.241s] Level 1:colcon.colcon_core.package_identification:_identify(shadow_mode/analysis_outputs) by extension 'ignore'
[0.241s] Level 1:colcon.colcon_core.package_identification:_identify(shadow_mode/analysis_outputs) by extension 'ignore_ament_install'
[0.241s] Level 1:colcon.colcon_core.package_identification:_identify(shadow_mode/analysis_outputs) by extensions ['colcon_pkg']
[0.241s] Level 1:colcon.colcon_core.package_identification:_identify(shadow_mode/analysis_outputs) by extension 'colcon_pkg'
[0.241s] Level 1:colcon.colcon_core.package_identification:_identify(shadow_mode/analysis_outputs) by extensions ['colcon_meta']
[0.241s] Level 1:colcon.colcon_core.package_identification:_identify(shadow_mode/analysis_outputs) by extension 'colcon_meta'
[0.241s] Level 1:colcon.colcon_core.package_identification:_identify(shadow_mode/analysis_outputs) by extensions ['ros']
[0.241s] Level 1:colcon.colcon_core.package_identification:_identify(shadow_mode/analysis_outputs) by extension 'ros'
[0.241s] Level 1:colcon.colcon_core.package_identification:_identify(shadow_mode/analysis_outputs) by extensions ['cmake', 'python']
[0.241s] Level 1:colcon.colcon_core.package_identification:_identify(shadow_mode/analysis_outputs) by extension 'cmake'
[0.241s] Level 1:colcon.colcon_core.package_identification:_identify(shadow_mode/analysis_outputs) by extension 'python'
[0.241s] Level 1:colcon.colcon_core.package_identification:_identify(shadow_mode/analysis_outputs) by extensions ['python_setup_py']
[0.241s] Level 1:colcon.colcon_core.package_identification:_identify(shadow_mode/analysis_outputs) by extension 'python_setup_py'
[0.241s] Level 1:colcon.colcon_core.package_identification:_identify(shadow_mode/vr_controller) by extensions ['ignore', 'ignore_ament_install']
[0.241s] Level 1:colcon.colcon_core.package_identification:_identify(shadow_mode/vr_controller) by extension 'ignore'
[0.241s] Level 1:colcon.colcon_core.package_identification:_identify(shadow_mode/vr_controller) by extension 'ignore_ament_install'
[0.241s] Level 1:colcon.colcon_core.package_identification:_identify(shadow_mode/vr_controller) by extensions ['colcon_pkg']
[0.241s] Level 1:colcon.colcon_core.package_identification:_identify(shadow_mode/vr_controller) by extension 'colcon_pkg'
[0.241s] Level 1:colcon.colcon_core.package_identification:_identify(shadow_mode/vr_controller) by extensions ['colcon_meta']
[0.241s] Level 1:colcon.colcon_core.package_identification:_identify(shadow_mode/vr_controller) by extension 'colcon_meta'
[0.241s] Level 1:colcon.colcon_core.package_identification:_identify(shadow_mode/vr_controller) by extensions ['ros']
[0.241s] Level 1:colcon.colcon_core.package_identification:_identify(shadow_mode/vr_controller) by extension 'ros'
[0.241s] Level 1:colcon.colcon_core.package_identification:_identify(shadow_mode/vr_controller) by extensions ['cmake', 'python']
[0.241s] Level 1:colcon.colcon_core.package_identification:_identify(shadow_mode/vr_controller) by extension 'cmake'
[0.241s] Level 1:colcon.colcon_core.package_identification:_identify(shadow_mode/vr_controller) by extension 'python'
[0.241s] Level 1:colcon.colcon_core.package_identification:_identify(shadow_mode/vr_controller) by extensions ['python_setup_py']
[0.241s] Level 1:colcon.colcon_core.package_identification:_identify(shadow_mode/vr_controller) by extension 'python_setup_py'
[0.241s] Level 1:colcon.colcon_core.package_identification:_identify(shadow_mode/vr_controller/__pycache__) by extensions ['ignore', 'ignore_ament_install']
[0.241s] Level 1:colcon.colcon_core.package_identification:_identify(shadow_mode/vr_controller/__pycache__) by extension 'ignore'
[0.241s] Level 1:colcon.colcon_core.package_identification:_identify(shadow_mode/vr_controller/__pycache__) by extension 'ignore_ament_install'
[0.241s] Level 1:colcon.colcon_core.package_identification:_identify(shadow_mode/vr_controller/__pycache__) by extensions ['colcon_pkg']
[0.241s] Level 1:colcon.colcon_core.package_identification:_identify(shadow_mode/vr_controller/__pycache__) by extension 'colcon_pkg'
[0.241s] Level 1:colcon.colcon_core.package_identification:_identify(shadow_mode/vr_controller/__pycache__) by extensions ['colcon_meta']
[0.241s] Level 1:colcon.colcon_core.package_identification:_identify(shadow_mode/vr_controller/__pycache__) by extension 'colcon_meta'
[0.242s] Level 1:colcon.colcon_core.package_identification:_identify(shadow_mode/vr_controller/__pycache__) by extensions ['ros']
[0.242s] Level 1:colcon.colcon_core.package_identification:_identify(shadow_mode/vr_controller/__pycache__) by extension 'ros'
[0.242s] Level 1:colcon.colcon_core.package_identification:_identify(shadow_mode/vr_controller/__pycache__) by extensions ['cmake', 'python']
[0.242s] Level 1:colcon.colcon_core.package_identification:_identify(shadow_mode/vr_controller/__pycache__) by extension 'cmake'
[0.242s] Level 1:colcon.colcon_core.package_identification:_identify(shadow_mode/vr_controller/__pycache__) by extension 'python'
[0.242s] Level 1:colcon.colcon_core.package_identification:_identify(shadow_mode/vr_controller/__pycache__) by extensions ['python_setup_py']
[0.242s] Level 1:colcon.colcon_core.package_identification:_identify(shadow_mode/vr_controller/__pycache__) by extension 'python_setup_py'
[0.242s] Level 1:colcon.colcon_core.package_identification:_identify(src) by extensions ['ignore', 'ignore_ament_install']
[0.242s] Level 1:colcon.colcon_core.package_identification:_identify(src) by extension 'ignore'
[0.242s] Level 1:colcon.colcon_core.package_identification:_identify(src) by extension 'ignore_ament_install'
[0.242s] Level 1:colcon.colcon_core.package_identification:_identify(src) by extensions ['colcon_pkg']
[0.242s] Level 1:colcon.colcon_core.package_identification:_identify(src) by extension 'colcon_pkg'
[0.242s] Level 1:colcon.colcon_core.package_identification:_identify(src) by extensions ['colcon_meta']
[0.242s] Level 1:colcon.colcon_core.package_identification:_identify(src) by extension 'colcon_meta'
[0.242s] Level 1:colcon.colcon_core.package_identification:_identify(src) by extensions ['ros']
[0.242s] Level 1:colcon.colcon_core.package_identification:_identify(src) by extension 'ros'
[0.242s] Level 1:colcon.colcon_core.package_identification:_identify(src) by extensions ['cmake', 'python']
[0.242s] Level 1:colcon.colcon_core.package_identification:_identify(src) by extension 'cmake'
[0.242s] Level 1:colcon.colcon_core.package_identification:_identify(src) by extension 'python'
[0.242s] Level 1:colcon.colcon_core.package_identification:_identify(src) by extensions ['python_setup_py']
[0.242s] Level 1:colcon.colcon_core.package_identification:_identify(src) by extension 'python_setup_py'
[0.242s] Level 1:colcon.colcon_core.package_identification:_identify(src/openarmx_can) by extensions ['ignore', 'ignore_ament_install']
[0.242s] Level 1:colcon.colcon_core.package_identification:_identify(src/openarmx_can) by extension 'ignore'
[0.242s] Level 1:colcon.colcon_core.package_identification:_identify(src/openarmx_can) by extension 'ignore_ament_install'
[0.242s] Level 1:colcon.colcon_core.package_identification:_identify(src/openarmx_can) by extensions ['colcon_pkg']
[0.242s] Level 1:colcon.colcon_core.package_identification:_identify(src/openarmx_can) by extension 'colcon_pkg'
[0.242s] Level 1:colcon.colcon_core.package_identification:_identify(src/openarmx_can) by extensions ['colcon_meta']
[0.242s] Level 1:colcon.colcon_core.package_identification:_identify(src/openarmx_can) by extension 'colcon_meta'
[0.242s] Level 1:colcon.colcon_core.package_identification:_identify(src/openarmx_can) by extensions ['ros']
[0.242s] Level 1:colcon.colcon_core.package_identification:_identify(src/openarmx_can) by extension 'ros'
[0.243s] DEBUG:colcon.colcon_core.package_identification:Package 'src/openarmx_can' with type 'ros.ament_cmake' and name 'openarmx_can'
[0.243s] Level 1:colcon.colcon_core.package_identification:_identify(src/openarmx_description) by extensions ['ignore', 'ignore_ament_install']
[0.243s] Level 1:colcon.colcon_core.package_identification:_identify(src/openarmx_description) by extension 'ignore'
[0.244s] Level 1:colcon.colcon_core.package_identification:_identify(src/openarmx_description) by extension 'ignore_ament_install'
[0.244s] Level 1:colcon.colcon_core.package_identification:_identify(src/openarmx_description) by extensions ['colcon_pkg']
[0.244s] Level 1:colcon.colcon_core.package_identification:_identify(src/openarmx_description) by extension 'colcon_pkg'
[0.244s] Level 1:colcon.colcon_core.package_identification:_identify(src/openarmx_description) by extensions ['colcon_meta']
[0.244s] Level 1:colcon.colcon_core.package_identification:_identify(src/openarmx_description) by extension 'colcon_meta'
[0.244s] Level 1:colcon.colcon_core.package_identification:_identify(src/openarmx_description) by extensions ['ros']
[0.244s] Level 1:colcon.colcon_core.package_identification:_identify(src/openarmx_description) by extension 'ros'
[0.244s] DEBUG:colcon.colcon_core.package_identification:Package 'src/openarmx_description' with type 'ros.ament_cmake' and name 'openarmx_description'
[0.244s] Level 1:colcon.colcon_core.package_identification:_identify(src/openarmx_motor_manager) by extensions ['ignore', 'ignore_ament_install']
[0.244s] Level 1:colcon.colcon_core.package_identification:_identify(src/openarmx_motor_manager) by extension 'ignore'
[0.244s] Level 1:colcon.colcon_core.package_identification:_identify(src/openarmx_motor_manager) by extension 'ignore_ament_install'
[0.244s] Level 1:colcon.colcon_core.package_identification:_identify(src/openarmx_motor_manager) by extensions ['colcon_pkg']
[0.244s] Level 1:colcon.colcon_core.package_identification:_identify(src/openarmx_motor_manager) by extension 'colcon_pkg'
[0.244s] Level 1:colcon.colcon_core.package_identification:_identify(src/openarmx_motor_manager) by extensions ['colcon_meta']
[0.244s] Level 1:colcon.colcon_core.package_identification:_identify(src/openarmx_motor_manager) by extension 'colcon_meta'
[0.244s] Level 1:colcon.colcon_core.package_identification:_identify(src/openarmx_motor_manager) by extensions ['ros']
[0.244s] Level 1:colcon.colcon_core.package_identification:_identify(src/openarmx_motor_manager) by extension 'ros'
[0.244s] Level 1:colcon.colcon_core.package_identification:_identify(src/openarmx_motor_manager) by extensions ['cmake', 'python']
[0.244s] Level 1:colcon.colcon_core.package_identification:_identify(src/openarmx_motor_manager) by extension 'cmake'
[0.244s] Level 1:colcon.colcon_core.package_identification:_identify(src/openarmx_motor_manager) by extension 'python'
[0.244s] Level 1:colcon.colcon_core.package_identification:_identify(src/openarmx_motor_manager) by extensions ['python_setup_py']
[0.244s] Level 1:colcon.colcon_core.package_identification:_identify(src/openarmx_motor_manager) by extension 'python_setup_py'
[0.244s] Level 1:colcon.colcon_core.package_identification:_identify(src/openarmx_motor_manager/config) by extensions ['ignore', 'ignore_ament_install']
[0.244s] Level 1:colcon.colcon_core.package_identification:_identify(src/openarmx_motor_manager/config) by extension 'ignore'
[0.244s] Level 1:colcon.colcon_core.package_identification:_identify(src/openarmx_motor_manager/config) by extension 'ignore_ament_install'
[0.245s] Level 1:colcon.colcon_core.package_identification:_identify(src/openarmx_motor_manager/config) by extensions ['colcon_pkg']
[0.245s] Level 1:colcon.colcon_core.package_identification:_identify(src/openarmx_motor_manager/config) by extension 'colcon_pkg'
[0.245s] Level 1:colcon.colcon_core.package_identification:_identify(src/openarmx_motor_manager/config) by extensions ['colcon_meta']
[0.245s] Level 1:colcon.colcon_core.package_identification:_identify(src/openarmx_motor_manager/config) by extension 'colcon_meta'
[0.245s] Level 1:colcon.colcon_core.package_identification:_identify(src/openarmx_motor_manager/config) by extensions ['ros']
[0.245s] Level 1:colcon.colcon_core.package_identification:_identify(src/openarmx_motor_manager/config) by extension 'ros'
[0.245s] Level 1:colcon.colcon_core.package_identification:_identify(src/openarmx_motor_manager/config) by extensions ['cmake', 'python']
[0.245s] Level 1:colcon.colcon_core.package_identification:_identify(src/openarmx_motor_manager/config) by extension 'cmake'
[0.245s] Level 1:colcon.colcon_core.package_identification:_identify(src/openarmx_motor_manager/config) by extension 'python'
[0.245s] Level 1:colcon.colcon_core.package_identification:_identify(src/openarmx_motor_manager/config) by extensions ['python_setup_py']
[0.245s] Level 1:colcon.colcon_core.package_identification:_identify(src/openarmx_motor_manager/config) by extension 'python_setup_py'
[0.245s] Level 1:colcon.colcon_core.package_identification:_identify(src/openarmx_motor_manager/config/__pycache__) by extensions ['ignore', 'ignore_ament_install']
[0.245s] Level 1:colcon.colcon_core.package_identification:_identify(src/openarmx_motor_manager/config/__pycache__) by extension 'ignore'
[0.245s] Level 1:colcon.colcon_core.package_identification:_identify(src/openarmx_motor_manager/config/__pycache__) by extension 'ignore_ament_install'
[0.245s] Level 1:colcon.colcon_core.package_identification:_identify(src/openarmx_motor_manager/config/__pycache__) by extensions ['colcon_pkg']
[0.245s] Level 1:colcon.colcon_core.package_identification:_identify(src/openarmx_motor_manager/config/__pycache__) by extension 'colcon_pkg'
[0.245s] Level 1:colcon.colcon_core.package_identification:_identify(src/openarmx_motor_manager/config/__pycache__) by extensions ['colcon_meta']
[0.245s] Level 1:colcon.colcon_core.package_identification:_identify(src/openarmx_motor_manager/config/__pycache__) by extension 'colcon_meta'
[0.245s] Level 1:colcon.colcon_core.package_identification:_identify(src/openarmx_motor_manager/config/__pycache__) by extensions ['ros']
[0.245s] Level 1:colcon.colcon_core.package_identification:_identify(src/openarmx_motor_manager/config/__pycache__) by extension 'ros'
[0.245s] Level 1:colcon.colcon_core.package_identification:_identify(src/openarmx_motor_manager/config/__pycache__) by extensions ['cmake', 'python']
[0.245s] Level 1:colcon.colcon_core.package_identification:_identify(src/openarmx_motor_manager/config/__pycache__) by extension 'cmake'
[0.245s] Level 1:colcon.colcon_core.package_identification:_identify(src/openarmx_motor_manager/config/__pycache__) by extension 'python'
[0.245s] Level 1:colcon.colcon_core.package_identification:_identify(src/openarmx_motor_manager/config/__pycache__) by extensions ['python_setup_py']
[0.245s] Level 1:colcon.colcon_core.package_identification:_identify(src/openarmx_motor_manager/config/__pycache__) by extension 'python_setup_py'
[0.245s] Level 1:colcon.colcon_core.package_identification:_identify(src/openarmx_motor_manager/scripts) by extensions ['ignore', 'ignore_ament_install']
[0.245s] Level 1:colcon.colcon_core.package_identification:_identify(src/openarmx_motor_manager/scripts) by extension 'ignore'
[0.245s] Level 1:colcon.colcon_core.package_identification:_identify(src/openarmx_motor_manager/scripts) by extension 'ignore_ament_install'
[0.245s] Level 1:colcon.colcon_core.package_identification:_identify(src/openarmx_motor_manager/scripts) by extensions ['colcon_pkg']
[0.245s] Level 1:colcon.colcon_core.package_identification:_identify(src/openarmx_motor_manager/scripts) by extension 'colcon_pkg'
[0.245s] Level 1:colcon.colcon_core.package_identification:_identify(src/openarmx_motor_manager/scripts) by extensions ['colcon_meta']
[0.245s] Level 1:colcon.colcon_core.package_identification:_identify(src/openarmx_motor_manager/scripts) by extension 'colcon_meta'
[0.245s] Level 1:colcon.colcon_core.package_identification:_identify(src/openarmx_motor_manager/scripts) by extensions ['ros']
[0.245s] Level 1:colcon.colcon_core.package_identification:_identify(src/openarmx_motor_manager/scripts) by extension 'ros'
[0.245s] Level 1:colcon.colcon_core.package_identification:_identify(src/openarmx_motor_manager/scripts) by extensions ['cmake', 'python']
[0.245s] Level 1:colcon.colcon_core.package_identification:_identify(src/openarmx_motor_manager/scripts) by extension 'cmake'
[0.245s] Level 1:colcon.colcon_core.package_identification:_identify(src/openarmx_motor_manager/scripts) by extension 'python'
[0.245s] Level 1:colcon.colcon_core.package_identification:_identify(src/openarmx_motor_manager/scripts) by extensions ['python_setup_py']
[0.245s] Level 1:colcon.colcon_core.package_identification:_identify(src/openarmx_motor_manager/scripts) by extension 'python_setup_py'
[0.245s] Level 1:colcon.colcon_core.package_identification:_identify(src/openarmx_motor_manager/scripts/__pycache__) by extensions ['ignore', 'ignore_ament_install']
[0.245s] Level 1:colcon.colcon_core.package_identification:_identify(src/openarmx_motor_manager/scripts/__pycache__) by extension 'ignore'
[0.245s] Level 1:colcon.colcon_core.package_identification:_identify(src/openarmx_motor_manager/scripts/__pycache__) by extension 'ignore_ament_install'
[0.245s] Level 1:colcon.colcon_core.package_identification:_identify(src/openarmx_motor_manager/scripts/__pycache__) by extensions ['colcon_pkg']
[0.245s] Level 1:colcon.colcon_core.package_identification:_identify(src/openarmx_motor_manager/scripts/__pycache__) by extension 'colcon_pkg'
[0.245s] Level 1:colcon.colcon_core.package_identification:_identify(src/openarmx_motor_manager/scripts/__pycache__) by extensions ['colcon_meta']
[0.245s] Level 1:colcon.colcon_core.package_identification:_identify(src/openarmx_motor_manager/scripts/__pycache__) by extension 'colcon_meta'
[0.245s] Level 1:colcon.colcon_core.package_identification:_identify(src/openarmx_motor_manager/scripts/__pycache__) by extensions ['ros']
[0.245s] Level 1:colcon.colcon_core.package_identification:_identify(src/openarmx_motor_manager/scripts/__pycache__) by extension 'ros'
[0.245s] Level 1:colcon.colcon_core.package_identification:_identify(src/openarmx_motor_manager/scripts/__pycache__) by extensions ['cmake', 'python']
[0.245s] Level 1:colcon.colcon_core.package_identification:_identify(src/openarmx_motor_manager/scripts/__pycache__) by extension 'cmake'
[0.245s] Level 1:colcon.colcon_core.package_identification:_identify(src/openarmx_motor_manager/scripts/__pycache__) by extension 'python'
[0.245s] Level 1:colcon.colcon_core.package_identification:_identify(src/openarmx_motor_manager/scripts/__pycache__) by extensions ['python_setup_py']
[0.245s] Level 1:colcon.colcon_core.package_identification:_identify(src/openarmx_motor_manager/scripts/__pycache__) by extension 'python_setup_py'
[0.246s] Level 1:colcon.colcon_core.package_identification:_identify(src/openarmx_motor_manager/ui) by extensions ['ignore', 'ignore_ament_install']
[0.246s] Level 1:colcon.colcon_core.package_identification:_identify(src/openarmx_motor_manager/ui) by extension 'ignore'
[0.246s] Level 1:colcon.colcon_core.package_identification:_identify(src/openarmx_motor_manager/ui) by extension 'ignore_ament_install'
[0.246s] Level 1:colcon.colcon_core.package_identification:_identify(src/openarmx_motor_manager/ui) by extensions ['colcon_pkg']
[0.246s] Level 1:colcon.colcon_core.package_identification:_identify(src/openarmx_motor_manager/ui) by extension 'colcon_pkg'
[0.246s] Level 1:colcon.colcon_core.package_identification:_identify(src/openarmx_motor_manager/ui) by extensions ['colcon_meta']
[0.246s] Level 1:colcon.colcon_core.package_identification:_identify(src/openarmx_motor_manager/ui) by extension 'colcon_meta'
[0.246s] Level 1:colcon.colcon_core.package_identification:_identify(src/openarmx_motor_manager/ui) by extensions ['ros']
[0.246s] Level 1:colcon.colcon_core.package_identification:_identify(src/openarmx_motor_manager/ui) by extension 'ros'
[0.246s] Level 1:colcon.colcon_core.package_identification:_identify(src/openarmx_motor_manager/ui) by extensions ['cmake', 'python']
[0.246s] Level 1:colcon.colcon_core.package_identification:_identify(src/openarmx_motor_manager/ui) by extension 'cmake'
[0.246s] Level 1:colcon.colcon_core.package_identification:_identify(src/openarmx_motor_manager/ui) by extension 'python'
[0.246s] Level 1:colcon.colcon_core.package_identification:_identify(src/openarmx_motor_manager/ui) by extensions ['python_setup_py']
[0.246s] Level 1:colcon.colcon_core.package_identification:_identify(src/openarmx_motor_manager/ui) by extension 'python_setup_py'
[0.246s] Level 1:colcon.colcon_core.package_identification:_identify(src/openarmx_motor_manager/ui/__pycache__) by extensions ['ignore', 'ignore_ament_install']
[0.246s] Level 1:colcon.colcon_core.package_identification:_identify(src/openarmx_motor_manager/ui/__pycache__) by extension 'ignore'
[0.246s] Level 1:colcon.colcon_core.package_identification:_identify(src/openarmx_motor_manager/ui/__pycache__) by extension 'ignore_ament_install'
[0.246s] Level 1:colcon.colcon_core.package_identification:_identify(src/openarmx_motor_manager/ui/__pycache__) by extensions ['colcon_pkg']
[0.246s] Level 1:colcon.colcon_core.package_identification:_identify(src/openarmx_motor_manager/ui/__pycache__) by extension 'colcon_pkg'
[0.246s] Level 1:colcon.colcon_core.package_identification:_identify(src/openarmx_motor_manager/ui/__pycache__) by extensions ['colcon_meta']
[0.246s] Level 1:colcon.colcon_core.package_identification:_identify(src/openarmx_motor_manager/ui/__pycache__) by extension 'colcon_meta'
[0.246s] Level 1:colcon.colcon_core.package_identification:_identify(src/openarmx_motor_manager/ui/__pycache__) by extensions ['ros']
[0.246s] Level 1:colcon.colcon_core.package_identification:_identify(src/openarmx_motor_manager/ui/__pycache__) by extension 'ros'
[0.246s] Level 1:colcon.colcon_core.package_identification:_identify(src/openarmx_motor_manager/ui/__pycache__) by extensions ['cmake', 'python']
[0.246s] Level 1:colcon.colcon_core.package_identification:_identify(src/openarmx_motor_manager/ui/__pycache__) by extension 'cmake'
[0.246s] Level 1:colcon.colcon_core.package_identification:_identify(src/openarmx_motor_manager/ui/__pycache__) by extension 'python'
[0.246s] Level 1:colcon.colcon_core.package_identification:_identify(src/openarmx_motor_manager/ui/__pycache__) by extensions ['python_setup_py']
[0.246s] Level 1:colcon.colcon_core.package_identification:_identify(src/openarmx_motor_manager/ui/__pycache__) by extension 'python_setup_py'
[0.246s] Level 1:colcon.colcon_core.package_identification:_identify(src/openarmx_motor_manager/ui/texture) by extensions ['ignore', 'ignore_ament_install']
[0.246s] Level 1:colcon.colcon_core.package_identification:_identify(src/openarmx_motor_manager/ui/texture) by extension 'ignore'
[0.246s] Level 1:colcon.colcon_core.package_identification:_identify(src/openarmx_motor_manager/ui/texture) by extension 'ignore_ament_install'
[0.246s] Level 1:colcon.colcon_core.package_identification:_identify(src/openarmx_motor_manager/ui/texture) by extensions ['colcon_pkg']
[0.246s] Level 1:colcon.colcon_core.package_identification:_identify(src/openarmx_motor_manager/ui/texture) by extension 'colcon_pkg'
[0.246s] Level 1:colcon.colcon_core.package_identification:_identify(src/openarmx_motor_manager/ui/texture) by extensions ['colcon_meta']
[0.246s] Level 1:colcon.colcon_core.package_identification:_identify(src/openarmx_motor_manager/ui/texture) by extension 'colcon_meta'
[0.246s] Level 1:colcon.colcon_core.package_identification:_identify(src/openarmx_motor_manager/ui/texture) by extensions ['ros']
[0.246s] Level 1:colcon.colcon_core.package_identification:_identify(src/openarmx_motor_manager/ui/texture) by extension 'ros'
[0.246s] Level 1:colcon.colcon_core.package_identification:_identify(src/openarmx_motor_manager/ui/texture) by extensions ['cmake', 'python']
[0.246s] Level 1:colcon.colcon_core.package_identification:_identify(src/openarmx_motor_manager/ui/texture) by extension 'cmake'
[0.246s] Level 1:colcon.colcon_core.package_identification:_identify(src/openarmx_motor_manager/ui/texture) by extension 'python'
[0.246s] Level 1:colcon.colcon_core.package_identification:_identify(src/openarmx_motor_manager/ui/texture) by extensions ['python_setup_py']
[0.246s] Level 1:colcon.colcon_core.package_identification:_identify(src/openarmx_motor_manager/ui/texture) by extension 'python_setup_py'
[0.246s] Level 1:colcon.colcon_core.package_identification:_identify(src/openarmx_motor_manager/ui/ui) by extensions ['ignore', 'ignore_ament_install']
[0.246s] Level 1:colcon.colcon_core.package_identification:_identify(src/openarmx_motor_manager/ui/ui) by extension 'ignore'
[0.246s] Level 1:colcon.colcon_core.package_identification:_identify(src/openarmx_motor_manager/ui/ui) by extension 'ignore_ament_install'
[0.246s] Level 1:colcon.colcon_core.package_identification:_identify(src/openarmx_motor_manager/ui/ui) by extensions ['colcon_pkg']
[0.246s] Level 1:colcon.colcon_core.package_identification:_identify(src/openarmx_motor_manager/ui/ui) by extension 'colcon_pkg'
[0.246s] Level 1:colcon.colcon_core.package_identification:_identify(src/openarmx_motor_manager/ui/ui) by extensions ['colcon_meta']
[0.246s] Level 1:colcon.colcon_core.package_identification:_identify(src/openarmx_motor_manager/ui/ui) by extension 'colcon_meta'
[0.246s] Level 1:colcon.colcon_core.package_identification:_identify(src/openarmx_motor_manager/ui/ui) by extensions ['ros']
[0.246s] Level 1:colcon.colcon_core.package_identification:_identify(src/openarmx_motor_manager/ui/ui) by extension 'ros'
[0.246s] Level 1:colcon.colcon_core.package_identification:_identify(src/openarmx_motor_manager/ui/ui) by extensions ['cmake', 'python']
[0.246s] Level 1:colcon.colcon_core.package_identification:_identify(src/openarmx_motor_manager/ui/ui) by extension 'cmake'
[0.247s] Level 1:colcon.colcon_core.package_identification:_identify(src/openarmx_motor_manager/ui/ui) by extension 'python'
[0.247s] Level 1:colcon.colcon_core.package_identification:_identify(src/openarmx_motor_manager/ui/ui) by extensions ['python_setup_py']
[0.247s] Level 1:colcon.colcon_core.package_identification:_identify(src/openarmx_motor_manager/ui/ui) by extension 'python_setup_py'
[0.247s] Level 1:colcon.colcon_core.package_identification:_identify(src/openarmx_motor_manager/ui/ui/__pycache__) by extensions ['ignore', 'ignore_ament_install']
[0.247s] Level 1:colcon.colcon_core.package_identification:_identify(src/openarmx_motor_manager/ui/ui/__pycache__) by extension 'ignore'
[0.247s] Level 1:colcon.colcon_core.package_identification:_identify(src/openarmx_motor_manager/ui/ui/__pycache__) by extension 'ignore_ament_install'
[0.247s] Level 1:colcon.colcon_core.package_identification:_identify(src/openarmx_motor_manager/ui/ui/__pycache__) by extensions ['colcon_pkg']
[0.247s] Level 1:colcon.colcon_core.package_identification:_identify(src/openarmx_motor_manager/ui/ui/__pycache__) by extension 'colcon_pkg'
[0.247s] Level 1:colcon.colcon_core.package_identification:_identify(src/openarmx_motor_manager/ui/ui/__pycache__) by extensions ['colcon_meta']
[0.247s] Level 1:colcon.colcon_core.package_identification:_identify(src/openarmx_motor_manager/ui/ui/__pycache__) by extension 'colcon_meta'
[0.247s] Level 1:colcon.colcon_core.package_identification:_identify(src/openarmx_motor_manager/ui/ui/__pycache__) by extensions ['ros']
[0.247s] Level 1:colcon.colcon_core.package_identification:_identify(src/openarmx_motor_manager/ui/ui/__pycache__) by extension 'ros'
[0.247s] Level 1:colcon.colcon_core.package_identification:_identify(src/openarmx_motor_manager/ui/ui/__pycache__) by extensions ['cmake', 'python']
[0.247s] Level 1:colcon.colcon_core.package_identification:_identify(src/openarmx_motor_manager/ui/ui/__pycache__) by extension 'cmake'
[0.247s] Level 1:colcon.colcon_core.package_identification:_identify(src/openarmx_motor_manager/ui/ui/__pycache__) by extension 'python'
[0.247s] Level 1:colcon.colcon_core.package_identification:_identify(src/openarmx_motor_manager/ui/ui/__pycache__) by extensions ['python_setup_py']
[0.247s] Level 1:colcon.colcon_core.package_identification:_identify(src/openarmx_motor_manager/ui/ui/__pycache__) by extension 'python_setup_py'
[0.247s] Level 1:colcon.colcon_core.package_identification:_identify(src/openarmx_motor_manager/utils) by extensions ['ignore', 'ignore_ament_install']
[0.247s] Level 1:colcon.colcon_core.package_identification:_identify(src/openarmx_motor_manager/utils) by extension 'ignore'
[0.247s] Level 1:colcon.colcon_core.package_identification:_identify(src/openarmx_motor_manager/utils) by extension 'ignore_ament_install'
[0.247s] Level 1:colcon.colcon_core.package_identification:_identify(src/openarmx_motor_manager/utils) by extensions ['colcon_pkg']
[0.247s] Level 1:colcon.colcon_core.package_identification:_identify(src/openarmx_motor_manager/utils) by extension 'colcon_pkg'
[0.247s] Level 1:colcon.colcon_core.package_identification:_identify(src/openarmx_motor_manager/utils) by extensions ['colcon_meta']
[0.247s] Level 1:colcon.colcon_core.package_identification:_identify(src/openarmx_motor_manager/utils) by extension 'colcon_meta'
[0.247s] Level 1:colcon.colcon_core.package_identification:_identify(src/openarmx_motor_manager/utils) by extensions ['ros']
[0.247s] Level 1:colcon.colcon_core.package_identification:_identify(src/openarmx_motor_manager/utils) by extension 'ros'
[0.247s] Level 1:colcon.colcon_core.package_identification:_identify(src/openarmx_motor_manager/utils) by extensions ['cmake', 'python']
[0.247s] Level 1:colcon.colcon_core.package_identification:_identify(src/openarmx_motor_manager/utils) by extension 'cmake'
[0.247s] Level 1:colcon.colcon_core.package_identification:_identify(src/openarmx_motor_manager/utils) by extension 'python'
[0.247s] Level 1:colcon.colcon_core.package_identification:_identify(src/openarmx_motor_manager/utils) by extensions ['python_setup_py']
[0.247s] Level 1:colcon.colcon_core.package_identification:_identify(src/openarmx_motor_manager/utils) by extension 'python_setup_py'
[0.247s] Level 1:colcon.colcon_core.package_identification:_identify(src/openarmx_motor_manager/utils/__pycache__) by extensions ['ignore', 'ignore_ament_install']
[0.247s] Level 1:colcon.colcon_core.package_identification:_identify(src/openarmx_motor_manager/utils/__pycache__) by extension 'ignore'
[0.247s] Level 1:colcon.colcon_core.package_identification:_identify(src/openarmx_motor_manager/utils/__pycache__) by extension 'ignore_ament_install'
[0.247s] Level 1:colcon.colcon_core.package_identification:_identify(src/openarmx_motor_manager/utils/__pycache__) by extensions ['colcon_pkg']
[0.247s] Level 1:colcon.colcon_core.package_identification:_identify(src/openarmx_motor_manager/utils/__pycache__) by extension 'colcon_pkg'
[0.247s] Level 1:colcon.colcon_core.package_identification:_identify(src/openarmx_motor_manager/utils/__pycache__) by extensions ['colcon_meta']
[0.247s] Level 1:colcon.colcon_core.package_identification:_identify(src/openarmx_motor_manager/utils/__pycache__) by extension 'colcon_meta'
[0.247s] Level 1:colcon.colcon_core.package_identification:_identify(src/openarmx_motor_manager/utils/__pycache__) by extensions ['ros']
[0.247s] Level 1:colcon.colcon_core.package_identification:_identify(src/openarmx_motor_manager/utils/__pycache__) by extension 'ros'
[0.247s] Level 1:colcon.colcon_core.package_identification:_identify(src/openarmx_motor_manager/utils/__pycache__) by extensions ['cmake', 'python']
[0.247s] Level 1:colcon.colcon_core.package_identification:_identify(src/openarmx_motor_manager/utils/__pycache__) by extension 'cmake'
[0.247s] Level 1:colcon.colcon_core.package_identification:_identify(src/openarmx_motor_manager/utils/__pycache__) by extension 'python'
[0.247s] Level 1:colcon.colcon_core.package_identification:_identify(src/openarmx_motor_manager/utils/__pycache__) by extensions ['python_setup_py']
[0.247s] Level 1:colcon.colcon_core.package_identification:_identify(src/openarmx_motor_manager/utils/__pycache__) by extension 'python_setup_py'
[0.247s] Level 1:colcon.colcon_core.package_identification:_identify(src/openarmx_ros2) by extensions ['ignore', 'ignore_ament_install']
[0.247s] Level 1:colcon.colcon_core.package_identification:_identify(src/openarmx_ros2) by extension 'ignore'
[0.247s] Level 1:colcon.colcon_core.package_identification:_identify(src/openarmx_ros2) by extension 'ignore_ament_install'
[0.247s] Level 1:colcon.colcon_core.package_identification:_identify(src/openarmx_ros2) by extensions ['colcon_pkg']
[0.247s] Level 1:colcon.colcon_core.package_identification:_identify(src/openarmx_ros2) by extension 'colcon_pkg'
[0.247s] Level 1:colcon.colcon_core.package_identification:_identify(src/openarmx_ros2) by extensions ['colcon_meta']
[0.247s] Level 1:colcon.colcon_core.package_identification:_identify(src/openarmx_ros2) by extension 'colcon_meta'
[0.248s] Level 1:colcon.colcon_core.package_identification:_identify(src/openarmx_ros2) by extensions ['ros']
[0.248s] Level 1:colcon.colcon_core.package_identification:_identify(src/openarmx_ros2) by extension 'ros'
[0.248s] Level 1:colcon.colcon_core.package_identification:_identify(src/openarmx_ros2) by extensions ['cmake', 'python']
[0.248s] Level 1:colcon.colcon_core.package_identification:_identify(src/openarmx_ros2) by extension 'cmake'
[0.248s] Level 1:colcon.colcon_core.package_identification:_identify(src/openarmx_ros2) by extension 'python'
[0.248s] Level 1:colcon.colcon_core.package_identification:_identify(src/openarmx_ros2) by extensions ['python_setup_py']
[0.248s] Level 1:colcon.colcon_core.package_identification:_identify(src/openarmx_ros2) by extension 'python_setup_py'
[0.248s] Level 1:colcon.colcon_core.package_identification:_identify(src/openarmx_ros2/openarmx) by extensions ['ignore', 'ignore_ament_install']
[0.248s] Level 1:colcon.colcon_core.package_identification:_identify(src/openarmx_ros2/openarmx) by extension 'ignore'
[0.248s] Level 1:colcon.colcon_core.package_identification:_identify(src/openarmx_ros2/openarmx) by extension 'ignore_ament_install'
[0.248s] Level 1:colcon.colcon_core.package_identification:_identify(src/openarmx_ros2/openarmx) by extensions ['colcon_pkg']
[0.248s] Level 1:colcon.colcon_core.package_identification:_identify(src/openarmx_ros2/openarmx) by extension 'colcon_pkg'
[0.248s] Level 1:colcon.colcon_core.package_identification:_identify(src/openarmx_ros2/openarmx) by extensions ['colcon_meta']
[0.248s] Level 1:colcon.colcon_core.package_identification:_identify(src/openarmx_ros2/openarmx) by extension 'colcon_meta'
[0.248s] Level 1:colcon.colcon_core.package_identification:_identify(src/openarmx_ros2/openarmx) by extensions ['ros']
[0.248s] Level 1:colcon.colcon_core.package_identification:_identify(src/openarmx_ros2/openarmx) by extension 'ros'
[0.248s] DEBUG:colcon.colcon_core.package_identification:Package 'src/openarmx_ros2/openarmx' with type 'ros.ament_cmake' and name 'openarmx'
[0.248s] Level 1:colcon.colcon_core.package_identification:_identify(src/openarmx_ros2/openarmx_bimanual_moveit_config) by extensions ['ignore', 'ignore_ament_install']
[0.248s] Level 1:colcon.colcon_core.package_identification:_identify(src/openarmx_ros2/openarmx_bimanual_moveit_config) by extension 'ignore'
[0.248s] Level 1:colcon.colcon_core.package_identification:_identify(src/openarmx_ros2/openarmx_bimanual_moveit_config) by extension 'ignore_ament_install'
[0.248s] Level 1:colcon.colcon_core.package_identification:_identify(src/openarmx_ros2/openarmx_bimanual_moveit_config) by extensions ['colcon_pkg']
[0.248s] Level 1:colcon.colcon_core.package_identification:_identify(src/openarmx_ros2/openarmx_bimanual_moveit_config) by extension 'colcon_pkg'
[0.248s] Level 1:colcon.colcon_core.package_identification:_identify(src/openarmx_ros2/openarmx_bimanual_moveit_config) by extensions ['colcon_meta']
[0.248s] Level 1:colcon.colcon_core.package_identification:_identify(src/openarmx_ros2/openarmx_bimanual_moveit_config) by extension 'colcon_meta'
[0.248s] Level 1:colcon.colcon_core.package_identification:_identify(src/openarmx_ros2/openarmx_bimanual_moveit_config) by extensions ['ros']
[0.248s] Level 1:colcon.colcon_core.package_identification:_identify(src/openarmx_ros2/openarmx_bimanual_moveit_config) by extension 'ros'
[0.249s] DEBUG:colcon.colcon_core.package_identification:Package 'src/openarmx_ros2/openarmx_bimanual_moveit_config' with type 'ros.ament_cmake' and name 'openarmx_bimanual_moveit_config'
[0.249s] Level 1:colcon.colcon_core.package_identification:_identify(src/openarmx_ros2/openarmx_bringup) by extensions ['ignore', 'ignore_ament_install']
[0.249s] Level 1:colcon.colcon_core.package_identification:_identify(src/openarmx_ros2/openarmx_bringup) by extension 'ignore'
[0.249s] Level 1:colcon.colcon_core.package_identification:_identify(src/openarmx_ros2/openarmx_bringup) by extension 'ignore_ament_install'
[0.249s] Level 1:colcon.colcon_core.package_identification:_identify(src/openarmx_ros2/openarmx_bringup) by extensions ['colcon_pkg']
[0.249s] Level 1:colcon.colcon_core.package_identification:_identify(src/openarmx_ros2/openarmx_bringup) by extension 'colcon_pkg'
[0.249s] Level 1:colcon.colcon_core.package_identification:_identify(src/openarmx_ros2/openarmx_bringup) by extensions ['colcon_meta']
[0.249s] Level 1:colcon.colcon_core.package_identification:_identify(src/openarmx_ros2/openarmx_bringup) by extension 'colcon_meta'
[0.249s] Level 1:colcon.colcon_core.package_identification:_identify(src/openarmx_ros2/openarmx_bringup) by extensions ['ros']
[0.249s] Level 1:colcon.colcon_core.package_identification:_identify(src/openarmx_ros2/openarmx_bringup) by extension 'ros'
[0.249s] DEBUG:colcon.colcon_core.package_identification:Package 'src/openarmx_ros2/openarmx_bringup' with type 'ros.ament_cmake' and name 'openarmx_bringup'
[0.249s] Level 1:colcon.colcon_core.package_identification:_identify(src/openarmx_ros2/openarmx_hardware) by extensions ['ignore', 'ignore_ament_install']
[0.249s] Level 1:colcon.colcon_core.package_identification:_identify(src/openarmx_ros2/openarmx_hardware) by extension 'ignore'
[0.249s] Level 1:colcon.colcon_core.package_identification:_identify(src/openarmx_ros2/openarmx_hardware) by extension 'ignore_ament_install'
[0.249s] Level 1:colcon.colcon_core.package_identification:_identify(src/openarmx_ros2/openarmx_hardware) by extensions ['colcon_pkg']
[0.249s] Level 1:colcon.colcon_core.package_identification:_identify(src/openarmx_ros2/openarmx_hardware) by extension 'colcon_pkg'
[0.249s] Level 1:colcon.colcon_core.package_identification:_identify(src/openarmx_ros2/openarmx_hardware) by extensions ['colcon_meta']
[0.249s] Level 1:colcon.colcon_core.package_identification:_identify(src/openarmx_ros2/openarmx_hardware) by extension 'colcon_meta'
[0.249s] Level 1:colcon.colcon_core.package_identification:_identify(src/openarmx_ros2/openarmx_hardware) by extensions ['ros']
[0.249s] Level 1:colcon.colcon_core.package_identification:_identify(src/openarmx_ros2/openarmx_hardware) by extension 'ros'
[0.249s] DEBUG:colcon.colcon_core.package_identification:Package 'src/openarmx_ros2/openarmx_hardware' with type 'ros.ament_cmake' and name 'openarmx_hardware'
[0.249s] Level 1:colcon.colcon_core.package_identification:_identify(src/openarmx_teleop_leader) by extensions ['ignore', 'ignore_ament_install']
[0.250s] Level 1:colcon.colcon_core.package_identification:_identify(src/openarmx_teleop_leader) by extension 'ignore'
[0.250s] Level 1:colcon.colcon_core.package_identification:_identify(src/openarmx_teleop_leader) by extension 'ignore_ament_install'
[0.250s] Level 1:colcon.colcon_core.package_identification:_identify(src/openarmx_teleop_leader) by extensions ['colcon_pkg']
[0.250s] Level 1:colcon.colcon_core.package_identification:_identify(src/openarmx_teleop_leader) by extension 'colcon_pkg'
[0.250s] Level 1:colcon.colcon_core.package_identification:_identify(src/openarmx_teleop_leader) by extensions ['colcon_meta']
[0.250s] Level 1:colcon.colcon_core.package_identification:_identify(src/openarmx_teleop_leader) by extension 'colcon_meta'
[0.250s] Level 1:colcon.colcon_core.package_identification:_identify(src/openarmx_teleop_leader) by extensions ['ros']
[0.250s] Level 1:colcon.colcon_core.package_identification:_identify(src/openarmx_teleop_leader) by extension 'ros'
[0.250s] DEBUG:colcon.colcon_core.package_identification:Package 'src/openarmx_teleop_leader' with type 'ros.ament_cmake' and name 'openarmx_teleop_leader'
[0.250s] Level 1:colcon.colcon_core.package_identification:_identify(src/openarmx_tools) by extensions ['ignore', 'ignore_ament_install']
[0.250s] Level 1:colcon.colcon_core.package_identification:_identify(src/openarmx_tools) by extension 'ignore'
[0.250s] Level 1:colcon.colcon_core.package_identification:_identify(src/openarmx_tools) by extension 'ignore_ament_install'
[0.250s] Level 1:colcon.colcon_core.package_identification:_identify(src/openarmx_tools) by extensions ['colcon_pkg']
[0.250s] Level 1:colcon.colcon_core.package_identification:_identify(src/openarmx_tools) by extension 'colcon_pkg'
[0.250s] Level 1:colcon.colcon_core.package_identification:_identify(src/openarmx_tools) by extensions ['colcon_meta']
[0.250s] Level 1:colcon.colcon_core.package_identification:_identify(src/openarmx_tools) by extension 'colcon_meta'
[0.250s] Level 1:colcon.colcon_core.package_identification:_identify(src/openarmx_tools) by extensions ['ros']
[0.250s] Level 1:colcon.colcon_core.package_identification:_identify(src/openarmx_tools) by extension 'ros'
[0.250s] Level 1:colcon.colcon_core.package_identification:_identify(src/openarmx_tools) by extensions ['cmake', 'python']
[0.250s] Level 1:colcon.colcon_core.package_identification:_identify(src/openarmx_tools) by extension 'cmake'
[0.250s] Level 1:colcon.colcon_core.package_identification:_identify(src/openarmx_tools) by extension 'python'
[0.250s] Level 1:colcon.colcon_core.package_identification:_identify(src/openarmx_tools) by extensions ['python_setup_py']
[0.250s] Level 1:colcon.colcon_core.package_identification:_identify(src/openarmx_tools) by extension 'python_setup_py'
[0.250s] Level 1:colcon.colcon_core.package_identification:_identify(src/openarmx_tools/openarmx_gripper_panel) by extensions ['ignore', 'ignore_ament_install']
[0.250s] Level 1:colcon.colcon_core.package_identification:_identify(src/openarmx_tools/openarmx_gripper_panel) by extension 'ignore'
[0.250s] Level 1:colcon.colcon_core.package_identification:_identify(src/openarmx_tools/openarmx_gripper_panel) by extension 'ignore_ament_install'
[0.250s] Level 1:colcon.colcon_core.package_identification:_identify(src/openarmx_tools/openarmx_gripper_panel) by extensions ['colcon_pkg']
[0.250s] Level 1:colcon.colcon_core.package_identification:_identify(src/openarmx_tools/openarmx_gripper_panel) by extension 'colcon_pkg'
[0.250s] Level 1:colcon.colcon_core.package_identification:_identify(src/openarmx_tools/openarmx_gripper_panel) by extensions ['colcon_meta']
[0.250s] Level 1:colcon.colcon_core.package_identification:_identify(src/openarmx_tools/openarmx_gripper_panel) by extension 'colcon_meta'
[0.250s] Level 1:colcon.colcon_core.package_identification:_identify(src/openarmx_tools/openarmx_gripper_panel) by extensions ['ros']
[0.250s] Level 1:colcon.colcon_core.package_identification:_identify(src/openarmx_tools/openarmx_gripper_panel) by extension 'ros'
[0.251s] DEBUG:colcon.colcon_core.package_identification:Package 'src/openarmx_tools/openarmx_gripper_panel' with type 'ros.ament_cmake' and name 'openarmx_gripper_panel'
[0.251s] Level 1:colcon.colcon_core.package_identification:_identify(src/openarmx_tools/openarmx_kp_kd_panel) by extensions ['ignore', 'ignore_ament_install']
[0.251s] Level 1:colcon.colcon_core.package_identification:_identify(src/openarmx_tools/openarmx_kp_kd_panel) by extension 'ignore'
[0.251s] Level 1:colcon.colcon_core.package_identification:_identify(src/openarmx_tools/openarmx_kp_kd_panel) by extension 'ignore_ament_install'
[0.251s] Level 1:colcon.colcon_core.package_identification:_identify(src/openarmx_tools/openarmx_kp_kd_panel) by extensions ['colcon_pkg']
[0.251s] Level 1:colcon.colcon_core.package_identification:_identify(src/openarmx_tools/openarmx_kp_kd_panel) by extension 'colcon_pkg'
[0.251s] Level 1:colcon.colcon_core.package_identification:_identify(src/openarmx_tools/openarmx_kp_kd_panel) by extensions ['colcon_meta']
[0.251s] Level 1:colcon.colcon_core.package_identification:_identify(src/openarmx_tools/openarmx_kp_kd_panel) by extension 'colcon_meta'
[0.251s] Level 1:colcon.colcon_core.package_identification:_identify(src/openarmx_tools/openarmx_kp_kd_panel) by extensions ['ros']
[0.251s] Level 1:colcon.colcon_core.package_identification:_identify(src/openarmx_tools/openarmx_kp_kd_panel) by extension 'ros'
[0.251s] DEBUG:colcon.colcon_core.package_identification:Package 'src/openarmx_tools/openarmx_kp_kd_panel' with type 'ros.ament_cmake' and name 'openarmx_kp_kd_panel'
[0.251s] Level 1:colcon.colcon_core.package_identification:_identify(src/openarmx_tools/openarmx_teach) by extensions ['ignore', 'ignore_ament_install']
[0.252s] Level 1:colcon.colcon_core.package_identification:_identify(src/openarmx_tools/openarmx_teach) by extension 'ignore'
[0.252s] Level 1:colcon.colcon_core.package_identification:_identify(src/openarmx_tools/openarmx_teach) by extension 'ignore_ament_install'
[0.252s] Level 1:colcon.colcon_core.package_identification:_identify(src/openarmx_tools/openarmx_teach) by extensions ['colcon_pkg']
[0.252s] Level 1:colcon.colcon_core.package_identification:_identify(src/openarmx_tools/openarmx_teach) by extension 'colcon_pkg'
[0.252s] Level 1:colcon.colcon_core.package_identification:_identify(src/openarmx_tools/openarmx_teach) by extensions ['colcon_meta']
[0.252s] Level 1:colcon.colcon_core.package_identification:_identify(src/openarmx_tools/openarmx_teach) by extension 'colcon_meta'
[0.252s] Level 1:colcon.colcon_core.package_identification:_identify(src/openarmx_tools/openarmx_teach) by extensions ['ros']
[0.252s] Level 1:colcon.colcon_core.package_identification:_identify(src/openarmx_tools/openarmx_teach) by extension 'ros'
[0.252s] DEBUG:colcon.colcon_core.package_identification:Package 'src/openarmx_tools/openarmx_teach' with type 'ros.ament_python' and name 'openarmx_teach'
[0.252s] Level 1:colcon.colcon_core.package_identification:_identify(src/使用说明书) by extensions ['ignore', 'ignore_ament_install']
[0.252s] Level 1:colcon.colcon_core.package_identification:_identify(src/使用说明书) by extension 'ignore'
[0.252s] Level 1:colcon.colcon_core.package_identification:_identify(src/使用说明书) by extension 'ignore_ament_install'
[0.252s] Level 1:colcon.colcon_core.package_identification:_identify(src/使用说明书) by extensions ['colcon_pkg']
[0.252s] Level 1:colcon.colcon_core.package_identification:_identify(src/使用说明书) by extension 'colcon_pkg'
[0.252s] Level 1:colcon.colcon_core.package_identification:_identify(src/使用说明书) by extensions ['colcon_meta']
[0.252s] Level 1:colcon.colcon_core.package_identification:_identify(src/使用说明书) by extension 'colcon_meta'
[0.252s] Level 1:colcon.colcon_core.package_identification:_identify(src/使用说明书) by extensions ['ros']
[0.252s] Level 1:colcon.colcon_core.package_identification:_identify(src/使用说明书) by extension 'ros'
[0.252s] Level 1:colcon.colcon_core.package_identification:_identify(src/使用说明书) by extensions ['cmake', 'python']
[0.252s] Level 1:colcon.colcon_core.package_identification:_identify(src/使用说明书) by extension 'cmake'
[0.252s] Level 1:colcon.colcon_core.package_identification:_identify(src/使用说明书) by extension 'python'
[0.252s] Level 1:colcon.colcon_core.package_identification:_identify(src/使用说明书) by extensions ['python_setup_py']
[0.252s] Level 1:colcon.colcon_core.package_identification:_identify(src/使用说明书) by extension 'python_setup_py'
[0.252s] Level 1:colcon.colcon_core.package_identification:_identify(src/使用说明书/00_安全声明) by extensions ['ignore', 'ignore_ament_install']
[0.252s] Level 1:colcon.colcon_core.package_identification:_identify(src/使用说明书/00_安全声明) by extension 'ignore'
[0.252s] Level 1:colcon.colcon_core.package_identification:_identify(src/使用说明书/00_安全声明) by extension 'ignore_ament_install'
[0.252s] Level 1:colcon.colcon_core.package_identification:_identify(src/使用说明书/00_安全声明) by extensions ['colcon_pkg']
[0.252s] Level 1:colcon.colcon_core.package_identification:_identify(src/使用说明书/00_安全声明) by extension 'colcon_pkg'
[0.252s] Level 1:colcon.colcon_core.package_identification:_identify(src/使用说明书/00_安全声明) by extensions ['colcon_meta']
[0.252s] Level 1:colcon.colcon_core.package_identification:_identify(src/使用说明书/00_安全声明) by extension 'colcon_meta'
[0.252s] Level 1:colcon.colcon_core.package_identification:_identify(src/使用说明书/00_安全声明) by extensions ['ros']
[0.252s] Level 1:colcon.colcon_core.package_identification:_identify(src/使用说明书/00_安全声明) by extension 'ros'
[0.252s] Level 1:colcon.colcon_core.package_identification:_identify(src/使用说明书/00_安全声明) by extensions ['cmake', 'python']
[0.252s] Level 1:colcon.colcon_core.package_identification:_identify(src/使用说明书/00_安全声明) by extension 'cmake'
[0.252s] Level 1:colcon.colcon_core.package_identification:_identify(src/使用说明书/00_安全声明) by extension 'python'
[0.252s] Level 1:colcon.colcon_core.package_identification:_identify(src/使用说明书/00_安全声明) by extensions ['python_setup_py']
[0.252s] Level 1:colcon.colcon_core.package_identification:_identify(src/使用说明书/00_安全声明) by extension 'python_setup_py'
[0.252s] Level 1:colcon.colcon_core.package_identification:_identify(src/使用说明书/01_系统概述) by extensions ['ignore', 'ignore_ament_install']
[0.252s] Level 1:colcon.colcon_core.package_identification:_identify(src/使用说明书/01_系统概述) by extension 'ignore'
[0.253s] Level 1:colcon.colcon_core.package_identification:_identify(src/使用说明书/01_系统概述) by extension 'ignore_ament_install'
[0.253s] Level 1:colcon.colcon_core.package_identification:_identify(src/使用说明书/01_系统概述) by extensions ['colcon_pkg']
[0.253s] Level 1:colcon.colcon_core.package_identification:_identify(src/使用说明书/01_系统概述) by extension 'colcon_pkg'
[0.253s] Level 1:colcon.colcon_core.package_identification:_identify(src/使用说明书/01_系统概述) by extensions ['colcon_meta']
[0.253s] Level 1:colcon.colcon_core.package_identification:_identify(src/使用说明书/01_系统概述) by extension 'colcon_meta'
[0.253s] Level 1:colcon.colcon_core.package_identification:_identify(src/使用说明书/01_系统概述) by extensions ['ros']
[0.253s] Level 1:colcon.colcon_core.package_identification:_identify(src/使用说明书/01_系统概述) by extension 'ros'
[0.253s] Level 1:colcon.colcon_core.package_identification:_identify(src/使用说明书/01_系统概述) by extensions ['cmake', 'python']
[0.253s] Level 1:colcon.colcon_core.package_identification:_identify(src/使用说明书/01_系统概述) by extension 'cmake'
[0.253s] Level 1:colcon.colcon_core.package_identification:_identify(src/使用说明书/01_系统概述) by extension 'python'
[0.253s] Level 1:colcon.colcon_core.package_identification:_identify(src/使用说明书/01_系统概述) by extensions ['python_setup_py']
[0.253s] Level 1:colcon.colcon_core.package_identification:_identify(src/使用说明书/01_系统概述) by extension 'python_setup_py'
[0.253s] Level 1:colcon.colcon_core.package_identification:_identify(src/使用说明书/02_环境准备) by extensions ['ignore', 'ignore_ament_install']
[0.253s] Level 1:colcon.colcon_core.package_identification:_identify(src/使用说明书/02_环境准备) by extension 'ignore'
[0.253s] Level 1:colcon.colcon_core.package_identification:_identify(src/使用说明书/02_环境准备) by extension 'ignore_ament_install'
[0.253s] Level 1:colcon.colcon_core.package_identification:_identify(src/使用说明书/02_环境准备) by extensions ['colcon_pkg']
[0.253s] Level 1:colcon.colcon_core.package_identification:_identify(src/使用说明书/02_环境准备) by extension 'colcon_pkg'
[0.253s] Level 1:colcon.colcon_core.package_identification:_identify(src/使用说明书/02_环境准备) by extensions ['colcon_meta']
[0.253s] Level 1:colcon.colcon_core.package_identification:_identify(src/使用说明书/02_环境准备) by extension 'colcon_meta'
[0.253s] Level 1:colcon.colcon_core.package_identification:_identify(src/使用说明书/02_环境准备) by extensions ['ros']
[0.253s] Level 1:colcon.colcon_core.package_identification:_identify(src/使用说明书/02_环境准备) by extension 'ros'
[0.253s] Level 1:colcon.colcon_core.package_identification:_identify(src/使用说明书/02_环境准备) by extensions ['cmake', 'python']
[0.253s] Level 1:colcon.colcon_core.package_identification:_identify(src/使用说明书/02_环境准备) by extension 'cmake'
[0.253s] Level 1:colcon.colcon_core.package_identification:_identify(src/使用说明书/02_环境准备) by extension 'python'
[0.253s] Level 1:colcon.colcon_core.package_identification:_identify(src/使用说明书/02_环境准备) by extensions ['python_setup_py']
[0.253s] Level 1:colcon.colcon_core.package_identification:_identify(src/使用说明书/02_环境准备) by extension 'python_setup_py'
[0.253s] Level 1:colcon.colcon_core.package_identification:_identify(src/使用说明书/03_硬件连接与配置) by extensions ['ignore', 'ignore_ament_install']
[0.253s] Level 1:colcon.colcon_core.package_identification:_identify(src/使用说明书/03_硬件连接与配置) by extension 'ignore'
[0.253s] Level 1:colcon.colcon_core.package_identification:_identify(src/使用说明书/03_硬件连接与配置) by extension 'ignore_ament_install'
[0.253s] Level 1:colcon.colcon_core.package_identification:_identify(src/使用说明书/03_硬件连接与配置) by extensions ['colcon_pkg']
[0.253s] Level 1:colcon.colcon_core.package_identification:_identify(src/使用说明书/03_硬件连接与配置) by extension 'colcon_pkg'
[0.253s] Level 1:colcon.colcon_core.package_identification:_identify(src/使用说明书/03_硬件连接与配置) by extensions ['colcon_meta']
[0.253s] Level 1:colcon.colcon_core.package_identification:_identify(src/使用说明书/03_硬件连接与配置) by extension 'colcon_meta'
[0.253s] Level 1:colcon.colcon_core.package_identification:_identify(src/使用说明书/03_硬件连接与配置) by extensions ['ros']
[0.253s] Level 1:colcon.colcon_core.package_identification:_identify(src/使用说明书/03_硬件连接与配置) by extension 'ros'
[0.253s] Level 1:colcon.colcon_core.package_identification:_identify(src/使用说明书/03_硬件连接与配置) by extensions ['cmake', 'python']
[0.253s] Level 1:colcon.colcon_core.package_identification:_identify(src/使用说明书/03_硬件连接与配置) by extension 'cmake'
[0.253s] Level 1:colcon.colcon_core.package_identification:_identify(src/使用说明书/03_硬件连接与配置) by extension 'python'
[0.253s] Level 1:colcon.colcon_core.package_identification:_identify(src/使用说明书/03_硬件连接与配置) by extensions ['python_setup_py']
[0.253s] Level 1:colcon.colcon_core.package_identification:_identify(src/使用说明书/03_硬件连接与配置) by extension 'python_setup_py'
[0.253s] Level 1:colcon.colcon_core.package_identification:_identify(src/使用说明书/04_电机测试与调试) by extensions ['ignore', 'ignore_ament_install']
[0.253s] Level 1:colcon.colcon_core.package_identification:_identify(src/使用说明书/04_电机测试与调试) by extension 'ignore'
[0.253s] Level 1:colcon.colcon_core.package_identification:_identify(src/使用说明书/04_电机测试与调试) by extension 'ignore_ament_install'
[0.253s] Level 1:colcon.colcon_core.package_identification:_identify(src/使用说明书/04_电机测试与调试) by extensions ['colcon_pkg']
[0.253s] Level 1:colcon.colcon_core.package_identification:_identify(src/使用说明书/04_电机测试与调试) by extension 'colcon_pkg'
[0.253s] Level 1:colcon.colcon_core.package_identification:_identify(src/使用说明书/04_电机测试与调试) by extensions ['colcon_meta']
[0.253s] Level 1:colcon.colcon_core.package_identification:_identify(src/使用说明书/04_电机测试与调试) by extension 'colcon_meta'
[0.253s] Level 1:colcon.colcon_core.package_identification:_identify(src/使用说明书/04_电机测试与调试) by extensions ['ros']
[0.253s] Level 1:colcon.colcon_core.package_identification:_identify(src/使用说明书/04_电机测试与调试) by extension 'ros'
[0.253s] Level 1:colcon.colcon_core.package_identification:_identify(src/使用说明书/04_电机测试与调试) by extensions ['cmake', 'python']
[0.253s] Level 1:colcon.colcon_core.package_identification:_identify(src/使用说明书/04_电机测试与调试) by extension 'cmake'
[0.253s] Level 1:colcon.colcon_core.package_identification:_identify(src/使用说明书/04_电机测试与调试) by extension 'python'
[0.254s] Level 1:colcon.colcon_core.package_identification:_identify(src/使用说明书/04_电机测试与调试) by extensions ['python_setup_py']
[0.254s] Level 1:colcon.colcon_core.package_identification:_identify(src/使用说明书/04_电机测试与调试) by extension 'python_setup_py'
[0.254s] Level 1:colcon.colcon_core.package_identification:_identify(src/使用说明书/05_MoveIt运动规划) by extensions ['ignore', 'ignore_ament_install']
[0.254s] Level 1:colcon.colcon_core.package_identification:_identify(src/使用说明书/05_MoveIt运动规划) by extension 'ignore'
[0.254s] Level 1:colcon.colcon_core.package_identification:_identify(src/使用说明书/05_MoveIt运动规划) by extension 'ignore_ament_install'
[0.254s] Level 1:colcon.colcon_core.package_identification:_identify(src/使用说明书/05_MoveIt运动规划) by extensions ['colcon_pkg']
[0.254s] Level 1:colcon.colcon_core.package_identification:_identify(src/使用说明书/05_MoveIt运动规划) by extension 'colcon_pkg'
[0.254s] Level 1:colcon.colcon_core.package_identification:_identify(src/使用说明书/05_MoveIt运动规划) by extensions ['colcon_meta']
[0.254s] Level 1:colcon.colcon_core.package_identification:_identify(src/使用说明书/05_MoveIt运动规划) by extension 'colcon_meta'
[0.254s] Level 1:colcon.colcon_core.package_identification:_identify(src/使用说明书/05_MoveIt运动规划) by extensions ['ros']
[0.254s] Level 1:colcon.colcon_core.package_identification:_identify(src/使用说明书/05_MoveIt运动规划) by extension 'ros'
[0.254s] Level 1:colcon.colcon_core.package_identification:_identify(src/使用说明书/05_MoveIt运动规划) by extensions ['cmake', 'python']
[0.254s] Level 1:colcon.colcon_core.package_identification:_identify(src/使用说明书/05_MoveIt运动规划) by extension 'cmake'
[0.254s] Level 1:colcon.colcon_core.package_identification:_identify(src/使用说明书/05_MoveIt运动规划) by extension 'python'
[0.254s] Level 1:colcon.colcon_core.package_identification:_identify(src/使用说明书/05_MoveIt运动规划) by extensions ['python_setup_py']
[0.254s] Level 1:colcon.colcon_core.package_identification:_identify(src/使用说明书/05_MoveIt运动规划) by extension 'python_setup_py'
[0.254s] Level 1:colcon.colcon_core.package_identification:_identify(src/使用说明书/06_轨迹录制与回放) by extensions ['ignore', 'ignore_ament_install']
[0.254s] Level 1:colcon.colcon_core.package_identification:_identify(src/使用说明书/06_轨迹录制与回放) by extension 'ignore'
[0.254s] Level 1:colcon.colcon_core.package_identification:_identify(src/使用说明书/06_轨迹录制与回放) by extension 'ignore_ament_install'
[0.254s] Level 1:colcon.colcon_core.package_identification:_identify(src/使用说明书/06_轨迹录制与回放) by extensions ['colcon_pkg']
[0.254s] Level 1:colcon.colcon_core.package_identification:_identify(src/使用说明书/06_轨迹录制与回放) by extension 'colcon_pkg'
[0.254s] Level 1:colcon.colcon_core.package_identification:_identify(src/使用说明书/06_轨迹录制与回放) by extensions ['colcon_meta']
[0.254s] Level 1:colcon.colcon_core.package_identification:_identify(src/使用说明书/06_轨迹录制与回放) by extension 'colcon_meta'
[0.254s] Level 1:colcon.colcon_core.package_identification:_identify(src/使用说明书/06_轨迹录制与回放) by extensions ['ros']
[0.254s] Level 1:colcon.colcon_core.package_identification:_identify(src/使用说明书/06_轨迹录制与回放) by extension 'ros'
[0.254s] Level 1:colcon.colcon_core.package_identification:_identify(src/使用说明书/06_轨迹录制与回放) by extensions ['cmake', 'python']
[0.254s] Level 1:colcon.colcon_core.package_identification:_identify(src/使用说明书/06_轨迹录制与回放) by extension 'cmake'
[0.254s] Level 1:colcon.colcon_core.package_identification:_identify(src/使用说明书/06_轨迹录制与回放) by extension 'python'
[0.254s] Level 1:colcon.colcon_core.package_identification:_identify(src/使用说明书/06_轨迹录制与回放) by extensions ['python_setup_py']
[0.254s] Level 1:colcon.colcon_core.package_identification:_identify(src/使用说明书/06_轨迹录制与回放) by extension 'python_setup_py'
[0.254s] Level 1:colcon.colcon_core.package_identification:_identify(src/使用说明书/07_控制器配置) by extensions ['ignore', 'ignore_ament_install']
[0.254s] Level 1:colcon.colcon_core.package_identification:_identify(src/使用说明书/07_控制器配置) by extension 'ignore'
[0.254s] Level 1:colcon.colcon_core.package_identification:_identify(src/使用说明书/07_控制器配置) by extension 'ignore_ament_install'
[0.254s] Level 1:colcon.colcon_core.package_identification:_identify(src/使用说明书/07_控制器配置) by extensions ['colcon_pkg']
[0.254s] Level 1:colcon.colcon_core.package_identification:_identify(src/使用说明书/07_控制器配置) by extension 'colcon_pkg'
[0.254s] Level 1:colcon.colcon_core.package_identification:_identify(src/使用说明书/07_控制器配置) by extensions ['colcon_meta']
[0.254s] Level 1:colcon.colcon_core.package_identification:_identify(src/使用说明书/07_控制器配置) by extension 'colcon_meta'
[0.254s] Level 1:colcon.colcon_core.package_identification:_identify(src/使用说明书/07_控制器配置) by extensions ['ros']
[0.254s] Level 1:colcon.colcon_core.package_identification:_identify(src/使用说明书/07_控制器配置) by extension 'ros'
[0.254s] Level 1:colcon.colcon_core.package_identification:_identify(src/使用说明书/07_控制器配置) by extensions ['cmake', 'python']
[0.254s] Level 1:colcon.colcon_core.package_identification:_identify(src/使用说明书/07_控制器配置) by extension 'cmake'
[0.254s] Level 1:colcon.colcon_core.package_identification:_identify(src/使用说明书/07_控制器配置) by extension 'python'
[0.254s] Level 1:colcon.colcon_core.package_identification:_identify(src/使用说明书/07_控制器配置) by extensions ['python_setup_py']
[0.254s] Level 1:colcon.colcon_core.package_identification:_identify(src/使用说明书/07_控制器配置) by extension 'python_setup_py'
[0.254s] Level 1:colcon.colcon_core.package_identification:_identify(src/使用说明书/08_高级应用) by extensions ['ignore', 'ignore_ament_install']
[0.254s] Level 1:colcon.colcon_core.package_identification:_identify(src/使用说明书/08_高级应用) by extension 'ignore'
[0.254s] Level 1:colcon.colcon_core.package_identification:_identify(src/使用说明书/08_高级应用) by extension 'ignore_ament_install'
[0.254s] Level 1:colcon.colcon_core.package_identification:_identify(src/使用说明书/08_高级应用) by extensions ['colcon_pkg']
[0.254s] Level 1:colcon.colcon_core.package_identification:_identify(src/使用说明书/08_高级应用) by extension 'colcon_pkg'
[0.254s] Level 1:colcon.colcon_core.package_identification:_identify(src/使用说明书/08_高级应用) by extensions ['colcon_meta']
[0.254s] Level 1:colcon.colcon_core.package_identification:_identify(src/使用说明书/08_高级应用) by extension 'colcon_meta'
[0.254s] Level 1:colcon.colcon_core.package_identification:_identify(src/使用说明书/08_高级应用) by extensions ['ros']
[0.254s] Level 1:colcon.colcon_core.package_identification:_identify(src/使用说明书/08_高级应用) by extension 'ros'
[0.255s] Level 1:colcon.colcon_core.package_identification:_identify(src/使用说明书/08_高级应用) by extensions ['cmake', 'python']
[0.255s] Level 1:colcon.colcon_core.package_identification:_identify(src/使用说明书/08_高级应用) by extension 'cmake'
[0.255s] Level 1:colcon.colcon_core.package_identification:_identify(src/使用说明书/08_高级应用) by extension 'python'
[0.255s] Level 1:colcon.colcon_core.package_identification:_identify(src/使用说明书/08_高级应用) by extensions ['python_setup_py']
[0.255s] Level 1:colcon.colcon_core.package_identification:_identify(src/使用说明书/08_高级应用) by extension 'python_setup_py'
[0.255s] Level 1:colcon.colcon_core.package_identification:_identify(src/使用说明书/09_故障排查) by extensions ['ignore', 'ignore_ament_install']
[0.255s] Level 1:colcon.colcon_core.package_identification:_identify(src/使用说明书/09_故障排查) by extension 'ignore'
[0.255s] Level 1:colcon.colcon_core.package_identification:_identify(src/使用说明书/09_故障排查) by extension 'ignore_ament_install'
[0.255s] Level 1:colcon.colcon_core.package_identification:_identify(src/使用说明书/09_故障排查) by extensions ['colcon_pkg']
[0.255s] Level 1:colcon.colcon_core.package_identification:_identify(src/使用说明书/09_故障排查) by extension 'colcon_pkg'
[0.255s] Level 1:colcon.colcon_core.package_identification:_identify(src/使用说明书/09_故障排查) by extensions ['colcon_meta']
[0.255s] Level 1:colcon.colcon_core.package_identification:_identify(src/使用说明书/09_故障排查) by extension 'colcon_meta'
[0.255s] Level 1:colcon.colcon_core.package_identification:_identify(src/使用说明书/09_故障排查) by extensions ['ros']
[0.255s] Level 1:colcon.colcon_core.package_identification:_identify(src/使用说明书/09_故障排查) by extension 'ros'
[0.255s] Level 1:colcon.colcon_core.package_identification:_identify(src/使用说明书/09_故障排查) by extensions ['cmake', 'python']
[0.255s] Level 1:colcon.colcon_core.package_identification:_identify(src/使用说明书/09_故障排查) by extension 'cmake'
[0.255s] Level 1:colcon.colcon_core.package_identification:_identify(src/使用说明书/09_故障排查) by extension 'python'
[0.255s] Level 1:colcon.colcon_core.package_identification:_identify(src/使用说明书/09_故障排查) by extensions ['python_setup_py']
[0.255s] Level 1:colcon.colcon_core.package_identification:_identify(src/使用说明书/09_故障排查) by extension 'python_setup_py'
[0.255s] Level 1:colcon.colcon_core.package_identification:_identify(src/使用说明书/10_开发者指南) by extensions ['ignore', 'ignore_ament_install']
[0.255s] Level 1:colcon.colcon_core.package_identification:_identify(src/使用说明书/10_开发者指南) by extension 'ignore'
[0.255s] Level 1:colcon.colcon_core.package_identification:_identify(src/使用说明书/10_开发者指南) by extension 'ignore_ament_install'
[0.255s] Level 1:colcon.colcon_core.package_identification:_identify(src/使用说明书/10_开发者指南) by extensions ['colcon_pkg']
[0.255s] Level 1:colcon.colcon_core.package_identification:_identify(src/使用说明书/10_开发者指南) by extension 'colcon_pkg'
[0.255s] Level 1:colcon.colcon_core.package_identification:_identify(src/使用说明书/10_开发者指南) by extensions ['colcon_meta']
[0.255s] Level 1:colcon.colcon_core.package_identification:_identify(src/使用说明书/10_开发者指南) by extension 'colcon_meta'
[0.255s] Level 1:colcon.colcon_core.package_identification:_identify(src/使用说明书/10_开发者指南) by extensions ['ros']
[0.255s] Level 1:colcon.colcon_core.package_identification:_identify(src/使用说明书/10_开发者指南) by extension 'ros'
[0.255s] Level 1:colcon.colcon_core.package_identification:_identify(src/使用说明书/10_开发者指南) by extensions ['cmake', 'python']
[0.255s] Level 1:colcon.colcon_core.package_identification:_identify(src/使用说明书/10_开发者指南) by extension 'cmake'
[0.255s] Level 1:colcon.colcon_core.package_identification:_identify(src/使用说明书/10_开发者指南) by extension 'python'
[0.255s] Level 1:colcon.colcon_core.package_identification:_identify(src/使用说明书/10_开发者指南) by extensions ['python_setup_py']
[0.255s] Level 1:colcon.colcon_core.package_identification:_identify(src/使用说明书/10_开发者指南) by extension 'python_setup_py'
[0.255s] Level 1:colcon.colcon_core.package_identification:_identify(src/使用说明书/11_附录) by extensions ['ignore', 'ignore_ament_install']
[0.255s] Level 1:colcon.colcon_core.package_identification:_identify(src/使用说明书/11_附录) by extension 'ignore'
[0.255s] Level 1:colcon.colcon_core.package_identification:_identify(src/使用说明书/11_附录) by extension 'ignore_ament_install'
[0.255s] Level 1:colcon.colcon_core.package_identification:_identify(src/使用说明书/11_附录) by extensions ['colcon_pkg']
[0.255s] Level 1:colcon.colcon_core.package_identification:_identify(src/使用说明书/11_附录) by extension 'colcon_pkg'
[0.255s] Level 1:colcon.colcon_core.package_identification:_identify(src/使用说明书/11_附录) by extensions ['colcon_meta']
[0.255s] Level 1:colcon.colcon_core.package_identification:_identify(src/使用说明书/11_附录) by extension 'colcon_meta'
[0.255s] Level 1:colcon.colcon_core.package_identification:_identify(src/使用说明书/11_附录) by extensions ['ros']
[0.255s] Level 1:colcon.colcon_core.package_identification:_identify(src/使用说明书/11_附录) by extension 'ros'
[0.255s] Level 1:colcon.colcon_core.package_identification:_identify(src/使用说明书/11_附录) by extensions ['cmake', 'python']
[0.255s] Level 1:colcon.colcon_core.package_identification:_identify(src/使用说明书/11_附录) by extension 'cmake'
[0.255s] Level 1:colcon.colcon_core.package_identification:_identify(src/使用说明书/11_附录) by extension 'python'
[0.255s] Level 1:colcon.colcon_core.package_identification:_identify(src/使用说明书/11_附录) by extensions ['python_setup_py']
[0.255s] Level 1:colcon.colcon_core.package_identification:_identify(src/使用说明书/11_附录) by extension 'python_setup_py'
[0.255s] Level 1:colcon.colcon_core.package_identification:_identify(src/使用说明书/temp_clean_numbers) by extensions ['ignore', 'ignore_ament_install']
[0.255s] Level 1:colcon.colcon_core.package_identification:_identify(src/使用说明书/temp_clean_numbers) by extension 'ignore'
[0.256s] Level 1:colcon.colcon_core.package_identification:_identify(src/使用说明书/temp_clean_numbers) by extension 'ignore_ament_install'
[0.256s] Level 1:colcon.colcon_core.package_identification:_identify(src/使用说明书/temp_clean_numbers) by extensions ['colcon_pkg']
[0.256s] Level 1:colcon.colcon_core.package_identification:_identify(src/使用说明书/temp_clean_numbers) by extension 'colcon_pkg'
[0.256s] Level 1:colcon.colcon_core.package_identification:_identify(src/使用说明书/temp_clean_numbers) by extensions ['colcon_meta']
[0.256s] Level 1:colcon.colcon_core.package_identification:_identify(src/使用说明书/temp_clean_numbers) by extension 'colcon_meta'
[0.256s] Level 1:colcon.colcon_core.package_identification:_identify(src/使用说明书/temp_clean_numbers) by extensions ['ros']
[0.256s] Level 1:colcon.colcon_core.package_identification:_identify(src/使用说明书/temp_clean_numbers) by extension 'ros'
[0.256s] Level 1:colcon.colcon_core.package_identification:_identify(src/使用说明书/temp_clean_numbers) by extensions ['cmake', 'python']
[0.256s] Level 1:colcon.colcon_core.package_identification:_identify(src/使用说明书/temp_clean_numbers) by extension 'cmake'
[0.256s] Level 1:colcon.colcon_core.package_identification:_identify(src/使用说明书/temp_clean_numbers) by extension 'python'
[0.256s] Level 1:colcon.colcon_core.package_identification:_identify(src/使用说明书/temp_clean_numbers) by extensions ['python_setup_py']
[0.256s] Level 1:colcon.colcon_core.package_identification:_identify(src/使用说明书/temp_clean_numbers) by extension 'python_setup_py'
[0.256s] Level 1:colcon.colcon_core.package_identification:_identify(src/使用说明书/temp_clean_numbers/00_安全声明) by extensions ['ignore', 'ignore_ament_install']
[0.256s] Level 1:colcon.colcon_core.package_identification:_identify(src/使用说明书/temp_clean_numbers/00_安全声明) by extension 'ignore'
[0.256s] Level 1:colcon.colcon_core.package_identification:_identify(src/使用说明书/temp_clean_numbers/00_安全声明) by extension 'ignore_ament_install'
[0.256s] Level 1:colcon.colcon_core.package_identification:_identify(src/使用说明书/temp_clean_numbers/00_安全声明) by extensions ['colcon_pkg']
[0.256s] Level 1:colcon.colcon_core.package_identification:_identify(src/使用说明书/temp_clean_numbers/00_安全声明) by extension 'colcon_pkg'
[0.256s] Level 1:colcon.colcon_core.package_identification:_identify(src/使用说明书/temp_clean_numbers/00_安全声明) by extensions ['colcon_meta']
[0.256s] Level 1:colcon.colcon_core.package_identification:_identify(src/使用说明书/temp_clean_numbers/00_安全声明) by extension 'colcon_meta'
[0.256s] Level 1:colcon.colcon_core.package_identification:_identify(src/使用说明书/temp_clean_numbers/00_安全声明) by extensions ['ros']
[0.256s] Level 1:colcon.colcon_core.package_identification:_identify(src/使用说明书/temp_clean_numbers/00_安全声明) by extension 'ros'
[0.256s] Level 1:colcon.colcon_core.package_identification:_identify(src/使用说明书/temp_clean_numbers/00_安全声明) by extensions ['cmake', 'python']
[0.256s] Level 1:colcon.colcon_core.package_identification:_identify(src/使用说明书/temp_clean_numbers/00_安全声明) by extension 'cmake'
[0.256s] Level 1:colcon.colcon_core.package_identification:_identify(src/使用说明书/temp_clean_numbers/00_安全声明) by extension 'python'
[0.256s] Level 1:colcon.colcon_core.package_identification:_identify(src/使用说明书/temp_clean_numbers/00_安全声明) by extensions ['python_setup_py']
[0.256s] Level 1:colcon.colcon_core.package_identification:_identify(src/使用说明书/temp_clean_numbers/00_安全声明) by extension 'python_setup_py'
[0.256s] Level 1:colcon.colcon_core.package_identification:_identify(src/使用说明书/temp_clean_numbers/01_系统概述) by extensions ['ignore', 'ignore_ament_install']
[0.256s] Level 1:colcon.colcon_core.package_identification:_identify(src/使用说明书/temp_clean_numbers/01_系统概述) by extension 'ignore'
[0.256s] Level 1:colcon.colcon_core.package_identification:_identify(src/使用说明书/temp_clean_numbers/01_系统概述) by extension 'ignore_ament_install'
[0.256s] Level 1:colcon.colcon_core.package_identification:_identify(src/使用说明书/temp_clean_numbers/01_系统概述) by extensions ['colcon_pkg']
[0.256s] Level 1:colcon.colcon_core.package_identification:_identify(src/使用说明书/temp_clean_numbers/01_系统概述) by extension 'colcon_pkg'
[0.256s] Level 1:colcon.colcon_core.package_identification:_identify(src/使用说明书/temp_clean_numbers/01_系统概述) by extensions ['colcon_meta']
[0.256s] Level 1:colcon.colcon_core.package_identification:_identify(src/使用说明书/temp_clean_numbers/01_系统概述) by extension 'colcon_meta'
[0.256s] Level 1:colcon.colcon_core.package_identification:_identify(src/使用说明书/temp_clean_numbers/01_系统概述) by extensions ['ros']
[0.256s] Level 1:colcon.colcon_core.package_identification:_identify(src/使用说明书/temp_clean_numbers/01_系统概述) by extension 'ros'
[0.256s] Level 1:colcon.colcon_core.package_identification:_identify(src/使用说明书/temp_clean_numbers/01_系统概述) by extensions ['cmake', 'python']
[0.256s] Level 1:colcon.colcon_core.package_identification:_identify(src/使用说明书/temp_clean_numbers/01_系统概述) by extension 'cmake'
[0.256s] Level 1:colcon.colcon_core.package_identification:_identify(src/使用说明书/temp_clean_numbers/01_系统概述) by extension 'python'
[0.256s] Level 1:colcon.colcon_core.package_identification:_identify(src/使用说明书/temp_clean_numbers/01_系统概述) by extensions ['python_setup_py']
[0.256s] Level 1:colcon.colcon_core.package_identification:_identify(src/使用说明书/temp_clean_numbers/01_系统概述) by extension 'python_setup_py'
[0.256s] Level 1:colcon.colcon_core.package_identification:_identify(src/使用说明书/temp_clean_numbers/02_环境准备) by extensions ['ignore', 'ignore_ament_install']
[0.256s] Level 1:colcon.colcon_core.package_identification:_identify(src/使用说明书/temp_clean_numbers/02_环境准备) by extension 'ignore'
[0.256s] Level 1:colcon.colcon_core.package_identification:_identify(src/使用说明书/temp_clean_numbers/02_环境准备) by extension 'ignore_ament_install'
[0.256s] Level 1:colcon.colcon_core.package_identification:_identify(src/使用说明书/temp_clean_numbers/02_环境准备) by extensions ['colcon_pkg']
[0.256s] Level 1:colcon.colcon_core.package_identification:_identify(src/使用说明书/temp_clean_numbers/02_环境准备) by extension 'colcon_pkg'
[0.256s] Level 1:colcon.colcon_core.package_identification:_identify(src/使用说明书/temp_clean_numbers/02_环境准备) by extensions ['colcon_meta']
[0.256s] Level 1:colcon.colcon_core.package_identification:_identify(src/使用说明书/temp_clean_numbers/02_环境准备) by extension 'colcon_meta'
[0.256s] Level 1:colcon.colcon_core.package_identification:_identify(src/使用说明书/temp_clean_numbers/02_环境准备) by extensions ['ros']
[0.256s] Level 1:colcon.colcon_core.package_identification:_identify(src/使用说明书/temp_clean_numbers/02_环境准备) by extension 'ros'
[0.256s] Level 1:colcon.colcon_core.package_identification:_identify(src/使用说明书/temp_clean_numbers/02_环境准备) by extensions ['cmake', 'python']
[0.256s] Level 1:colcon.colcon_core.package_identification:_identify(src/使用说明书/temp_clean_numbers/02_环境准备) by extension 'cmake'
[0.256s] Level 1:colcon.colcon_core.package_identification:_identify(src/使用说明书/temp_clean_numbers/02_环境准备) by extension 'python'
[0.256s] Level 1:colcon.colcon_core.package_identification:_identify(src/使用说明书/temp_clean_numbers/02_环境准备) by extensions ['python_setup_py']
[0.256s] Level 1:colcon.colcon_core.package_identification:_identify(src/使用说明书/temp_clean_numbers/02_环境准备) by extension 'python_setup_py'
[0.257s] Level 1:colcon.colcon_core.package_identification:_identify(src/使用说明书/temp_clean_numbers/03_硬件连接与配置) by extensions ['ignore', 'ignore_ament_install']
[0.257s] Level 1:colcon.colcon_core.package_identification:_identify(src/使用说明书/temp_clean_numbers/03_硬件连接与配置) by extension 'ignore'
[0.257s] Level 1:colcon.colcon_core.package_identification:_identify(src/使用说明书/temp_clean_numbers/03_硬件连接与配置) by extension 'ignore_ament_install'
[0.257s] Level 1:colcon.colcon_core.package_identification:_identify(src/使用说明书/temp_clean_numbers/03_硬件连接与配置) by extensions ['colcon_pkg']
[0.257s] Level 1:colcon.colcon_core.package_identification:_identify(src/使用说明书/temp_clean_numbers/03_硬件连接与配置) by extension 'colcon_pkg'
[0.257s] Level 1:colcon.colcon_core.package_identification:_identify(src/使用说明书/temp_clean_numbers/03_硬件连接与配置) by extensions ['colcon_meta']
[0.257s] Level 1:colcon.colcon_core.package_identification:_identify(src/使用说明书/temp_clean_numbers/03_硬件连接与配置) by extension 'colcon_meta'
[0.257s] Level 1:colcon.colcon_core.package_identification:_identify(src/使用说明书/temp_clean_numbers/03_硬件连接与配置) by extensions ['ros']
[0.257s] Level 1:colcon.colcon_core.package_identification:_identify(src/使用说明书/temp_clean_numbers/03_硬件连接与配置) by extension 'ros'
[0.257s] Level 1:colcon.colcon_core.package_identification:_identify(src/使用说明书/temp_clean_numbers/03_硬件连接与配置) by extensions ['cmake', 'python']
[0.257s] Level 1:colcon.colcon_core.package_identification:_identify(src/使用说明书/temp_clean_numbers/03_硬件连接与配置) by extension 'cmake'
[0.257s] Level 1:colcon.colcon_core.package_identification:_identify(src/使用说明书/temp_clean_numbers/03_硬件连接与配置) by extension 'python'
[0.257s] Level 1:colcon.colcon_core.package_identification:_identify(src/使用说明书/temp_clean_numbers/03_硬件连接与配置) by extensions ['python_setup_py']
[0.257s] Level 1:colcon.colcon_core.package_identification:_identify(src/使用说明书/temp_clean_numbers/03_硬件连接与配置) by extension 'python_setup_py'
[0.257s] Level 1:colcon.colcon_core.package_identification:_identify(src/使用说明书/temp_clean_numbers/04_电机测试与调试) by extensions ['ignore', 'ignore_ament_install']
[0.257s] Level 1:colcon.colcon_core.package_identification:_identify(src/使用说明书/temp_clean_numbers/04_电机测试与调试) by extension 'ignore'
[0.257s] Level 1:colcon.colcon_core.package_identification:_identify(src/使用说明书/temp_clean_numbers/04_电机测试与调试) by extension 'ignore_ament_install'
[0.257s] Level 1:colcon.colcon_core.package_identification:_identify(src/使用说明书/temp_clean_numbers/04_电机测试与调试) by extensions ['colcon_pkg']
[0.257s] Level 1:colcon.colcon_core.package_identification:_identify(src/使用说明书/temp_clean_numbers/04_电机测试与调试) by extension 'colcon_pkg'
[0.257s] Level 1:colcon.colcon_core.package_identification:_identify(src/使用说明书/temp_clean_numbers/04_电机测试与调试) by extensions ['colcon_meta']
[0.257s] Level 1:colcon.colcon_core.package_identification:_identify(src/使用说明书/temp_clean_numbers/04_电机测试与调试) by extension 'colcon_meta'
[0.257s] Level 1:colcon.colcon_core.package_identification:_identify(src/使用说明书/temp_clean_numbers/04_电机测试与调试) by extensions ['ros']
[0.257s] Level 1:colcon.colcon_core.package_identification:_identify(src/使用说明书/temp_clean_numbers/04_电机测试与调试) by extension 'ros'
[0.257s] Level 1:colcon.colcon_core.package_identification:_identify(src/使用说明书/temp_clean_numbers/04_电机测试与调试) by extensions ['cmake', 'python']
[0.257s] Level 1:colcon.colcon_core.package_identification:_identify(src/使用说明书/temp_clean_numbers/04_电机测试与调试) by extension 'cmake'
[0.257s] Level 1:colcon.colcon_core.package_identification:_identify(src/使用说明书/temp_clean_numbers/04_电机测试与调试) by extension 'python'
[0.257s] Level 1:colcon.colcon_core.package_identification:_identify(src/使用说明书/temp_clean_numbers/04_电机测试与调试) by extensions ['python_setup_py']
[0.257s] Level 1:colcon.colcon_core.package_identification:_identify(src/使用说明书/temp_clean_numbers/04_电机测试与调试) by extension 'python_setup_py'
[0.257s] Level 1:colcon.colcon_core.package_identification:_identify(src/使用说明书/temp_clean_numbers/05_MoveIt运动规划) by extensions ['ignore', 'ignore_ament_install']
[0.257s] Level 1:colcon.colcon_core.package_identification:_identify(src/使用说明书/temp_clean_numbers/05_MoveIt运动规划) by extension 'ignore'
[0.257s] Level 1:colcon.colcon_core.package_identification:_identify(src/使用说明书/temp_clean_numbers/05_MoveIt运动规划) by extension 'ignore_ament_install'
[0.257s] Level 1:colcon.colcon_core.package_identification:_identify(src/使用说明书/temp_clean_numbers/05_MoveIt运动规划) by extensions ['colcon_pkg']
[0.257s] Level 1:colcon.colcon_core.package_identification:_identify(src/使用说明书/temp_clean_numbers/05_MoveIt运动规划) by extension 'colcon_pkg'
[0.257s] Level 1:colcon.colcon_core.package_identification:_identify(src/使用说明书/temp_clean_numbers/05_MoveIt运动规划) by extensions ['colcon_meta']
[0.257s] Level 1:colcon.colcon_core.package_identification:_identify(src/使用说明书/temp_clean_numbers/05_MoveIt运动规划) by extension 'colcon_meta'
[0.257s] Level 1:colcon.colcon_core.package_identification:_identify(src/使用说明书/temp_clean_numbers/05_MoveIt运动规划) by extensions ['ros']
[0.257s] Level 1:colcon.colcon_core.package_identification:_identify(src/使用说明书/temp_clean_numbers/05_MoveIt运动规划) by extension 'ros'
[0.257s] Level 1:colcon.colcon_core.package_identification:_identify(src/使用说明书/temp_clean_numbers/05_MoveIt运动规划) by extensions ['cmake', 'python']
[0.257s] Level 1:colcon.colcon_core.package_identification:_identify(src/使用说明书/temp_clean_numbers/05_MoveIt运动规划) by extension 'cmake'
[0.257s] Level 1:colcon.colcon_core.package_identification:_identify(src/使用说明书/temp_clean_numbers/05_MoveIt运动规划) by extension 'python'
[0.257s] Level 1:colcon.colcon_core.package_identification:_identify(src/使用说明书/temp_clean_numbers/05_MoveIt运动规划) by extensions ['python_setup_py']
[0.257s] Level 1:colcon.colcon_core.package_identification:_identify(src/使用说明书/temp_clean_numbers/05_MoveIt运动规划) by extension 'python_setup_py'
[0.257s] Level 1:colcon.colcon_core.package_identification:_identify(src/使用说明书/temp_clean_numbers/06_轨迹录制与回放) by extensions ['ignore', 'ignore_ament_install']
[0.257s] Level 1:colcon.colcon_core.package_identification:_identify(src/使用说明书/temp_clean_numbers/06_轨迹录制与回放) by extension 'ignore'
[0.257s] Level 1:colcon.colcon_core.package_identification:_identify(src/使用说明书/temp_clean_numbers/06_轨迹录制与回放) by extension 'ignore_ament_install'
[0.257s] Level 1:colcon.colcon_core.package_identification:_identify(src/使用说明书/temp_clean_numbers/06_轨迹录制与回放) by extensions ['colcon_pkg']
[0.257s] Level 1:colcon.colcon_core.package_identification:_identify(src/使用说明书/temp_clean_numbers/06_轨迹录制与回放) by extension 'colcon_pkg'
[0.257s] Level 1:colcon.colcon_core.package_identification:_identify(src/使用说明书/temp_clean_numbers/06_轨迹录制与回放) by extensions ['colcon_meta']
[0.257s] Level 1:colcon.colcon_core.package_identification:_identify(src/使用说明书/temp_clean_numbers/06_轨迹录制与回放) by extension 'colcon_meta'
[0.257s] Level 1:colcon.colcon_core.package_identification:_identify(src/使用说明书/temp_clean_numbers/06_轨迹录制与回放) by extensions ['ros']
[0.257s] Level 1:colcon.colcon_core.package_identification:_identify(src/使用说明书/temp_clean_numbers/06_轨迹录制与回放) by extension 'ros'
[0.257s] Level 1:colcon.colcon_core.package_identification:_identify(src/使用说明书/temp_clean_numbers/06_轨迹录制与回放) by extensions ['cmake', 'python']
[0.258s] Level 1:colcon.colcon_core.package_identification:_identify(src/使用说明书/temp_clean_numbers/06_轨迹录制与回放) by extension 'cmake'
[0.258s] Level 1:colcon.colcon_core.package_identification:_identify(src/使用说明书/temp_clean_numbers/06_轨迹录制与回放) by extension 'python'
[0.258s] Level 1:colcon.colcon_core.package_identification:_identify(src/使用说明书/temp_clean_numbers/06_轨迹录制与回放) by extensions ['python_setup_py']
[0.258s] Level 1:colcon.colcon_core.package_identification:_identify(src/使用说明书/temp_clean_numbers/06_轨迹录制与回放) by extension 'python_setup_py'
[0.258s] Level 1:colcon.colcon_core.package_identification:_identify(src/使用说明书/temp_clean_numbers/07_控制器配置) by extensions ['ignore', 'ignore_ament_install']
[0.258s] Level 1:colcon.colcon_core.package_identification:_identify(src/使用说明书/temp_clean_numbers/07_控制器配置) by extension 'ignore'
[0.258s] Level 1:colcon.colcon_core.package_identification:_identify(src/使用说明书/temp_clean_numbers/07_控制器配置) by extension 'ignore_ament_install'
[0.258s] Level 1:colcon.colcon_core.package_identification:_identify(src/使用说明书/temp_clean_numbers/07_控制器配置) by extensions ['colcon_pkg']
[0.258s] Level 1:colcon.colcon_core.package_identification:_identify(src/使用说明书/temp_clean_numbers/07_控制器配置) by extension 'colcon_pkg'
[0.258s] Level 1:colcon.colcon_core.package_identification:_identify(src/使用说明书/temp_clean_numbers/07_控制器配置) by extensions ['colcon_meta']
[0.258s] Level 1:colcon.colcon_core.package_identification:_identify(src/使用说明书/temp_clean_numbers/07_控制器配置) by extension 'colcon_meta'
[0.258s] Level 1:colcon.colcon_core.package_identification:_identify(src/使用说明书/temp_clean_numbers/07_控制器配置) by extensions ['ros']
[0.258s] Level 1:colcon.colcon_core.package_identification:_identify(src/使用说明书/temp_clean_numbers/07_控制器配置) by extension 'ros'
[0.258s] Level 1:colcon.colcon_core.package_identification:_identify(src/使用说明书/temp_clean_numbers/07_控制器配置) by extensions ['cmake', 'python']
[0.258s] Level 1:colcon.colcon_core.package_identification:_identify(src/使用说明书/temp_clean_numbers/07_控制器配置) by extension 'cmake'
[0.258s] Level 1:colcon.colcon_core.package_identification:_identify(src/使用说明书/temp_clean_numbers/07_控制器配置) by extension 'python'
[0.258s] Level 1:colcon.colcon_core.package_identification:_identify(src/使用说明书/temp_clean_numbers/07_控制器配置) by extensions ['python_setup_py']
[0.258s] Level 1:colcon.colcon_core.package_identification:_identify(src/使用说明书/temp_clean_numbers/07_控制器配置) by extension 'python_setup_py'
[0.258s] Level 1:colcon.colcon_core.package_identification:_identify(src/使用说明书/temp_clean_numbers/08_高级应用) by extensions ['ignore', 'ignore_ament_install']
[0.258s] Level 1:colcon.colcon_core.package_identification:_identify(src/使用说明书/temp_clean_numbers/08_高级应用) by extension 'ignore'
[0.258s] Level 1:colcon.colcon_core.package_identification:_identify(src/使用说明书/temp_clean_numbers/08_高级应用) by extension 'ignore_ament_install'
[0.258s] Level 1:colcon.colcon_core.package_identification:_identify(src/使用说明书/temp_clean_numbers/08_高级应用) by extensions ['colcon_pkg']
[0.258s] Level 1:colcon.colcon_core.package_identification:_identify(src/使用说明书/temp_clean_numbers/08_高级应用) by extension 'colcon_pkg'
[0.258s] Level 1:colcon.colcon_core.package_identification:_identify(src/使用说明书/temp_clean_numbers/08_高级应用) by extensions ['colcon_meta']
[0.258s] Level 1:colcon.colcon_core.package_identification:_identify(src/使用说明书/temp_clean_numbers/08_高级应用) by extension 'colcon_meta'
[0.258s] Level 1:colcon.colcon_core.package_identification:_identify(src/使用说明书/temp_clean_numbers/08_高级应用) by extensions ['ros']
[0.258s] Level 1:colcon.colcon_core.package_identification:_identify(src/使用说明书/temp_clean_numbers/08_高级应用) by extension 'ros'
[0.258s] Level 1:colcon.colcon_core.package_identification:_identify(src/使用说明书/temp_clean_numbers/08_高级应用) by extensions ['cmake', 'python']
[0.258s] Level 1:colcon.colcon_core.package_identification:_identify(src/使用说明书/temp_clean_numbers/08_高级应用) by extension 'cmake'
[0.258s] Level 1:colcon.colcon_core.package_identification:_identify(src/使用说明书/temp_clean_numbers/08_高级应用) by extension 'python'
[0.258s] Level 1:colcon.colcon_core.package_identification:_identify(src/使用说明书/temp_clean_numbers/08_高级应用) by extensions ['python_setup_py']
[0.258s] Level 1:colcon.colcon_core.package_identification:_identify(src/使用说明书/temp_clean_numbers/08_高级应用) by extension 'python_setup_py'
[0.258s] Level 1:colcon.colcon_core.package_identification:_identify(src/使用说明书/temp_clean_numbers/09_故障排查) by extensions ['ignore', 'ignore_ament_install']
[0.258s] Level 1:colcon.colcon_core.package_identification:_identify(src/使用说明书/temp_clean_numbers/09_故障排查) by extension 'ignore'
[0.258s] Level 1:colcon.colcon_core.package_identification:_identify(src/使用说明书/temp_clean_numbers/09_故障排查) by extension 'ignore_ament_install'
[0.258s] Level 1:colcon.colcon_core.package_identification:_identify(src/使用说明书/temp_clean_numbers/09_故障排查) by extensions ['colcon_pkg']
[0.258s] Level 1:colcon.colcon_core.package_identification:_identify(src/使用说明书/temp_clean_numbers/09_故障排查) by extension 'colcon_pkg'
[0.258s] Level 1:colcon.colcon_core.package_identification:_identify(src/使用说明书/temp_clean_numbers/09_故障排查) by extensions ['colcon_meta']
[0.258s] Level 1:colcon.colcon_core.package_identification:_identify(src/使用说明书/temp_clean_numbers/09_故障排查) by extension 'colcon_meta'
[0.258s] Level 1:colcon.colcon_core.package_identification:_identify(src/使用说明书/temp_clean_numbers/09_故障排查) by extensions ['ros']
[0.258s] Level 1:colcon.colcon_core.package_identification:_identify(src/使用说明书/temp_clean_numbers/09_故障排查) by extension 'ros'
[0.258s] Level 1:colcon.colcon_core.package_identification:_identify(src/使用说明书/temp_clean_numbers/09_故障排查) by extensions ['cmake', 'python']
[0.258s] Level 1:colcon.colcon_core.package_identification:_identify(src/使用说明书/temp_clean_numbers/09_故障排查) by extension 'cmake'
[0.258s] Level 1:colcon.colcon_core.package_identification:_identify(src/使用说明书/temp_clean_numbers/09_故障排查) by extension 'python'
[0.258s] Level 1:colcon.colcon_core.package_identification:_identify(src/使用说明书/temp_clean_numbers/09_故障排查) by extensions ['python_setup_py']
[0.258s] Level 1:colcon.colcon_core.package_identification:_identify(src/使用说明书/temp_clean_numbers/09_故障排查) by extension 'python_setup_py'
[0.258s] Level 1:colcon.colcon_core.package_identification:_identify(src/使用说明书/temp_clean_numbers/10_开发者指南) by extensions ['ignore', 'ignore_ament_install']
[0.258s] Level 1:colcon.colcon_core.package_identification:_identify(src/使用说明书/temp_clean_numbers/10_开发者指南) by extension 'ignore'
[0.258s] Level 1:colcon.colcon_core.package_identification:_identify(src/使用说明书/temp_clean_numbers/10_开发者指南) by extension 'ignore_ament_install'
[0.258s] Level 1:colcon.colcon_core.package_identification:_identify(src/使用说明书/temp_clean_numbers/10_开发者指南) by extensions ['colcon_pkg']
[0.258s] Level 1:colcon.colcon_core.package_identification:_identify(src/使用说明书/temp_clean_numbers/10_开发者指南) by extension 'colcon_pkg'
[0.258s] Level 1:colcon.colcon_core.package_identification:_identify(src/使用说明书/temp_clean_numbers/10_开发者指南) by extensions ['colcon_meta']
[0.258s] Level 1:colcon.colcon_core.package_identification:_identify(src/使用说明书/temp_clean_numbers/10_开发者指南) by extension 'colcon_meta'
[0.259s] Level 1:colcon.colcon_core.package_identification:_identify(src/使用说明书/temp_clean_numbers/10_开发者指南) by extensions ['ros']
[0.259s] Level 1:colcon.colcon_core.package_identification:_identify(src/使用说明书/temp_clean_numbers/10_开发者指南) by extension 'ros'
[0.259s] Level 1:colcon.colcon_core.package_identification:_identify(src/使用说明书/temp_clean_numbers/10_开发者指南) by extensions ['cmake', 'python']
[0.259s] Level 1:colcon.colcon_core.package_identification:_identify(src/使用说明书/temp_clean_numbers/10_开发者指南) by extension 'cmake'
[0.259s] Level 1:colcon.colcon_core.package_identification:_identify(src/使用说明书/temp_clean_numbers/10_开发者指南) by extension 'python'
[0.259s] Level 1:colcon.colcon_core.package_identification:_identify(src/使用说明书/temp_clean_numbers/10_开发者指南) by extensions ['python_setup_py']
[0.259s] Level 1:colcon.colcon_core.package_identification:_identify(src/使用说明书/temp_clean_numbers/10_开发者指南) by extension 'python_setup_py'
[0.259s] Level 1:colcon.colcon_core.package_identification:_identify(src/使用说明书/temp_clean_numbers/11_附录) by extensions ['ignore', 'ignore_ament_install']
[0.259s] Level 1:colcon.colcon_core.package_identification:_identify(src/使用说明书/temp_clean_numbers/11_附录) by extension 'ignore'
[0.259s] Level 1:colcon.colcon_core.package_identification:_identify(src/使用说明书/temp_clean_numbers/11_附录) by extension 'ignore_ament_install'
[0.259s] Level 1:colcon.colcon_core.package_identification:_identify(src/使用说明书/temp_clean_numbers/11_附录) by extensions ['colcon_pkg']
[0.259s] Level 1:colcon.colcon_core.package_identification:_identify(src/使用说明书/temp_clean_numbers/11_附录) by extension 'colcon_pkg'
[0.259s] Level 1:colcon.colcon_core.package_identification:_identify(src/使用说明书/temp_clean_numbers/11_附录) by extensions ['colcon_meta']
[0.259s] Level 1:colcon.colcon_core.package_identification:_identify(src/使用说明书/temp_clean_numbers/11_附录) by extension 'colcon_meta'
[0.259s] Level 1:colcon.colcon_core.package_identification:_identify(src/使用说明书/temp_clean_numbers/11_附录) by extensions ['ros']
[0.259s] Level 1:colcon.colcon_core.package_identification:_identify(src/使用说明书/temp_clean_numbers/11_附录) by extension 'ros'
[0.259s] Level 1:colcon.colcon_core.package_identification:_identify(src/使用说明书/temp_clean_numbers/11_附录) by extensions ['cmake', 'python']
[0.259s] Level 1:colcon.colcon_core.package_identification:_identify(src/使用说明书/temp_clean_numbers/11_附录) by extension 'cmake'
[0.259s] Level 1:colcon.colcon_core.package_identification:_identify(src/使用说明书/temp_clean_numbers/11_附录) by extension 'python'
[0.259s] Level 1:colcon.colcon_core.package_identification:_identify(src/使用说明书/temp_clean_numbers/11_附录) by extensions ['python_setup_py']
[0.259s] Level 1:colcon.colcon_core.package_identification:_identify(src/使用说明书/temp_clean_numbers/11_附录) by extension 'python_setup_py'
[0.259s] Level 1:colcon.colcon_core.package_discovery:discover_packages(recursive) using defaults
[0.259s] Level 1:colcon.colcon_core.package_discovery:discover_packages(ignore) discover
[0.259s] Level 1:colcon.colcon_core.package_discovery:discover_packages(ignore) using defaults
[0.259s] Level 1:colcon.colcon_core.package_discovery:discover_packages(path) discover
[0.259s] Level 1:colcon.colcon_core.package_discovery:discover_packages(path) using defaults
[0.275s] Level 5:colcon.colcon_core.verb:set package 'openarmx_bringup' build argument 'cmake_args' from command line to 'None'
[0.275s] Level 5:colcon.colcon_core.verb:set package 'openarmx_bringup' build argument 'cmake_target' from command line to 'None'
[0.275s] Level 5:colcon.colcon_core.verb:set package 'openarmx_bringup' build argument 'cmake_target_skip_unavailable' from command line to 'False'
[0.275s] Level 5:colcon.colcon_core.verb:set package 'openarmx_bringup' build argument 'cmake_clean_cache' from command line to 'False'
[0.275s] Level 5:colcon.colcon_core.verb:set package 'openarmx_bringup' build argument 'cmake_clean_first' from command line to 'False'
[0.275s] Level 5:colcon.colcon_core.verb:set package 'openarmx_bringup' build argument 'cmake_force_configure' from command line to 'False'
[0.275s] Level 5:colcon.colcon_core.verb:set package 'openarmx_bringup' build argument 'ament_cmake_args' from command line to 'None'
[0.275s] Level 5:colcon.colcon_core.verb:set package 'openarmx_bringup' build argument 'catkin_cmake_args' from command line to 'None'
[0.275s] Level 5:colcon.colcon_core.verb:set package 'openarmx_bringup' build argument 'catkin_skip_building_tests' from command line to 'False'
[0.275s] DEBUG:colcon.colcon_core.verb:Building package 'openarmx_bringup' with the following arguments: {'ament_cmake_args': None, 'build_base': '/ws/build/openarmx_bringup', 'catkin_cmake_args': None, 'catkin_skip_building_tests': False, 'cmake_args': None, 'cmake_clean_cache': False, 'cmake_clean_first': False, 'cmake_force_configure': False, 'cmake_target': None, 'cmake_target_skip_unavailable': False, 'install_base': '/ws/install/openarmx_bringup', 'merge_install': False, 'path': '/ws/src/openarmx_ros2/openarmx_bringup', 'symlink_install': True, 'test_result_base': None}
[0.275s] Level 5:colcon.colcon_core.verb:set package 'openarmx_can' build argument 'cmake_args' from command line to 'None'
[0.275s] Level 5:colcon.colcon_core.verb:set package 'openarmx_can' build argument 'cmake_target' from command line to 'None'
[0.275s] Level 5:colcon.colcon_core.verb:set package 'openarmx_can' build argument 'cmake_target_skip_unavailable' from command line to 'False'
[0.275s] Level 5:colcon.colcon_core.verb:set package 'openarmx_can' build argument 'cmake_clean_cache' from command line to 'False'
[0.275s] Level 5:colcon.colcon_core.verb:set package 'openarmx_can' build argument 'cmake_clean_first' from command line to 'False'
[0.275s] Level 5:colcon.colcon_core.verb:set package 'openarmx_can' build argument 'cmake_force_configure' from command line to 'False'
[0.275s] Level 5:colcon.colcon_core.verb:set package 'openarmx_can' build argument 'ament_cmake_args' from command line to 'None'
[0.275s] Level 5:colcon.colcon_core.verb:set package 'openarmx_can' build argument 'catkin_cmake_args' from command line to 'None'
[0.275s] Level 5:colcon.colcon_core.verb:set package 'openarmx_can' build argument 'catkin_skip_building_tests' from command line to 'False'
[0.275s] DEBUG:colcon.colcon_core.verb:Building package 'openarmx_can' with the following arguments: {'ament_cmake_args': None, 'build_base': '/ws/build/openarmx_can', 'catkin_cmake_args': None, 'catkin_skip_building_tests': False, 'cmake_args': None, 'cmake_clean_cache': False, 'cmake_clean_first': False, 'cmake_force_configure': False, 'cmake_target': None, 'cmake_target_skip_unavailable': False, 'install_base': '/ws/install/openarmx_can', 'merge_install': False, 'path': '/ws/src/openarmx_can', 'symlink_install': True, 'test_result_base': None}
[0.275s] Level 5:colcon.colcon_core.verb:set package 'openarmx_description' build argument 'cmake_args' from command line to 'None'
[0.275s] Level 5:colcon.colcon_core.verb:set package 'openarmx_description' build argument 'cmake_target' from command line to 'None'
[0.275s] Level 5:colcon.colcon_core.verb:set package 'openarmx_description' build argument 'cmake_target_skip_unavailable' from command line to 'False'
[0.275s] Level 5:colcon.colcon_core.verb:set package 'openarmx_description' build argument 'cmake_clean_cache' from command line to 'False'
[0.275s] Level 5:colcon.colcon_core.verb:set package 'openarmx_description' build argument 'cmake_clean_first' from command line to 'False'
[0.275s] Level 5:colcon.colcon_core.verb:set package 'openarmx_description' build argument 'cmake_force_configure' from command line to 'False'
[0.275s] Level 5:colcon.colcon_core.verb:set package 'openarmx_description' build argument 'ament_cmake_args' from command line to 'None'
[0.275s] Level 5:colcon.colcon_core.verb:set package 'openarmx_description' build argument 'catkin_cmake_args' from command line to 'None'
[0.275s] Level 5:colcon.colcon_core.verb:set package 'openarmx_description' build argument 'catkin_skip_building_tests' from command line to 'False'
[0.275s] DEBUG:colcon.colcon_core.verb:Building package 'openarmx_description' with the following arguments: {'ament_cmake_args': None, 'build_base': '/ws/build/openarmx_description', 'catkin_cmake_args': None, 'catkin_skip_building_tests': False, 'cmake_args': None, 'cmake_clean_cache': False, 'cmake_clean_first': False, 'cmake_force_configure': False, 'cmake_target': None, 'cmake_target_skip_unavailable': False, 'install_base': '/ws/install/openarmx_description', 'merge_install': False, 'path': '/ws/src/openarmx_description', 'symlink_install': True, 'test_result_base': None}
[0.275s] Level 5:colcon.colcon_core.verb:set package 'openarmx_gripper_panel' build argument 'cmake_args' from command line to 'None'
[0.275s] Level 5:colcon.colcon_core.verb:set package 'openarmx_gripper_panel' build argument 'cmake_target' from command line to 'None'
[0.275s] Level 5:colcon.colcon_core.verb:set package 'openarmx_gripper_panel' build argument 'cmake_target_skip_unavailable' from command line to 'False'
[0.275s] Level 5:colcon.colcon_core.verb:set package 'openarmx_gripper_panel' build argument 'cmake_clean_cache' from command line to 'False'
[0.275s] Level 5:colcon.colcon_core.verb:set package 'openarmx_gripper_panel' build argument 'cmake_clean_first' from command line to 'False'
[0.275s] Level 5:colcon.colcon_core.verb:set package 'openarmx_gripper_panel' build argument 'cmake_force_configure' from command line to 'False'
[0.275s] Level 5:colcon.colcon_core.verb:set package 'openarmx_gripper_panel' build argument 'ament_cmake_args' from command line to 'None'
[0.276s] Level 5:colcon.colcon_core.verb:set package 'openarmx_gripper_panel' build argument 'catkin_cmake_args' from command line to 'None'
[0.276s] Level 5:colcon.colcon_core.verb:set package 'openarmx_gripper_panel' build argument 'catkin_skip_building_tests' from command line to 'False'
[0.276s] DEBUG:colcon.colcon_core.verb:Building package 'openarmx_gripper_panel' with the following arguments: {'ament_cmake_args': None, 'build_base': '/ws/build/openarmx_gripper_panel', 'catkin_cmake_args': None, 'catkin_skip_building_tests': False, 'cmake_args': None, 'cmake_clean_cache': False, 'cmake_clean_first': False, 'cmake_force_configure': False, 'cmake_target': None, 'cmake_target_skip_unavailable': False, 'install_base': '/ws/install/openarmx_gripper_panel', 'merge_install': False, 'path': '/ws/src/openarmx_tools/openarmx_gripper_panel', 'symlink_install': True, 'test_result_base': None}
[0.276s] Level 5:colcon.colcon_core.verb:set package 'openarmx_kp_kd_panel' build argument 'cmake_args' from command line to 'None'
[0.276s] Level 5:colcon.colcon_core.verb:set package 'openarmx_kp_kd_panel' build argument 'cmake_target' from command line to 'None'
[0.276s] Level 5:colcon.colcon_core.verb:set package 'openarmx_kp_kd_panel' build argument 'cmake_target_skip_unavailable' from command line to 'False'
[0.276s] Level 5:colcon.colcon_core.verb:set package 'openarmx_kp_kd_panel' build argument 'cmake_clean_cache' from command line to 'False'
[0.276s] Level 5:colcon.colcon_core.verb:set package 'openarmx_kp_kd_panel' build argument 'cmake_clean_first' from command line to 'False'
[0.276s] Level 5:colcon.colcon_core.verb:set package 'openarmx_kp_kd_panel' build argument 'cmake_force_configure' from command line to 'False'
[0.276s] Level 5:colcon.colcon_core.verb:set package 'openarmx_kp_kd_panel' build argument 'ament_cmake_args' from command line to 'None'
[0.276s] Level 5:colcon.colcon_core.verb:set package 'openarmx_kp_kd_panel' build argument 'catkin_cmake_args' from command line to 'None'
[0.276s] Level 5:colcon.colcon_core.verb:set package 'openarmx_kp_kd_panel' build argument 'catkin_skip_building_tests' from command line to 'False'
[0.276s] DEBUG:colcon.colcon_core.verb:Building package 'openarmx_kp_kd_panel' with the following arguments: {'ament_cmake_args': None, 'build_base': '/ws/build/openarmx_kp_kd_panel', 'catkin_cmake_args': None, 'catkin_skip_building_tests': False, 'cmake_args': None, 'cmake_clean_cache': False, 'cmake_clean_first': False, 'cmake_force_configure': False, 'cmake_target': None, 'cmake_target_skip_unavailable': False, 'install_base': '/ws/install/openarmx_kp_kd_panel', 'merge_install': False, 'path': '/ws/src/openarmx_tools/openarmx_kp_kd_panel', 'symlink_install': True, 'test_result_base': None}
[0.276s] Level 5:colcon.colcon_core.verb:set package 'openarmx_teach' build argument 'cmake_args' from command line to 'None'
[0.276s] Level 5:colcon.colcon_core.verb:set package 'openarmx_teach' build argument 'cmake_target' from command line to 'None'
[0.276s] Level 5:colcon.colcon_core.verb:set package 'openarmx_teach' build argument 'cmake_target_skip_unavailable' from command line to 'False'
[0.276s] Level 5:colcon.colcon_core.verb:set package 'openarmx_teach' build argument 'cmake_clean_cache' from command line to 'False'
[0.276s] Level 5:colcon.colcon_core.verb:set package 'openarmx_teach' build argument 'cmake_clean_first' from command line to 'False'
[0.276s] Level 5:colcon.colcon_core.verb:set package 'openarmx_teach' build argument 'cmake_force_configure' from command line to 'False'
[0.276s] Level 5:colcon.colcon_core.verb:set package 'openarmx_teach' build argument 'ament_cmake_args' from command line to 'None'
[0.276s] Level 5:colcon.colcon_core.verb:set package 'openarmx_teach' build argument 'catkin_cmake_args' from command line to 'None'
[0.276s] Level 5:colcon.colcon_core.verb:set package 'openarmx_teach' build argument 'catkin_skip_building_tests' from command line to 'False'
[0.276s] DEBUG:colcon.colcon_core.verb:Building package 'openarmx_teach' with the following arguments: {'ament_cmake_args': None, 'build_base': '/ws/build/openarmx_teach', 'catkin_cmake_args': None, 'catkin_skip_building_tests': False, 'cmake_args': None, 'cmake_clean_cache': False, 'cmake_clean_first': False, 'cmake_force_configure': False, 'cmake_target': None, 'cmake_target_skip_unavailable': False, 'install_base': '/ws/install/openarmx_teach', 'merge_install': False, 'path': '/ws/src/openarmx_tools/openarmx_teach', 'symlink_install': True, 'test_result_base': None}
[0.276s] Level 5:colcon.colcon_core.verb:set package 'openarmx_bimanual_moveit_config' build argument 'cmake_args' from command line to 'None'
[0.276s] Level 5:colcon.colcon_core.verb:set package 'openarmx_bimanual_moveit_config' build argument 'cmake_target' from command line to 'None'
[0.276s] Level 5:colcon.colcon_core.verb:set package 'openarmx_bimanual_moveit_config' build argument 'cmake_target_skip_unavailable' from command line to 'False'
[0.276s] Level 5:colcon.colcon_core.verb:set package 'openarmx_bimanual_moveit_config' build argument 'cmake_clean_cache' from command line to 'False'
[0.276s] Level 5:colcon.colcon_core.verb:set package 'openarmx_bimanual_moveit_config' build argument 'cmake_clean_first' from command line to 'False'
[0.276s] Level 5:colcon.colcon_core.verb:set package 'openarmx_bimanual_moveit_config' build argument 'cmake_force_configure' from command line to 'False'
[0.276s] Level 5:colcon.colcon_core.verb:set package 'openarmx_bimanual_moveit_config' build argument 'ament_cmake_args' from command line to 'None'
[0.276s] Level 5:colcon.colcon_core.verb:set package 'openarmx_bimanual_moveit_config' build argument 'catkin_cmake_args' from command line to 'None'
[0.276s] Level 5:colcon.colcon_core.verb:set package 'openarmx_bimanual_moveit_config' build argument 'catkin_skip_building_tests' from command line to 'False'
[0.276s] DEBUG:colcon.colcon_core.verb:Building package 'openarmx_bimanual_moveit_config' with the following arguments: {'ament_cmake_args': None, 'build_base': '/ws/build/openarmx_bimanual_moveit_config', 'catkin_cmake_args': None, 'catkin_skip_building_tests': False, 'cmake_args': None, 'cmake_clean_cache': False, 'cmake_clean_first': False, 'cmake_force_configure': False, 'cmake_target': None, 'cmake_target_skip_unavailable': False, 'install_base': '/ws/install/openarmx_bimanual_moveit_config', 'merge_install': False, 'path': '/ws/src/openarmx_ros2/openarmx_bimanual_moveit_config', 'symlink_install': True, 'test_result_base': None}
[0.276s] Level 5:colcon.colcon_core.verb:set package 'openarmx_hardware' build argument 'cmake_args' from command line to 'None'
[0.276s] Level 5:colcon.colcon_core.verb:set package 'openarmx_hardware' build argument 'cmake_target' from command line to 'None'
[0.276s] Level 5:colcon.colcon_core.verb:set package 'openarmx_hardware' build argument 'cmake_target_skip_unavailable' from command line to 'False'
[0.276s] Level 5:colcon.colcon_core.verb:set package 'openarmx_hardware' build argument 'cmake_clean_cache' from command line to 'False'
[0.276s] Level 5:colcon.colcon_core.verb:set package 'openarmx_hardware' build argument 'cmake_clean_first' from command line to 'False'
[0.276s] Level 5:colcon.colcon_core.verb:set package 'openarmx_hardware' build argument 'cmake_force_configure' from command line to 'False'
[0.276s] Level 5:colcon.colcon_core.verb:set package 'openarmx_hardware' build argument 'ament_cmake_args' from command line to 'None'
[0.276s] Level 5:colcon.colcon_core.verb:set package 'openarmx_hardware' build argument 'catkin_cmake_args' from command line to 'None'
[0.276s] Level 5:colcon.colcon_core.verb:set package 'openarmx_hardware' build argument 'catkin_skip_building_tests' from command line to 'False'
[0.276s] DEBUG:colcon.colcon_core.verb:Building package 'openarmx_hardware' with the following arguments: {'ament_cmake_args': None, 'build_base': '/ws/build/openarmx_hardware', 'catkin_cmake_args': None, 'catkin_skip_building_tests': False, 'cmake_args': None, 'cmake_clean_cache': False, 'cmake_clean_first': False, 'cmake_force_configure': False, 'cmake_target': None, 'cmake_target_skip_unavailable': False, 'install_base': '/ws/install/openarmx_hardware', 'merge_install': False, 'path': '/ws/src/openarmx_ros2/openarmx_hardware', 'symlink_install': True, 'test_result_base': None}
[0.277s] Level 5:colcon.colcon_core.verb:set package 'openarmx_teleop_leader' build argument 'cmake_args' from command line to 'None'
[0.277s] Level 5:colcon.colcon_core.verb:set package 'openarmx_teleop_leader' build argument 'cmake_target' from command line to 'None'
[0.277s] Level 5:colcon.colcon_core.verb:set package 'openarmx_teleop_leader' build argument 'cmake_target_skip_unavailable' from command line to 'False'
[0.277s] Level 5:colcon.colcon_core.verb:set package 'openarmx_teleop_leader' build argument 'cmake_clean_cache' from command line to 'False'
[0.277s] Level 5:colcon.colcon_core.verb:set package 'openarmx_teleop_leader' build argument 'cmake_clean_first' from command line to 'False'
[0.277s] Level 5:colcon.colcon_core.verb:set package 'openarmx_teleop_leader' build argument 'cmake_force_configure' from command line to 'False'
[0.277s] Level 5:colcon.colcon_core.verb:set package 'openarmx_teleop_leader' build argument 'ament_cmake_args' from command line to 'None'
[0.277s] Level 5:colcon.colcon_core.verb:set package 'openarmx_teleop_leader' build argument 'catkin_cmake_args' from command line to 'None'
[0.277s] Level 5:colcon.colcon_core.verb:set package 'openarmx_teleop_leader' build argument 'catkin_skip_building_tests' from command line to 'False'
[0.277s] DEBUG:colcon.colcon_core.verb:Building package 'openarmx_teleop_leader' with the following arguments: {'ament_cmake_args': None, 'build_base': '/ws/build/openarmx_teleop_leader', 'catkin_cmake_args': None, 'catkin_skip_building_tests': False, 'cmake_args': None, 'cmake_clean_cache': False, 'cmake_clean_first': False, 'cmake_force_configure': False, 'cmake_target': None, 'cmake_target_skip_unavailable': False, 'install_base': '/ws/install/openarmx_teleop_leader', 'merge_install': False, 'path': '/ws/src/openarmx_teleop_leader', 'symlink_install': True, 'test_result_base': None}
[0.277s] Level 5:colcon.colcon_core.verb:set package 'openarmx' build argument 'cmake_args' from command line to 'None'
[0.277s] Level 5:colcon.colcon_core.verb:set package 'openarmx' build argument 'cmake_target' from command line to 'None'
[0.277s] Level 5:colcon.colcon_core.verb:set package 'openarmx' build argument 'cmake_target_skip_unavailable' from command line to 'False'
[0.277s] Level 5:colcon.colcon_core.verb:set package 'openarmx' build argument 'cmake_clean_cache' from command line to 'False'
[0.277s] Level 5:colcon.colcon_core.verb:set package 'openarmx' build argument 'cmake_clean_first' from command line to 'False'
[0.277s] Level 5:colcon.colcon_core.verb:set package 'openarmx' build argument 'cmake_force_configure' from command line to 'False'
[0.277s] Level 5:colcon.colcon_core.verb:set package 'openarmx' build argument 'ament_cmake_args' from command line to 'None'
[0.277s] Level 5:colcon.colcon_core.verb:set package 'openarmx' build argument 'catkin_cmake_args' from command line to 'None'
[0.277s] Level 5:colcon.colcon_core.verb:set package 'openarmx' build argument 'catkin_skip_building_tests' from command line to 'False'
[0.277s] DEBUG:colcon.colcon_core.verb:Building package 'openarmx' with the following arguments: {'ament_cmake_args': None, 'build_base': '/ws/build/openarmx', 'catkin_cmake_args': None, 'catkin_skip_building_tests': False, 'cmake_args': None, 'cmake_clean_cache': False, 'cmake_clean_first': False, 'cmake_force_configure': False, 'cmake_target': None, 'cmake_target_skip_unavailable': False, 'install_base': '/ws/install/openarmx', 'merge_install': False, 'path': '/ws/src/openarmx_ros2/openarmx', 'symlink_install': True, 'test_result_base': None}
[0.277s] INFO:colcon.colcon_core.executor:Executing jobs using 'parallel' executor
[0.277s] DEBUG:colcon.colcon_parallel_executor.executor.parallel:run_until_complete
[0.278s] INFO:colcon.colcon_ros.task.ament_cmake.build:Building ROS package in '/ws/src/openarmx_can' with build type 'ament_cmake'
[0.278s] INFO:colcon.colcon_cmake.task.cmake.build:Building CMake package in '/ws/src/openarmx_can'
[0.280s] INFO:colcon.colcon_core.plugin_system:Skipping extension 'colcon_core.shell.bat': Not used on non-Windows systems
[0.280s] INFO:colcon.colcon_core.shell:Skip shell extension 'powershell' for command environment: Not usable outside of PowerShell
[0.280s] DEBUG:colcon.colcon_core.shell:Skip shell extension 'dsv' for command environment
[0.283s] INFO:colcon.colcon_ros.task.ament_cmake.build:Building ROS package in '/ws/src/openarmx_description' with build type 'ament_cmake'
[0.283s] INFO:colcon.colcon_cmake.task.cmake.build:Building CMake package in '/ws/src/openarmx_description'
[0.284s] INFO:colcon.colcon_core.shell:Skip shell extension 'powershell' for command environment: Not usable outside of PowerShell
[0.284s] DEBUG:colcon.colcon_core.shell:Skip shell extension 'dsv' for command environment
[0.285s] INFO:colcon.colcon_ros.task.ament_cmake.build:Building ROS package in '/ws/src/openarmx_ros2/openarmx_bringup' with build type 'ament_cmake'
[0.285s] INFO:colcon.colcon_cmake.task.cmake.build:Building CMake package in '/ws/src/openarmx_ros2/openarmx_bringup'
[0.285s] INFO:colcon.colcon_core.shell:Skip shell extension 'powershell' for command environment: Not usable outside of PowerShell
[0.285s] DEBUG:colcon.colcon_core.shell:Skip shell extension 'dsv' for command environment
[0.287s] INFO:colcon.colcon_ros.task.ament_cmake.build:Building ROS package in '/ws/src/openarmx_tools/openarmx_gripper_panel' with build type 'ament_cmake'
[0.287s] INFO:colcon.colcon_cmake.task.cmake.build:Building CMake package in '/ws/src/openarmx_tools/openarmx_gripper_panel'
[0.287s] INFO:colcon.colcon_core.shell:Skip shell extension 'powershell' for command environment: Not usable outside of PowerShell
[0.287s] DEBUG:colcon.colcon_core.shell:Skip shell extension 'dsv' for command environment
[0.288s] INFO:colcon.colcon_ros.task.ament_cmake.build:Building ROS package in '/ws/src/openarmx_tools/openarmx_kp_kd_panel' with build type 'ament_cmake'
[0.288s] INFO:colcon.colcon_cmake.task.cmake.build:Building CMake package in '/ws/src/openarmx_tools/openarmx_kp_kd_panel'
[0.289s] INFO:colcon.colcon_core.shell:Skip shell extension 'powershell' for command environment: Not usable outside of PowerShell
[0.289s] DEBUG:colcon.colcon_core.shell:Skip shell extension 'dsv' for command environment
[0.290s] INFO:colcon.colcon_ros.task.ament_python.build:Building ROS package in '/ws/src/openarmx_tools/openarmx_teach' with build type 'ament_python'
[0.290s] Level 1:colcon.colcon_core.shell:create_environment_hook('openarmx_teach', 'ament_prefix_path')
[0.290s] INFO:colcon.colcon_core.shell:Creating environment hook '/ws/install/openarmx_teach/share/openarmx_teach/hook/ament_prefix_path.ps1'
[0.290s] INFO:colcon.colcon_core.shell:Creating environment descriptor '/ws/install/openarmx_teach/share/openarmx_teach/hook/ament_prefix_path.dsv'
[0.291s] INFO:colcon.colcon_core.shell:Creating environment hook '/ws/install/openarmx_teach/share/openarmx_teach/hook/ament_prefix_path.sh'
[0.291s] INFO:colcon.colcon_core.shell:Skip shell extension 'powershell' for command environment: Not usable outside of PowerShell
[0.291s] DEBUG:colcon.colcon_core.shell:Skip shell extension 'dsv' for command environment
[0.295s] DEBUG:colcon.colcon_core.event_handler.log_command:Invoking command in '/ws/build/openarmx_can': CMAKE_PREFIX_PATH=${CMAKE_PREFIX_PATH}:/ws/install/openarmx_teach:/opt/ros/humble /usr/bin/cmake --build /ws/build/openarmx_can -- -j20 -l20
[0.297s] DEBUG:colcon.colcon_core.event_handler.log_command:Invoking command in '/ws/build/openarmx_description': CMAKE_PREFIX_PATH=${CMAKE_PREFIX_PATH}:/ws/install/openarmx_teach:/opt/ros/humble /usr/bin/cmake --build /ws/build/openarmx_description -- -j20 -l20
[0.298s] DEBUG:colcon.colcon_core.event_handler.log_command:Invoking command in '/ws/build/openarmx_bringup': CMAKE_PREFIX_PATH=${CMAKE_PREFIX_PATH}:/ws/install/openarmx_teach:/opt/ros/humble /usr/bin/cmake --build /ws/build/openarmx_bringup -- -j20 -l20
[0.299s] DEBUG:colcon.colcon_core.event_handler.log_command:Invoking command in '/ws/build/openarmx_gripper_panel': CMAKE_PREFIX_PATH=${CMAKE_PREFIX_PATH}:/ws/install/openarmx_teach:/opt/ros/humble /usr/bin/cmake --build /ws/build/openarmx_gripper_panel -- -j20 -l20
[0.300s] DEBUG:colcon.colcon_core.event_handler.log_command:Invoking command in '/ws/build/openarmx_kp_kd_panel': CMAKE_PREFIX_PATH=${CMAKE_PREFIX_PATH}:/ws/install/openarmx_teach:/opt/ros/humble /usr/bin/cmake --build /ws/build/openarmx_kp_kd_panel -- -j20 -l20
[0.414s] INFO:colcon.colcon_core.task.python.build:Building Python package in '/ws/src/openarmx_tools/openarmx_teach'
[0.414s] INFO:colcon.colcon_core.shell:Skip shell extension 'powershell' for command environment: Not usable outside of PowerShell
[0.414s] DEBUG:colcon.colcon_core.shell:Skip shell extension 'dsv' for command environment
[0.417s] DEBUG:colcon.colcon_core.event_handler.log_command:Invoked command in '/ws/build/openarmx_bringup' returned '0': CMAKE_PREFIX_PATH=${CMAKE_PREFIX_PATH}:/ws/install/openarmx_teach:/opt/ros/humble /usr/bin/cmake --build /ws/build/openarmx_bringup -- -j20 -l20
[0.423s] DEBUG:colcon.colcon_core.event_handler.log_command:Invoking command in '/ws/build/openarmx_bringup': CMAKE_PREFIX_PATH=${CMAKE_PREFIX_PATH}:/ws/install/openarmx_teach:/opt/ros/humble /usr/bin/cmake --install /ws/build/openarmx_bringup
[0.423s] DEBUG:colcon.colcon_core.event_handler.log_command:Invoked command in '/ws/build/openarmx_description' returned '0': CMAKE_PREFIX_PATH=${CMAKE_PREFIX_PATH}:/ws/install/openarmx_teach:/opt/ros/humble /usr/bin/cmake --build /ws/build/openarmx_description -- -j20 -l20
[0.423s] DEBUG:colcon.colcon_core.event_handler.log_command:Invoking command in '/ws/build/openarmx_description': CMAKE_PREFIX_PATH=${CMAKE_PREFIX_PATH}:/ws/install/openarmx_teach:/opt/ros/humble /usr/bin/cmake --install /ws/build/openarmx_description
[0.423s] DEBUG:colcon.colcon_core.event_handler.log_command:Invoked command in '/ws/build/openarmx_can' returned '0': CMAKE_PREFIX_PATH=${CMAKE_PREFIX_PATH}:/ws/install/openarmx_teach:/opt/ros/humble /usr/bin/cmake --build /ws/build/openarmx_can -- -j20 -l20
[0.424s] DEBUG:colcon.colcon_core.event_handler.log_command:Invoking command in '/ws/build/openarmx_can': CMAKE_PREFIX_PATH=${CMAKE_PREFIX_PATH}:/ws/install/openarmx_teach:/opt/ros/humble /usr/bin/cmake --install /ws/build/openarmx_can
[0.428s] DEBUG:colcon.colcon_core.event_handler.log_command:Invoked command in '/ws/build/openarmx_kp_kd_panel' returned '0': CMAKE_PREFIX_PATH=${CMAKE_PREFIX_PATH}:/ws/install/openarmx_teach:/opt/ros/humble /usr/bin/cmake --build /ws/build/openarmx_kp_kd_panel -- -j20 -l20
[0.430s] DEBUG:colcon.colcon_core.event_handler.log_command:Invoking command in '/ws/build/openarmx_kp_kd_panel': CMAKE_PREFIX_PATH=${CMAKE_PREFIX_PATH}:/ws/install/openarmx_teach:/opt/ros/humble /usr/bin/cmake --install /ws/build/openarmx_kp_kd_panel
[0.431s] DEBUG:colcon.colcon_core.event_handler.log_command:Invoked command in '/ws/build/openarmx_gripper_panel' returned '0': CMAKE_PREFIX_PATH=${CMAKE_PREFIX_PATH}:/ws/install/openarmx_teach:/opt/ros/humble /usr/bin/cmake --build /ws/build/openarmx_gripper_panel -- -j20 -l20
[0.432s] DEBUG:colcon.colcon_core.event_handler.log_command:Invoking command in '/ws/build/openarmx_gripper_panel': CMAKE_PREFIX_PATH=${CMAKE_PREFIX_PATH}:/ws/install/openarmx_teach:/opt/ros/humble /usr/bin/cmake --install /ws/build/openarmx_gripper_panel
[0.438s] Level 1:colcon.colcon_core.environment:create_environment_scripts_only(openarmx_bringup)
[0.439s] DEBUG:colcon.colcon_core.event_handler.log_command:Invoked command in '/ws/build/openarmx_bringup' returned '0': CMAKE_PREFIX_PATH=${CMAKE_PREFIX_PATH}:/ws/install/openarmx_teach:/opt/ros/humble /usr/bin/cmake --install /ws/build/openarmx_bringup
[0.444s] Level 1:colcon.colcon_core.environment:checking '/ws/install/openarmx_bringup' for CMake module files
[0.444s] Level 1:colcon.colcon_core.environment:checking '/ws/install/openarmx_bringup' for CMake config files
[0.445s] Level 1:colcon.colcon_core.shell:create_environment_hook('openarmx_bringup', 'cmake_prefix_path')
[0.445s] INFO:colcon.colcon_core.shell:Creating environment hook '/ws/install/openarmx_bringup/share/openarmx_bringup/hook/cmake_prefix_path.ps1'
[0.445s] INFO:colcon.colcon_core.shell:Creating environment descriptor '/ws/install/openarmx_bringup/share/openarmx_bringup/hook/cmake_prefix_path.dsv'
[0.446s] INFO:colcon.colcon_core.shell:Creating environment hook '/ws/install/openarmx_bringup/share/openarmx_bringup/hook/cmake_prefix_path.sh'
[0.446s] Level 1:colcon.colcon_core.environment:checking '/ws/install/openarmx_bringup/bin'
[0.446s] Level 1:colcon.colcon_core.environment:checking '/ws/install/openarmx_bringup/lib/pkgconfig/openarmx_bringup.pc'
[0.447s] Level 1:colcon.colcon_core.environment:checking '/ws/install/openarmx_bringup/lib/python3.10/site-packages'
[0.447s] Level 1:colcon.colcon_core.environment:checking '/ws/install/openarmx_bringup/bin'
[0.447s] INFO:colcon.colcon_core.shell:Creating package script '/ws/install/openarmx_bringup/share/openarmx_bringup/package.ps1'
[0.448s] INFO:colcon.colcon_core.shell:Creating package descriptor '/ws/install/openarmx_bringup/share/openarmx_bringup/package.dsv'
[0.448s] INFO:colcon.colcon_core.shell:Creating package script '/ws/install/openarmx_bringup/share/openarmx_bringup/package.sh'
[0.449s] INFO:colcon.colcon_core.shell:Creating package script '/ws/install/openarmx_bringup/share/openarmx_bringup/package.bash'
[0.449s] INFO:colcon.colcon_core.shell:Creating package script '/ws/install/openarmx_bringup/share/openarmx_bringup/package.zsh'
[0.450s] Level 1:colcon.colcon_core.environment:create_file_with_runtime_dependencies(/ws/install/openarmx_bringup/share/colcon-core/packages/openarmx_bringup)
[0.451s] Level 1:colcon.colcon_core.environment:create_environment_scripts_only(openarmx_bringup)
[0.451s] Level 1:colcon.colcon_core.environment:checking '/ws/install/openarmx_bringup' for CMake module files
[0.451s] Level 1:colcon.colcon_core.environment:checking '/ws/install/openarmx_bringup' for CMake config files
[0.451s] Level 1:colcon.colcon_core.shell:create_environment_hook('openarmx_bringup', 'cmake_prefix_path')
[0.451s] INFO:colcon.colcon_core.shell:Creating environment hook '/ws/install/openarmx_bringup/share/openarmx_bringup/hook/cmake_prefix_path.ps1'
[0.451s] INFO:colcon.colcon_core.shell:Creating environment descriptor '/ws/install/openarmx_bringup/share/openarmx_bringup/hook/cmake_prefix_path.dsv'
[0.452s] INFO:colcon.colcon_core.shell:Creating environment hook '/ws/install/openarmx_bringup/share/openarmx_bringup/hook/cmake_prefix_path.sh'
[0.452s] Level 1:colcon.colcon_core.environment:checking '/ws/install/openarmx_bringup/bin'
[0.452s] Level 1:colcon.colcon_core.environment:checking '/ws/install/openarmx_bringup/lib/pkgconfig/openarmx_bringup.pc'
[0.452s] Level 1:colcon.colcon_core.environment:checking '/ws/install/openarmx_bringup/lib/python3.10/site-packages'
[0.452s] Level 1:colcon.colcon_core.environment:checking '/ws/install/openarmx_bringup/bin'
[0.452s] INFO:colcon.colcon_core.shell:Creating package script '/ws/install/openarmx_bringup/share/openarmx_bringup/package.ps1'
[0.452s] INFO:colcon.colcon_core.shell:Creating package descriptor '/ws/install/openarmx_bringup/share/openarmx_bringup/package.dsv'
[0.453s] INFO:colcon.colcon_core.shell:Creating package script '/ws/install/openarmx_bringup/share/openarmx_bringup/package.sh'
[0.453s] INFO:colcon.colcon_core.shell:Creating package script '/ws/install/openarmx_bringup/share/openarmx_bringup/package.bash'
[0.453s] INFO:colcon.colcon_core.shell:Creating package script '/ws/install/openarmx_bringup/share/openarmx_bringup/package.zsh'
[0.453s] Level 1:colcon.colcon_core.environment:create_file_with_runtime_dependencies(/ws/install/openarmx_bringup/share/colcon-core/packages/openarmx_bringup)
[0.454s] Level 1:colcon.colcon_core.environment:create_environment_scripts_only(openarmx_can)
[0.454s] Level 1:colcon.colcon_core.environment:checking '/ws/install/openarmx_can' for CMake module files
[0.454s] DEBUG:colcon.colcon_core.event_handler.log_command:Invoked command in '/ws/build/openarmx_can' returned '0': CMAKE_PREFIX_PATH=${CMAKE_PREFIX_PATH}:/ws/install/openarmx_teach:/opt/ros/humble /usr/bin/cmake --install /ws/build/openarmx_can
[0.454s] Level 1:colcon.colcon_core.environment:checking '/ws/install/openarmx_can' for CMake config files
[0.454s] Level 1:colcon.colcon_core.shell:create_environment_hook('openarmx_can', 'cmake_prefix_path')
[0.454s] INFO:colcon.colcon_core.shell:Creating environment hook '/ws/install/openarmx_can/share/openarmx_can/hook/cmake_prefix_path.ps1'
[0.455s] INFO:colcon.colcon_core.shell:Creating environment descriptor '/ws/install/openarmx_can/share/openarmx_can/hook/cmake_prefix_path.dsv'
[0.455s] INFO:colcon.colcon_core.shell:Creating environment hook '/ws/install/openarmx_can/share/openarmx_can/hook/cmake_prefix_path.sh'
[0.455s] Level 1:colcon.colcon_core.environment:checking '/ws/install/openarmx_can/lib'
[0.455s] Level 1:colcon.colcon_core.environment:checking '/ws/install/openarmx_can/bin'
[0.455s] Level 1:colcon.colcon_core.environment:checking '/ws/install/openarmx_can/lib/pkgconfig/openarmx_can.pc'
[0.455s] Level 1:colcon.colcon_core.environment:checking '/ws/install/openarmx_can/lib/python3.10/site-packages'
[0.455s] Level 1:colcon.colcon_core.environment:checking '/ws/install/openarmx_can/bin'
[0.456s] INFO:colcon.colcon_core.shell:Creating package script '/ws/install/openarmx_can/share/openarmx_can/package.ps1'
[0.456s] INFO:colcon.colcon_core.shell:Creating package descriptor '/ws/install/openarmx_can/share/openarmx_can/package.dsv'
[0.456s] INFO:colcon.colcon_core.shell:Creating package script '/ws/install/openarmx_can/share/openarmx_can/package.sh'
[0.456s] INFO:colcon.colcon_core.shell:Creating package script '/ws/install/openarmx_can/share/openarmx_can/package.bash'
[0.456s] INFO:colcon.colcon_core.shell:Creating package script '/ws/install/openarmx_can/share/openarmx_can/package.zsh'
[0.456s] Level 1:colcon.colcon_core.environment:create_file_with_runtime_dependencies(/ws/install/openarmx_can/share/colcon-core/packages/openarmx_can)
[0.457s] Level 1:colcon.colcon_core.environment:create_environment_scripts_only(openarmx_can)
[0.457s] Level 1:colcon.colcon_core.environment:checking '/ws/install/openarmx_can' for CMake module files
[0.457s] Level 1:colcon.colcon_core.environment:checking '/ws/install/openarmx_can' for CMake config files
[0.457s] Level 1:colcon.colcon_core.shell:create_environment_hook('openarmx_can', 'cmake_prefix_path')
[0.457s] INFO:colcon.colcon_core.shell:Creating environment hook '/ws/install/openarmx_can/share/openarmx_can/hook/cmake_prefix_path.ps1'
[0.457s] INFO:colcon.colcon_core.shell:Creating environment descriptor '/ws/install/openarmx_can/share/openarmx_can/hook/cmake_prefix_path.dsv'
[0.457s] INFO:colcon.colcon_core.shell:Creating environment hook '/ws/install/openarmx_can/share/openarmx_can/hook/cmake_prefix_path.sh'
[0.458s] Level 1:colcon.colcon_core.environment:checking '/ws/install/openarmx_can/lib'
[0.458s] Level 1:colcon.colcon_core.environment:checking '/ws/install/openarmx_can/bin'
[0.458s] Level 1:colcon.colcon_core.environment:checking '/ws/install/openarmx_can/lib/pkgconfig/openarmx_can.pc'
[0.458s] Level 1:colcon.colcon_core.environment:checking '/ws/install/openarmx_can/lib/python3.10/site-packages'
[0.458s] Level 1:colcon.colcon_core.environment:checking '/ws/install/openarmx_can/bin'
[0.458s] INFO:colcon.colcon_core.shell:Creating package script '/ws/install/openarmx_can/share/openarmx_can/package.ps1'
[0.458s] INFO:colcon.colcon_core.shell:Creating package descriptor '/ws/install/openarmx_can/share/openarmx_can/package.dsv'
[0.458s] INFO:colcon.colcon_core.shell:Creating package script '/ws/install/openarmx_can/share/openarmx_can/package.sh'
[0.459s] INFO:colcon.colcon_core.shell:Creating package script '/ws/install/openarmx_can/share/openarmx_can/package.bash'
[0.459s] INFO:colcon.colcon_core.shell:Creating package script '/ws/install/openarmx_can/share/openarmx_can/package.zsh'
[0.459s] Level 1:colcon.colcon_core.environment:create_file_with_runtime_dependencies(/ws/install/openarmx_can/share/colcon-core/packages/openarmx_can)
[0.459s] Level 1:colcon.colcon_core.environment:create_environment_scripts_only(openarmx_kp_kd_panel)
[0.459s] Level 1:colcon.colcon_core.environment:checking '/ws/install/openarmx_kp_kd_panel' for CMake module files
[0.459s] DEBUG:colcon.colcon_core.event_handler.log_command:Invoked command in '/ws/build/openarmx_kp_kd_panel' returned '0': CMAKE_PREFIX_PATH=${CMAKE_PREFIX_PATH}:/ws/install/openarmx_teach:/opt/ros/humble /usr/bin/cmake --install /ws/build/openarmx_kp_kd_panel
[0.460s] Level 1:colcon.colcon_core.environment:checking '/ws/install/openarmx_kp_kd_panel' for CMake config files
[0.460s] Level 1:colcon.colcon_core.shell:create_environment_hook('openarmx_kp_kd_panel', 'cmake_prefix_path')
[0.460s] INFO:colcon.colcon_core.shell:Creating environment hook '/ws/install/openarmx_kp_kd_panel/share/openarmx_kp_kd_panel/hook/cmake_prefix_path.ps1'
[0.460s] INFO:colcon.colcon_core.shell:Creating environment descriptor '/ws/install/openarmx_kp_kd_panel/share/openarmx_kp_kd_panel/hook/cmake_prefix_path.dsv'
[0.460s] INFO:colcon.colcon_core.shell:Creating environment hook '/ws/install/openarmx_kp_kd_panel/share/openarmx_kp_kd_panel/hook/cmake_prefix_path.sh'
[0.460s] Level 1:colcon.colcon_core.environment:checking '/ws/install/openarmx_kp_kd_panel/lib'
[0.460s] Level 1:colcon.colcon_core.shell:create_environment_hook('openarmx_kp_kd_panel', 'ld_library_path_lib')
[0.460s] INFO:colcon.colcon_core.shell:Creating environment hook '/ws/install/openarmx_kp_kd_panel/share/openarmx_kp_kd_panel/hook/ld_library_path_lib.ps1'
[0.461s] INFO:colcon.colcon_core.shell:Creating environment descriptor '/ws/install/openarmx_kp_kd_panel/share/openarmx_kp_kd_panel/hook/ld_library_path_lib.dsv'
[0.461s] INFO:colcon.colcon_core.shell:Creating environment hook '/ws/install/openarmx_kp_kd_panel/share/openarmx_kp_kd_panel/hook/ld_library_path_lib.sh'
[0.461s] Level 1:colcon.colcon_core.environment:checking '/ws/install/openarmx_kp_kd_panel/bin'
[0.461s] Level 1:colcon.colcon_core.environment:checking '/ws/install/openarmx_kp_kd_panel/lib/pkgconfig/openarmx_kp_kd_panel.pc'
[0.461s] Level 1:colcon.colcon_core.environment:checking '/ws/install/openarmx_kp_kd_panel/lib/python3.10/site-packages'
[0.461s] Level 1:colcon.colcon_core.environment:checking '/ws/install/openarmx_kp_kd_panel/bin'
[0.461s] INFO:colcon.colcon_core.shell:Creating package script '/ws/install/openarmx_kp_kd_panel/share/openarmx_kp_kd_panel/package.ps1'
[0.461s] INFO:colcon.colcon_core.shell:Creating package descriptor '/ws/install/openarmx_kp_kd_panel/share/openarmx_kp_kd_panel/package.dsv'
[0.462s] INFO:colcon.colcon_core.shell:Creating package script '/ws/install/openarmx_kp_kd_panel/share/openarmx_kp_kd_panel/package.sh'
[0.462s] INFO:colcon.colcon_core.shell:Creating package script '/ws/install/openarmx_kp_kd_panel/share/openarmx_kp_kd_panel/package.bash'
[0.462s] INFO:colcon.colcon_core.shell:Creating package script '/ws/install/openarmx_kp_kd_panel/share/openarmx_kp_kd_panel/package.zsh'
[0.462s] Level 1:colcon.colcon_core.environment:create_file_with_runtime_dependencies(/ws/install/openarmx_kp_kd_panel/share/colcon-core/packages/openarmx_kp_kd_panel)
[0.462s] Level 1:colcon.colcon_core.environment:create_environment_scripts_only(openarmx_kp_kd_panel)
[0.462s] Level 1:colcon.colcon_core.environment:checking '/ws/install/openarmx_kp_kd_panel' for CMake module files
[0.463s] Level 1:colcon.colcon_core.environment:checking '/ws/install/openarmx_kp_kd_panel' for CMake config files
[0.463s] Level 1:colcon.colcon_core.shell:create_environment_hook('openarmx_kp_kd_panel', 'cmake_prefix_path')
[0.463s] INFO:colcon.colcon_core.shell:Creating environment hook '/ws/install/openarmx_kp_kd_panel/share/openarmx_kp_kd_panel/hook/cmake_prefix_path.ps1'
[0.463s] INFO:colcon.colcon_core.shell:Creating environment descriptor '/ws/install/openarmx_kp_kd_panel/share/openarmx_kp_kd_panel/hook/cmake_prefix_path.dsv'
[0.463s] INFO:colcon.colcon_core.shell:Creating environment hook '/ws/install/openarmx_kp_kd_panel/share/openarmx_kp_kd_panel/hook/cmake_prefix_path.sh'
[0.463s] Level 1:colcon.colcon_core.environment:checking '/ws/install/openarmx_kp_kd_panel/lib'
[0.463s] Level 1:colcon.colcon_core.shell:create_environment_hook('openarmx_kp_kd_panel', 'ld_library_path_lib')
[0.463s] INFO:colcon.colcon_core.shell:Creating environment hook '/ws/install/openarmx_kp_kd_panel/share/openarmx_kp_kd_panel/hook/ld_library_path_lib.ps1'
[0.463s] INFO:colcon.colcon_core.shell:Creating environment descriptor '/ws/install/openarmx_kp_kd_panel/share/openarmx_kp_kd_panel/hook/ld_library_path_lib.dsv'
[0.464s] INFO:colcon.colcon_core.shell:Creating environment hook '/ws/install/openarmx_kp_kd_panel/share/openarmx_kp_kd_panel/hook/ld_library_path_lib.sh'
[0.464s] Level 1:colcon.colcon_core.environment:checking '/ws/install/openarmx_kp_kd_panel/bin'
[0.464s] Level 1:colcon.colcon_core.environment:checking '/ws/install/openarmx_kp_kd_panel/lib/pkgconfig/openarmx_kp_kd_panel.pc'
[0.464s] Level 1:colcon.colcon_core.environment:checking '/ws/install/openarmx_kp_kd_panel/lib/python3.10/site-packages'
[0.464s] Level 1:colcon.colcon_core.environment:checking '/ws/install/openarmx_kp_kd_panel/bin'
[0.464s] INFO:colcon.colcon_core.shell:Creating package script '/ws/install/openarmx_kp_kd_panel/share/openarmx_kp_kd_panel/package.ps1'
[0.464s] INFO:colcon.colcon_core.shell:Creating package descriptor '/ws/install/openarmx_kp_kd_panel/share/openarmx_kp_kd_panel/package.dsv'
[0.465s] INFO:colcon.colcon_core.shell:Creating package script '/ws/install/openarmx_kp_kd_panel/share/openarmx_kp_kd_panel/package.sh'
[0.465s] INFO:colcon.colcon_core.shell:Creating package script '/ws/install/openarmx_kp_kd_panel/share/openarmx_kp_kd_panel/package.bash'
[0.465s] INFO:colcon.colcon_core.shell:Creating package script '/ws/install/openarmx_kp_kd_panel/share/openarmx_kp_kd_panel/package.zsh'
[0.465s] Level 1:colcon.colcon_core.environment:create_file_with_runtime_dependencies(/ws/install/openarmx_kp_kd_panel/share/colcon-core/packages/openarmx_kp_kd_panel)
[0.465s] INFO:colcon.colcon_ros.task.ament_cmake.build:Building ROS package in '/ws/src/openarmx_ros2/openarmx_hardware' with build type 'ament_cmake'
[0.465s] INFO:colcon.colcon_cmake.task.cmake.build:Building CMake package in '/ws/src/openarmx_ros2/openarmx_hardware'
[0.465s] INFO:colcon.colcon_core.shell:Skip shell extension 'powershell' for command environment: Not usable outside of PowerShell
[0.466s] DEBUG:colcon.colcon_core.shell:Skip shell extension 'dsv' for command environment
[0.467s] INFO:colcon.colcon_ros.task.ament_cmake.build:Building ROS package in '/ws/src/openarmx_teleop_leader' with build type 'ament_cmake'
[0.467s] INFO:colcon.colcon_cmake.task.cmake.build:Building CMake package in '/ws/src/openarmx_teleop_leader'
[0.467s] INFO:colcon.colcon_core.shell:Skip shell extension 'powershell' for command environment: Not usable outside of PowerShell
[0.467s] DEBUG:colcon.colcon_core.shell:Skip shell extension 'dsv' for command environment
[0.469s] Level 1:colcon.colcon_core.environment:create_environment_scripts_only(openarmx_description)
[0.469s] Level 1:colcon.colcon_core.environment:checking '/ws/install/openarmx_description' for CMake module files
[0.469s] DEBUG:colcon.colcon_core.event_handler.log_command:Invoked command in '/ws/build/openarmx_description' returned '0': CMAKE_PREFIX_PATH=${CMAKE_PREFIX_PATH}:/ws/install/openarmx_teach:/opt/ros/humble /usr/bin/cmake --install /ws/build/openarmx_description
[0.470s] Level 1:colcon.colcon_core.environment:checking '/ws/install/openarmx_description' for CMake config files
[0.470s] Level 1:colcon.colcon_core.shell:create_environment_hook('openarmx_description', 'cmake_prefix_path')
[0.470s] INFO:colcon.colcon_core.shell:Creating environment hook '/ws/install/openarmx_description/share/openarmx_description/hook/cmake_prefix_path.ps1'
[0.470s] INFO:colcon.colcon_core.shell:Creating environment descriptor '/ws/install/openarmx_description/share/openarmx_description/hook/cmake_prefix_path.dsv'
[0.470s] INFO:colcon.colcon_core.shell:Creating environment hook '/ws/install/openarmx_description/share/openarmx_description/hook/cmake_prefix_path.sh'
[0.470s] Level 1:colcon.colcon_core.environment:checking '/ws/install/openarmx_description/bin'
[0.470s] Level 1:colcon.colcon_core.environment:checking '/ws/install/openarmx_description/lib/pkgconfig/openarmx_description.pc'
[0.470s] Level 1:colcon.colcon_core.environment:checking '/ws/install/openarmx_description/lib/python3.10/site-packages'
[0.471s] Level 1:colcon.colcon_core.environment:checking '/ws/install/openarmx_description/bin'
[0.471s] INFO:colcon.colcon_core.shell:Creating package script '/ws/install/openarmx_description/share/openarmx_description/package.ps1'
[0.471s] INFO:colcon.colcon_core.shell:Creating package descriptor '/ws/install/openarmx_description/share/openarmx_description/package.dsv'
[0.471s] INFO:colcon.colcon_core.shell:Creating package script '/ws/install/openarmx_description/share/openarmx_description/package.sh'
[0.471s] INFO:colcon.colcon_core.shell:Creating package script '/ws/install/openarmx_description/share/openarmx_description/package.bash'
[0.471s] INFO:colcon.colcon_core.shell:Creating package script '/ws/install/openarmx_description/share/openarmx_description/package.zsh'
[0.472s] Level 1:colcon.colcon_core.environment:create_file_with_runtime_dependencies(/ws/install/openarmx_description/share/colcon-core/packages/openarmx_description)
[0.472s] Level 1:colcon.colcon_core.environment:create_environment_scripts_only(openarmx_description)
[0.472s] Level 1:colcon.colcon_core.environment:checking '/ws/install/openarmx_description' for CMake module files
[0.472s] Level 1:colcon.colcon_core.environment:checking '/ws/install/openarmx_description' for CMake config files
[0.472s] Level 1:colcon.colcon_core.shell:create_environment_hook('openarmx_description', 'cmake_prefix_path')
[0.472s] INFO:colcon.colcon_core.shell:Creating environment hook '/ws/install/openarmx_description/share/openarmx_description/hook/cmake_prefix_path.ps1'
[0.472s] INFO:colcon.colcon_core.shell:Creating environment descriptor '/ws/install/openarmx_description/share/openarmx_description/hook/cmake_prefix_path.dsv'
[0.473s] INFO:colcon.colcon_core.shell:Creating environment hook '/ws/install/openarmx_description/share/openarmx_description/hook/cmake_prefix_path.sh'
[0.473s] Level 1:colcon.colcon_core.environment:checking '/ws/install/openarmx_description/bin'
[0.473s] Level 1:colcon.colcon_core.environment:checking '/ws/install/openarmx_description/lib/pkgconfig/openarmx_description.pc'
[0.473s] Level 1:colcon.colcon_core.environment:checking '/ws/install/openarmx_description/lib/python3.10/site-packages'
[0.473s] Level 1:colcon.colcon_core.environment:checking '/ws/install/openarmx_description/bin'
[0.473s] INFO:colcon.colcon_core.shell:Creating package script '/ws/install/openarmx_description/share/openarmx_description/package.ps1'
[0.473s] INFO:colcon.colcon_core.shell:Creating package descriptor '/ws/install/openarmx_description/share/openarmx_description/package.dsv'
[0.474s] INFO:colcon.colcon_core.shell:Creating package script '/ws/install/openarmx_description/share/openarmx_description/package.sh'
[0.474s] INFO:colcon.colcon_core.shell:Creating package script '/ws/install/openarmx_description/share/openarmx_description/package.bash'
[0.474s] INFO:colcon.colcon_core.shell:Creating package script '/ws/install/openarmx_description/share/openarmx_description/package.zsh'
[0.474s] Level 1:colcon.colcon_core.environment:create_file_with_runtime_dependencies(/ws/install/openarmx_description/share/colcon-core/packages/openarmx_description)
[0.474s] Level 1:colcon.colcon_core.environment:create_environment_scripts_only(openarmx_gripper_panel)
[0.474s] Level 1:colcon.colcon_core.environment:checking '/ws/install/openarmx_gripper_panel' for CMake module files
[0.475s] DEBUG:colcon.colcon_core.event_handler.log_command:Invoked command in '/ws/build/openarmx_gripper_panel' returned '0': CMAKE_PREFIX_PATH=${CMAKE_PREFIX_PATH}:/ws/install/openarmx_teach:/opt/ros/humble /usr/bin/cmake --install /ws/build/openarmx_gripper_panel
[0.475s] Level 1:colcon.colcon_core.environment:checking '/ws/install/openarmx_gripper_panel' for CMake config files
[0.475s] Level 1:colcon.colcon_core.shell:create_environment_hook('openarmx_gripper_panel', 'cmake_prefix_path')
[0.475s] INFO:colcon.colcon_core.shell:Creating environment hook '/ws/install/openarmx_gripper_panel/share/openarmx_gripper_panel/hook/cmake_prefix_path.ps1'
[0.475s] INFO:colcon.colcon_core.shell:Creating environment descriptor '/ws/install/openarmx_gripper_panel/share/openarmx_gripper_panel/hook/cmake_prefix_path.dsv'
[0.475s] INFO:colcon.colcon_core.shell:Creating environment hook '/ws/install/openarmx_gripper_panel/share/openarmx_gripper_panel/hook/cmake_prefix_path.sh'
[0.475s] Level 1:colcon.colcon_core.environment:checking '/ws/install/openarmx_gripper_panel/lib'
[0.475s] Level 1:colcon.colcon_core.shell:create_environment_hook('openarmx_gripper_panel', 'ld_library_path_lib')
[0.475s] INFO:colcon.colcon_core.shell:Creating environment hook '/ws/install/openarmx_gripper_panel/share/openarmx_gripper_panel/hook/ld_library_path_lib.ps1'
[0.476s] INFO:colcon.colcon_core.shell:Creating environment descriptor '/ws/install/openarmx_gripper_panel/share/openarmx_gripper_panel/hook/ld_library_path_lib.dsv'
[0.476s] INFO:colcon.colcon_core.shell:Creating environment hook '/ws/install/openarmx_gripper_panel/share/openarmx_gripper_panel/hook/ld_library_path_lib.sh'
[0.476s] Level 1:colcon.colcon_core.environment:checking '/ws/install/openarmx_gripper_panel/bin'
[0.476s] Level 1:colcon.colcon_core.environment:checking '/ws/install/openarmx_gripper_panel/lib/pkgconfig/openarmx_gripper_panel.pc'
[0.476s] Level 1:colcon.colcon_core.environment:checking '/ws/install/openarmx_gripper_panel/lib/python3.10/site-packages'
[0.476s] Level 1:colcon.colcon_core.environment:checking '/ws/install/openarmx_gripper_panel/bin'
[0.476s] INFO:colcon.colcon_core.shell:Creating package script '/ws/install/openarmx_gripper_panel/share/openarmx_gripper_panel/package.ps1'
[0.477s] INFO:colcon.colcon_core.shell:Creating package descriptor '/ws/install/openarmx_gripper_panel/share/openarmx_gripper_panel/package.dsv'
[0.477s] INFO:colcon.colcon_core.shell:Creating package script '/ws/install/openarmx_gripper_panel/share/openarmx_gripper_panel/package.sh'
[0.477s] INFO:colcon.colcon_core.shell:Creating package script '/ws/install/openarmx_gripper_panel/share/openarmx_gripper_panel/package.bash'
[0.477s] INFO:colcon.colcon_core.shell:Creating package script '/ws/install/openarmx_gripper_panel/share/openarmx_gripper_panel/package.zsh'
[0.477s] Level 1:colcon.colcon_core.environment:create_file_with_runtime_dependencies(/ws/install/openarmx_gripper_panel/share/colcon-core/packages/openarmx_gripper_panel)
[0.477s] Level 1:colcon.colcon_core.environment:create_environment_scripts_only(openarmx_gripper_panel)
[0.477s] Level 1:colcon.colcon_core.environment:checking '/ws/install/openarmx_gripper_panel' for CMake module files
[0.478s] Level 1:colcon.colcon_core.environment:checking '/ws/install/openarmx_gripper_panel' for CMake config files
[0.478s] Level 1:colcon.colcon_core.shell:create_environment_hook('openarmx_gripper_panel', 'cmake_prefix_path')
[0.478s] INFO:colcon.colcon_core.shell:Creating environment hook '/ws/install/openarmx_gripper_panel/share/openarmx_gripper_panel/hook/cmake_prefix_path.ps1'
[0.478s] INFO:colcon.colcon_core.shell:Creating environment descriptor '/ws/install/openarmx_gripper_panel/share/openarmx_gripper_panel/hook/cmake_prefix_path.dsv'
[0.478s] INFO:colcon.colcon_core.shell:Creating environment hook '/ws/install/openarmx_gripper_panel/share/openarmx_gripper_panel/hook/cmake_prefix_path.sh'
[0.478s] Level 1:colcon.colcon_core.environment:checking '/ws/install/openarmx_gripper_panel/lib'
[0.478s] Level 1:colcon.colcon_core.shell:create_environment_hook('openarmx_gripper_panel', 'ld_library_path_lib')
[0.478s] INFO:colcon.colcon_core.shell:Creating environment hook '/ws/install/openarmx_gripper_panel/share/openarmx_gripper_panel/hook/ld_library_path_lib.ps1'
[0.479s] INFO:colcon.colcon_core.shell:Creating environment descriptor '/ws/install/openarmx_gripper_panel/share/openarmx_gripper_panel/hook/ld_library_path_lib.dsv'
[0.479s] INFO:colcon.colcon_core.shell:Creating environment hook '/ws/install/openarmx_gripper_panel/share/openarmx_gripper_panel/hook/ld_library_path_lib.sh'
[0.479s] Level 1:colcon.colcon_core.environment:checking '/ws/install/openarmx_gripper_panel/bin'
[0.479s] Level 1:colcon.colcon_core.environment:checking '/ws/install/openarmx_gripper_panel/lib/pkgconfig/openarmx_gripper_panel.pc'
[0.479s] Level 1:colcon.colcon_core.environment:checking '/ws/install/openarmx_gripper_panel/lib/python3.10/site-packages'
[0.479s] Level 1:colcon.colcon_core.environment:checking '/ws/install/openarmx_gripper_panel/bin'
[0.479s] INFO:colcon.colcon_core.shell:Creating package script '/ws/install/openarmx_gripper_panel/share/openarmx_gripper_panel/package.ps1'
[0.480s] INFO:colcon.colcon_core.shell:Creating package descriptor '/ws/install/openarmx_gripper_panel/share/openarmx_gripper_panel/package.dsv'
[0.480s] INFO:colcon.colcon_core.shell:Creating package script '/ws/install/openarmx_gripper_panel/share/openarmx_gripper_panel/package.sh'
[0.480s] INFO:colcon.colcon_core.shell:Creating package script '/ws/install/openarmx_gripper_panel/share/openarmx_gripper_panel/package.bash'
[0.480s] INFO:colcon.colcon_core.shell:Creating package script '/ws/install/openarmx_gripper_panel/share/openarmx_gripper_panel/package.zsh'
[0.480s] Level 1:colcon.colcon_core.environment:create_file_with_runtime_dependencies(/ws/install/openarmx_gripper_panel/share/colcon-core/packages/openarmx_gripper_panel)
[0.481s] INFO:colcon.colcon_ros.task.ament_cmake.build:Building ROS package in '/ws/src/openarmx_ros2/openarmx_bimanual_moveit_config' with build type 'ament_cmake'
[0.481s] INFO:colcon.colcon_cmake.task.cmake.build:Building CMake package in '/ws/src/openarmx_ros2/openarmx_bimanual_moveit_config'
[0.481s] INFO:colcon.colcon_core.shell:Skip shell extension 'powershell' for command environment: Not usable outside of PowerShell
[0.481s] DEBUG:colcon.colcon_core.shell:Skip shell extension 'dsv' for command environment
[0.484s] DEBUG:colcon.colcon_core.event_handler.log_command:Invoking command in '/ws/build/openarmx_hardware': CMAKE_PREFIX_PATH=/ws/install/openarmx_can:/ws/install/openarmx_teleop_leader:/ws/install/openarmx_kp_kd_panel:/ws/install/openarmx:/ws/install/openarmx_hardware:/ws/install/openarmx_gripper_panel:/ws/install/openarmx_bimanual_moveit_config:/ws/install/openarmx_description:/ws/install/openarmx_bringup:/ws/install/openarmx_teach:/opt/ros/humble /usr/bin/cmake --build /ws/build/openarmx_hardware -- -j20 -l20
[0.485s] DEBUG:colcon.colcon_core.event_handler.log_command:Invoking command in '/ws/build/openarmx_teleop_leader': CMAKE_PREFIX_PATH=/ws/install/openarmx_can:/ws/install/openarmx_teleop_leader:/ws/install/openarmx_kp_kd_panel:/ws/install/openarmx:/ws/install/openarmx_hardware:/ws/install/openarmx_gripper_panel:/ws/install/openarmx_bimanual_moveit_config:/ws/install/openarmx_description:/ws/install/openarmx_bringup:/ws/install/openarmx_teach:/opt/ros/humble /usr/bin/cmake --build /ws/build/openarmx_teleop_leader -- -j20 -l20
[0.487s] DEBUG:colcon.colcon_core.event_handler.log_command:Invoking command in '/ws/build/openarmx_bimanual_moveit_config': CMAKE_PREFIX_PATH=/ws/install/openarmx_description:/ws/install/openarmx_teleop_leader:/ws/install/openarmx_kp_kd_panel:/ws/install/openarmx:/ws/install/openarmx_hardware:/ws/install/openarmx_gripper_panel:/ws/install/openarmx_bimanual_moveit_config:/ws/install/openarmx_can:/ws/install/openarmx_bringup:/ws/install/openarmx_teach:/opt/ros/humble /usr/bin/cmake --build /ws/build/openarmx_bimanual_moveit_config -- -j20 -l20
[0.509s] DEBUG:colcon.colcon_core.event_handler.log_command:Invoked command in '/ws/build/openarmx_bimanual_moveit_config' returned '0': CMAKE_PREFIX_PATH=/ws/install/openarmx_description:/ws/install/openarmx_teleop_leader:/ws/install/openarmx_kp_kd_panel:/ws/install/openarmx:/ws/install/openarmx_hardware:/ws/install/openarmx_gripper_panel:/ws/install/openarmx_bimanual_moveit_config:/ws/install/openarmx_can:/ws/install/openarmx_bringup:/ws/install/openarmx_teach:/opt/ros/humble /usr/bin/cmake --build /ws/build/openarmx_bimanual_moveit_config -- -j20 -l20
[0.510s] DEBUG:colcon.colcon_core.event_handler.log_command:Invoking command in '/ws/build/openarmx_bimanual_moveit_config': CMAKE_PREFIX_PATH=/ws/install/openarmx_description:/ws/install/openarmx_teleop_leader:/ws/install/openarmx_kp_kd_panel:/ws/install/openarmx:/ws/install/openarmx_hardware:/ws/install/openarmx_gripper_panel:/ws/install/openarmx_bimanual_moveit_config:/ws/install/openarmx_can:/ws/install/openarmx_bringup:/ws/install/openarmx_teach:/opt/ros/humble /usr/bin/cmake --install /ws/build/openarmx_bimanual_moveit_config
[0.519s] Level 1:colcon.colcon_core.environment:create_environment_scripts_only(openarmx_bimanual_moveit_config)
[0.519s] Level 1:colcon.colcon_core.environment:checking '/ws/install/openarmx_bimanual_moveit_config' for CMake module files
[0.519s] DEBUG:colcon.colcon_core.event_handler.log_command:Invoked command in '/ws/build/openarmx_bimanual_moveit_config' returned '0': CMAKE_PREFIX_PATH=/ws/install/openarmx_description:/ws/install/openarmx_teleop_leader:/ws/install/openarmx_kp_kd_panel:/ws/install/openarmx:/ws/install/openarmx_hardware:/ws/install/openarmx_gripper_panel:/ws/install/openarmx_bimanual_moveit_config:/ws/install/openarmx_can:/ws/install/openarmx_bringup:/ws/install/openarmx_teach:/opt/ros/humble /usr/bin/cmake --install /ws/build/openarmx_bimanual_moveit_config
[0.519s] Level 1:colcon.colcon_core.environment:checking '/ws/install/openarmx_bimanual_moveit_config' for CMake config files
[0.519s] Level 1:colcon.colcon_core.shell:create_environment_hook('openarmx_bimanual_moveit_config', 'cmake_prefix_path')
[0.520s] INFO:colcon.colcon_core.shell:Creating environment hook '/ws/install/openarmx_bimanual_moveit_config/share/openarmx_bimanual_moveit_config/hook/cmake_prefix_path.ps1'
[0.520s] INFO:colcon.colcon_core.shell:Creating environment descriptor '/ws/install/openarmx_bimanual_moveit_config/share/openarmx_bimanual_moveit_config/hook/cmake_prefix_path.dsv'
[0.520s] INFO:colcon.colcon_core.shell:Creating environment hook '/ws/install/openarmx_bimanual_moveit_config/share/openarmx_bimanual_moveit_config/hook/cmake_prefix_path.sh'
[0.520s] Level 1:colcon.colcon_core.environment:checking '/ws/install/openarmx_bimanual_moveit_config/bin'
[0.520s] Level 1:colcon.colcon_core.environment:checking '/ws/install/openarmx_bimanual_moveit_config/lib/pkgconfig/openarmx_bimanual_moveit_config.pc'
[0.520s] Level 1:colcon.colcon_core.environment:checking '/ws/install/openarmx_bimanual_moveit_config/lib/python3.10/site-packages'
[0.520s] Level 1:colcon.colcon_core.environment:checking '/ws/install/openarmx_bimanual_moveit_config/bin'
[0.521s] INFO:colcon.colcon_core.shell:Creating package script '/ws/install/openarmx_bimanual_moveit_config/share/openarmx_bimanual_moveit_config/package.ps1'
[0.521s] INFO:colcon.colcon_core.shell:Creating package descriptor '/ws/install/openarmx_bimanual_moveit_config/share/openarmx_bimanual_moveit_config/package.dsv'
[0.521s] INFO:colcon.colcon_core.shell:Creating package script '/ws/install/openarmx_bimanual_moveit_config/share/openarmx_bimanual_moveit_config/package.sh'
[0.521s] INFO:colcon.colcon_core.shell:Creating package script '/ws/install/openarmx_bimanual_moveit_config/share/openarmx_bimanual_moveit_config/package.bash'
[0.521s] INFO:colcon.colcon_core.shell:Creating package script '/ws/install/openarmx_bimanual_moveit_config/share/openarmx_bimanual_moveit_config/package.zsh'
[0.522s] Level 1:colcon.colcon_core.environment:create_file_with_runtime_dependencies(/ws/install/openarmx_bimanual_moveit_config/share/colcon-core/packages/openarmx_bimanual_moveit_config)
[0.522s] Level 1:colcon.colcon_core.environment:create_environment_scripts_only(openarmx_bimanual_moveit_config)
[0.522s] Level 1:colcon.colcon_core.environment:checking '/ws/install/openarmx_bimanual_moveit_config' for CMake module files
[0.522s] Level 1:colcon.colcon_core.environment:checking '/ws/install/openarmx_bimanual_moveit_config' for CMake config files
[0.522s] Level 1:colcon.colcon_core.shell:create_environment_hook('openarmx_bimanual_moveit_config', 'cmake_prefix_path')
[0.522s] INFO:colcon.colcon_core.shell:Creating environment hook '/ws/install/openarmx_bimanual_moveit_config/share/openarmx_bimanual_moveit_config/hook/cmake_prefix_path.ps1'
[0.523s] INFO:colcon.colcon_core.shell:Creating environment descriptor '/ws/install/openarmx_bimanual_moveit_config/share/openarmx_bimanual_moveit_config/hook/cmake_prefix_path.dsv'
[0.523s] INFO:colcon.colcon_core.shell:Creating environment hook '/ws/install/openarmx_bimanual_moveit_config/share/openarmx_bimanual_moveit_config/hook/cmake_prefix_path.sh'
[0.523s] Level 1:colcon.colcon_core.environment:checking '/ws/install/openarmx_bimanual_moveit_config/bin'
[0.523s] Level 1:colcon.colcon_core.environment:checking '/ws/install/openarmx_bimanual_moveit_config/lib/pkgconfig/openarmx_bimanual_moveit_config.pc'
[0.523s] Level 1:colcon.colcon_core.environment:checking '/ws/install/openarmx_bimanual_moveit_config/lib/python3.10/site-packages'
[0.523s] Level 1:colcon.colcon_core.environment:checking '/ws/install/openarmx_bimanual_moveit_config/bin'
[0.523s] INFO:colcon.colcon_core.shell:Creating package script '/ws/install/openarmx_bimanual_moveit_config/share/openarmx_bimanual_moveit_config/package.ps1'
[0.524s] INFO:colcon.colcon_core.shell:Creating package descriptor '/ws/install/openarmx_bimanual_moveit_config/share/openarmx_bimanual_moveit_config/package.dsv'
[0.524s] INFO:colcon.colcon_core.shell:Creating package script '/ws/install/openarmx_bimanual_moveit_config/share/openarmx_bimanual_moveit_config/package.sh'
[0.524s] INFO:colcon.colcon_core.shell:Creating package script '/ws/install/openarmx_bimanual_moveit_config/share/openarmx_bimanual_moveit_config/package.bash'
[0.524s] INFO:colcon.colcon_core.shell:Creating package script '/ws/install/openarmx_bimanual_moveit_config/share/openarmx_bimanual_moveit_config/package.zsh'
[0.524s] Level 1:colcon.colcon_core.environment:create_file_with_runtime_dependencies(/ws/install/openarmx_bimanual_moveit_config/share/colcon-core/packages/openarmx_bimanual_moveit_config)
[0.527s] DEBUG:colcon.colcon_core.event_handler.log_command:Invoked command in '/ws/build/openarmx_hardware' returned '0': CMAKE_PREFIX_PATH=/ws/install/openarmx_can:/ws/install/openarmx_teleop_leader:/ws/install/openarmx_kp_kd_panel:/ws/install/openarmx:/ws/install/openarmx_hardware:/ws/install/openarmx_gripper_panel:/ws/install/openarmx_bimanual_moveit_config:/ws/install/openarmx_description:/ws/install/openarmx_bringup:/ws/install/openarmx_teach:/opt/ros/humble /usr/bin/cmake --build /ws/build/openarmx_hardware -- -j20 -l20
[0.528s] DEBUG:colcon.colcon_core.event_handler.log_command:Invoking command in '/ws/build/openarmx_hardware': CMAKE_PREFIX_PATH=/ws/install/openarmx_can:/ws/install/openarmx_teleop_leader:/ws/install/openarmx_kp_kd_panel:/ws/install/openarmx:/ws/install/openarmx_hardware:/ws/install/openarmx_gripper_panel:/ws/install/openarmx_bimanual_moveit_config:/ws/install/openarmx_description:/ws/install/openarmx_bringup:/ws/install/openarmx_teach:/opt/ros/humble /usr/bin/cmake --install /ws/build/openarmx_hardware
[0.539s] Level 1:colcon.colcon_core.environment:create_environment_scripts_only(openarmx_hardware)
[0.540s] Level 1:colcon.colcon_core.environment:checking '/ws/install/openarmx_hardware' for CMake module files
[0.540s] DEBUG:colcon.colcon_core.event_handler.log_command:Invoked command in '/ws/build/openarmx_hardware' returned '0': CMAKE_PREFIX_PATH=/ws/install/openarmx_can:/ws/install/openarmx_teleop_leader:/ws/install/openarmx_kp_kd_panel:/ws/install/openarmx:/ws/install/openarmx_hardware:/ws/install/openarmx_gripper_panel:/ws/install/openarmx_bimanual_moveit_config:/ws/install/openarmx_description:/ws/install/openarmx_bringup:/ws/install/openarmx_teach:/opt/ros/humble /usr/bin/cmake --install /ws/build/openarmx_hardware
[0.540s] Level 1:colcon.colcon_core.environment:checking '/ws/install/openarmx_hardware' for CMake config files
[0.540s] Level 1:colcon.colcon_core.shell:create_environment_hook('openarmx_hardware', 'cmake_prefix_path')
[0.541s] INFO:colcon.colcon_core.shell:Creating environment hook '/ws/install/openarmx_hardware/share/openarmx_hardware/hook/cmake_prefix_path.ps1'
[0.541s] INFO:colcon.colcon_core.shell:Creating environment descriptor '/ws/install/openarmx_hardware/share/openarmx_hardware/hook/cmake_prefix_path.dsv'
[0.541s] INFO:colcon.colcon_core.shell:Creating environment hook '/ws/install/openarmx_hardware/share/openarmx_hardware/hook/cmake_prefix_path.sh'
[0.542s] Level 1:colcon.colcon_core.environment:checking '/ws/install/openarmx_hardware/lib'
[0.542s] Level 1:colcon.colcon_core.shell:create_environment_hook('openarmx_hardware', 'ld_library_path_lib')
[0.542s] INFO:colcon.colcon_core.shell:Creating environment hook '/ws/install/openarmx_hardware/share/openarmx_hardware/hook/ld_library_path_lib.ps1'
[0.542s] INFO:colcon.colcon_core.shell:Creating environment descriptor '/ws/install/openarmx_hardware/share/openarmx_hardware/hook/ld_library_path_lib.dsv'
[0.543s] INFO:colcon.colcon_core.shell:Creating environment hook '/ws/install/openarmx_hardware/share/openarmx_hardware/hook/ld_library_path_lib.sh'
[0.543s] Level 1:colcon.colcon_core.environment:checking '/ws/install/openarmx_hardware/bin'
[0.543s] Level 1:colcon.colcon_core.environment:checking '/ws/install/openarmx_hardware/lib/pkgconfig/openarmx_hardware.pc'
[0.543s] Level 1:colcon.colcon_core.environment:checking '/ws/install/openarmx_hardware/lib/python3.10/site-packages'
[0.543s] Level 1:colcon.colcon_core.environment:checking '/ws/install/openarmx_hardware/bin'
[0.544s] INFO:colcon.colcon_core.shell:Creating package script '/ws/install/openarmx_hardware/share/openarmx_hardware/package.ps1'
[0.544s] INFO:colcon.colcon_core.shell:Creating package descriptor '/ws/install/openarmx_hardware/share/openarmx_hardware/package.dsv'
[0.545s] INFO:colcon.colcon_core.shell:Creating package script '/ws/install/openarmx_hardware/share/openarmx_hardware/package.sh'
[0.545s] INFO:colcon.colcon_core.shell:Creating package script '/ws/install/openarmx_hardware/share/openarmx_hardware/package.bash'
[0.545s] INFO:colcon.colcon_core.shell:Creating package script '/ws/install/openarmx_hardware/share/openarmx_hardware/package.zsh'
[0.545s] Level 1:colcon.colcon_core.environment:create_file_with_runtime_dependencies(/ws/install/openarmx_hardware/share/colcon-core/packages/openarmx_hardware)
[0.545s] Level 1:colcon.colcon_core.environment:create_environment_scripts_only(openarmx_hardware)
[0.546s] Level 1:colcon.colcon_core.environment:checking '/ws/install/openarmx_hardware' for CMake module files
[0.546s] Level 1:colcon.colcon_core.environment:checking '/ws/install/openarmx_hardware' for CMake config files
[0.546s] Level 1:colcon.colcon_core.shell:create_environment_hook('openarmx_hardware', 'cmake_prefix_path')
[0.546s] INFO:colcon.colcon_core.shell:Creating environment hook '/ws/install/openarmx_hardware/share/openarmx_hardware/hook/cmake_prefix_path.ps1'
[0.546s] INFO:colcon.colcon_core.shell:Creating environment descriptor '/ws/install/openarmx_hardware/share/openarmx_hardware/hook/cmake_prefix_path.dsv'
[0.546s] INFO:colcon.colcon_core.shell:Creating environment hook '/ws/install/openarmx_hardware/share/openarmx_hardware/hook/cmake_prefix_path.sh'
[0.547s] Level 1:colcon.colcon_core.environment:checking '/ws/install/openarmx_hardware/lib'
[0.547s] Level 1:colcon.colcon_core.shell:create_environment_hook('openarmx_hardware', 'ld_library_path_lib')
[0.547s] INFO:colcon.colcon_core.shell:Creating environment hook '/ws/install/openarmx_hardware/share/openarmx_hardware/hook/ld_library_path_lib.ps1'
[0.547s] INFO:colcon.colcon_core.shell:Creating environment descriptor '/ws/install/openarmx_hardware/share/openarmx_hardware/hook/ld_library_path_lib.dsv'
[0.547s] INFO:colcon.colcon_core.shell:Creating environment hook '/ws/install/openarmx_hardware/share/openarmx_hardware/hook/ld_library_path_lib.sh'
[0.547s] Level 1:colcon.colcon_core.environment:checking '/ws/install/openarmx_hardware/bin'
[0.547s] Level 1:colcon.colcon_core.environment:checking '/ws/install/openarmx_hardware/lib/pkgconfig/openarmx_hardware.pc'
[0.547s] Level 1:colcon.colcon_core.environment:checking '/ws/install/openarmx_hardware/lib/python3.10/site-packages'
[0.547s] Level 1:colcon.colcon_core.environment:checking '/ws/install/openarmx_hardware/bin'
[0.548s] INFO:colcon.colcon_core.shell:Creating package script '/ws/install/openarmx_hardware/share/openarmx_hardware/package.ps1'
[0.548s] INFO:colcon.colcon_core.shell:Creating package descriptor '/ws/install/openarmx_hardware/share/openarmx_hardware/package.dsv'
[0.548s] INFO:colcon.colcon_core.shell:Creating package script '/ws/install/openarmx_hardware/share/openarmx_hardware/package.sh'
[0.548s] INFO:colcon.colcon_core.shell:Creating package script '/ws/install/openarmx_hardware/share/openarmx_hardware/package.bash'
[0.548s] INFO:colcon.colcon_core.shell:Creating package script '/ws/install/openarmx_hardware/share/openarmx_hardware/package.zsh'
[0.548s] Level 1:colcon.colcon_core.environment:create_file_with_runtime_dependencies(/ws/install/openarmx_hardware/share/colcon-core/packages/openarmx_hardware)
[0.549s] INFO:colcon.colcon_ros.task.ament_cmake.build:Building ROS package in '/ws/src/openarmx_ros2/openarmx' with build type 'ament_cmake'
[0.549s] INFO:colcon.colcon_cmake.task.cmake.build:Building CMake package in '/ws/src/openarmx_ros2/openarmx'
[0.549s] INFO:colcon.colcon_core.shell:Skip shell extension 'powershell' for command environment: Not usable outside of PowerShell
[0.549s] DEBUG:colcon.colcon_core.shell:Skip shell extension 'dsv' for command environment
[0.551s] DEBUG:colcon.colcon_core.event_handler.log_command:Invoked command in '/ws/build/openarmx_teleop_leader' returned '0': CMAKE_PREFIX_PATH=/ws/install/openarmx_can:/ws/install/openarmx_teleop_leader:/ws/install/openarmx_kp_kd_panel:/ws/install/openarmx:/ws/install/openarmx_hardware:/ws/install/openarmx_gripper_panel:/ws/install/openarmx_bimanual_moveit_config:/ws/install/openarmx_description:/ws/install/openarmx_bringup:/ws/install/openarmx_teach:/opt/ros/humble /usr/bin/cmake --build /ws/build/openarmx_teleop_leader -- -j20 -l20
[0.552s] DEBUG:colcon.colcon_core.event_handler.log_command:Invoking command in '/ws/build/openarmx_teleop_leader': CMAKE_PREFIX_PATH=/ws/install/openarmx_can:/ws/install/openarmx_teleop_leader:/ws/install/openarmx_kp_kd_panel:/ws/install/openarmx:/ws/install/openarmx_hardware:/ws/install/openarmx_gripper_panel:/ws/install/openarmx_bimanual_moveit_config:/ws/install/openarmx_description:/ws/install/openarmx_bringup:/ws/install/openarmx_teach:/opt/ros/humble /usr/bin/cmake --install /ws/build/openarmx_teleop_leader
[0.557s] DEBUG:colcon.colcon_core.event_handler.log_command:Invoking command in '/ws/build/openarmx': CMAKE_PREFIX_PATH=/ws/install/openarmx_hardware:/ws/install/openarmx_description:/ws/install/openarmx_can:/ws/install/openarmx_bringup:/ws/install/openarmx_teleop_leader:/ws/install/openarmx_kp_kd_panel:/ws/install/openarmx:/ws/install/openarmx_gripper_panel:/ws/install/openarmx_bimanual_moveit_config:/ws/install/openarmx_teach:/opt/ros/humble LD_LIBRARY_PATH=/ws/install/openarmx_hardware/lib:/ws/install/openarmx_kp_kd_panel/lib:/ws/install/openarmx_gripper_panel/lib:/ws/install/openarmx_can/lib:/opt/ros/humble/opt/rviz_ogre_vendor/lib:/opt/ros/humble/lib/x86_64-linux-gnu:/opt/ros/humble/lib /usr/bin/cmake --build /ws/build/openarmx -- -j20 -l20
[0.567s] Level 1:colcon.colcon_core.environment:create_environment_scripts_only(openarmx_teleop_leader)
[0.567s] Level 1:colcon.colcon_core.environment:checking '/ws/install/openarmx_teleop_leader' for CMake module files
[0.567s] DEBUG:colcon.colcon_core.event_handler.log_command:Invoked command in '/ws/build/openarmx_teleop_leader' returned '0': CMAKE_PREFIX_PATH=/ws/install/openarmx_can:/ws/install/openarmx_teleop_leader:/ws/install/openarmx_kp_kd_panel:/ws/install/openarmx:/ws/install/openarmx_hardware:/ws/install/openarmx_gripper_panel:/ws/install/openarmx_bimanual_moveit_config:/ws/install/openarmx_description:/ws/install/openarmx_bringup:/ws/install/openarmx_teach:/opt/ros/humble /usr/bin/cmake --install /ws/build/openarmx_teleop_leader
[0.567s] Level 1:colcon.colcon_core.environment:checking '/ws/install/openarmx_teleop_leader' for CMake config files
[0.567s] Level 1:colcon.colcon_core.shell:create_environment_hook('openarmx_teleop_leader', 'cmake_prefix_path')
[0.567s] INFO:colcon.colcon_core.shell:Creating environment hook '/ws/install/openarmx_teleop_leader/share/openarmx_teleop_leader/hook/cmake_prefix_path.ps1'
[0.568s] INFO:colcon.colcon_core.shell:Creating environment descriptor '/ws/install/openarmx_teleop_leader/share/openarmx_teleop_leader/hook/cmake_prefix_path.dsv'
[0.568s] INFO:colcon.colcon_core.shell:Creating environment hook '/ws/install/openarmx_teleop_leader/share/openarmx_teleop_leader/hook/cmake_prefix_path.sh'
[0.568s] Level 1:colcon.colcon_core.environment:checking '/ws/install/openarmx_teleop_leader/lib'
[0.568s] Level 1:colcon.colcon_core.environment:checking '/ws/install/openarmx_teleop_leader/bin'
[0.568s] Level 1:colcon.colcon_core.environment:checking '/ws/install/openarmx_teleop_leader/lib/pkgconfig/openarmx_teleop_leader.pc'
[0.568s] Level 1:colcon.colcon_core.environment:checking '/ws/install/openarmx_teleop_leader/lib/python3.10/site-packages'
[0.568s] Level 1:colcon.colcon_core.environment:checking '/ws/install/openarmx_teleop_leader/bin'
[0.568s] INFO:colcon.colcon_core.shell:Creating package script '/ws/install/openarmx_teleop_leader/share/openarmx_teleop_leader/package.ps1'
[0.569s] INFO:colcon.colcon_core.shell:Creating package descriptor '/ws/install/openarmx_teleop_leader/share/openarmx_teleop_leader/package.dsv'
[0.569s] INFO:colcon.colcon_core.shell:Creating package script '/ws/install/openarmx_teleop_leader/share/openarmx_teleop_leader/package.sh'
[0.569s] INFO:colcon.colcon_core.shell:Creating package script '/ws/install/openarmx_teleop_leader/share/openarmx_teleop_leader/package.bash'
[0.569s] INFO:colcon.colcon_core.shell:Creating package script '/ws/install/openarmx_teleop_leader/share/openarmx_teleop_leader/package.zsh'
[0.569s] Level 1:colcon.colcon_core.environment:create_file_with_runtime_dependencies(/ws/install/openarmx_teleop_leader/share/colcon-core/packages/openarmx_teleop_leader)
[0.569s] Level 1:colcon.colcon_core.environment:create_environment_scripts_only(openarmx_teleop_leader)
[0.570s] Level 1:colcon.colcon_core.environment:checking '/ws/install/openarmx_teleop_leader' for CMake module files
[0.570s] Level 1:colcon.colcon_core.environment:checking '/ws/install/openarmx_teleop_leader' for CMake config files
[0.570s] Level 1:colcon.colcon_core.shell:create_environment_hook('openarmx_teleop_leader', 'cmake_prefix_path')
[0.570s] INFO:colcon.colcon_core.shell:Creating environment hook '/ws/install/openarmx_teleop_leader/share/openarmx_teleop_leader/hook/cmake_prefix_path.ps1'
[0.570s] INFO:colcon.colcon_core.shell:Creating environment descriptor '/ws/install/openarmx_teleop_leader/share/openarmx_teleop_leader/hook/cmake_prefix_path.dsv'
[0.570s] INFO:colcon.colcon_core.shell:Creating environment hook '/ws/install/openarmx_teleop_leader/share/openarmx_teleop_leader/hook/cmake_prefix_path.sh'
[0.570s] Level 1:colcon.colcon_core.environment:checking '/ws/install/openarmx_teleop_leader/lib'
[0.570s] Level 1:colcon.colcon_core.environment:checking '/ws/install/openarmx_teleop_leader/bin'
[0.570s] Level 1:colcon.colcon_core.environment:checking '/ws/install/openarmx_teleop_leader/lib/pkgconfig/openarmx_teleop_leader.pc'
[0.571s] Level 1:colcon.colcon_core.environment:checking '/ws/install/openarmx_teleop_leader/lib/python3.10/site-packages'
[0.571s] Level 1:colcon.colcon_core.environment:checking '/ws/install/openarmx_teleop_leader/bin'
[0.571s] INFO:colcon.colcon_core.shell:Creating package script '/ws/install/openarmx_teleop_leader/share/openarmx_teleop_leader/package.ps1'
[0.571s] INFO:colcon.colcon_core.shell:Creating package descriptor '/ws/install/openarmx_teleop_leader/share/openarmx_teleop_leader/package.dsv'
[0.571s] INFO:colcon.colcon_core.shell:Creating package script '/ws/install/openarmx_teleop_leader/share/openarmx_teleop_leader/package.sh'
[0.571s] INFO:colcon.colcon_core.shell:Creating package script '/ws/install/openarmx_teleop_leader/share/openarmx_teleop_leader/package.bash'
[0.572s] INFO:colcon.colcon_core.shell:Creating package script '/ws/install/openarmx_teleop_leader/share/openarmx_teleop_leader/package.zsh'
[0.572s] Level 1:colcon.colcon_core.environment:create_file_with_runtime_dependencies(/ws/install/openarmx_teleop_leader/share/colcon-core/packages/openarmx_teleop_leader)
[0.580s] DEBUG:colcon.colcon_core.event_handler.log_command:Invoked command in '/ws/build/openarmx' returned '0': CMAKE_PREFIX_PATH=/ws/install/openarmx_hardware:/ws/install/openarmx_description:/ws/install/openarmx_can:/ws/install/openarmx_bringup:/ws/install/openarmx_teleop_leader:/ws/install/openarmx_kp_kd_panel:/ws/install/openarmx:/ws/install/openarmx_gripper_panel:/ws/install/openarmx_bimanual_moveit_config:/ws/install/openarmx_teach:/opt/ros/humble LD_LIBRARY_PATH=/ws/install/openarmx_hardware/lib:/ws/install/openarmx_kp_kd_panel/lib:/ws/install/openarmx_gripper_panel/lib:/ws/install/openarmx_can/lib:/opt/ros/humble/opt/rviz_ogre_vendor/lib:/opt/ros/humble/lib/x86_64-linux-gnu:/opt/ros/humble/lib /usr/bin/cmake --build /ws/build/openarmx -- -j20 -l20
[0.581s] DEBUG:colcon.colcon_core.event_handler.log_command:Invoking command in '/ws/build/openarmx': CMAKE_PREFIX_PATH=/ws/install/openarmx_hardware:/ws/install/openarmx_description:/ws/install/openarmx_can:/ws/install/openarmx_bringup:/ws/install/openarmx_teleop_leader:/ws/install/openarmx_kp_kd_panel:/ws/install/openarmx:/ws/install/openarmx_gripper_panel:/ws/install/openarmx_bimanual_moveit_config:/ws/install/openarmx_teach:/opt/ros/humble LD_LIBRARY_PATH=/ws/install/openarmx_hardware/lib:/ws/install/openarmx_kp_kd_panel/lib:/ws/install/openarmx_gripper_panel/lib:/ws/install/openarmx_can/lib:/opt/ros/humble/opt/rviz_ogre_vendor/lib:/opt/ros/humble/lib/x86_64-linux-gnu:/opt/ros/humble/lib /usr/bin/cmake --install /ws/build/openarmx
[0.598s] Level 1:colcon.colcon_core.environment:create_environment_scripts_only(openarmx)
[0.599s] Level 1:colcon.colcon_core.environment:checking '/ws/install/openarmx' for CMake module files
[0.599s] DEBUG:colcon.colcon_core.event_handler.log_command:Invoked command in '/ws/build/openarmx' returned '0': CMAKE_PREFIX_PATH=/ws/install/openarmx_hardware:/ws/install/openarmx_description:/ws/install/openarmx_can:/ws/install/openarmx_bringup:/ws/install/openarmx_teleop_leader:/ws/install/openarmx_kp_kd_panel:/ws/install/openarmx:/ws/install/openarmx_gripper_panel:/ws/install/openarmx_bimanual_moveit_config:/ws/install/openarmx_teach:/opt/ros/humble LD_LIBRARY_PATH=/ws/install/openarmx_hardware/lib:/ws/install/openarmx_kp_kd_panel/lib:/ws/install/openarmx_gripper_panel/lib:/ws/install/openarmx_can/lib:/opt/ros/humble/opt/rviz_ogre_vendor/lib:/opt/ros/humble/lib/x86_64-linux-gnu:/opt/ros/humble/lib /usr/bin/cmake --install /ws/build/openarmx
[0.599s] Level 1:colcon.colcon_core.environment:checking '/ws/install/openarmx' for CMake config files
[0.599s] Level 1:colcon.colcon_core.shell:create_environment_hook('openarmx', 'cmake_prefix_path')
[0.600s] INFO:colcon.colcon_core.shell:Creating environment hook '/ws/install/openarmx/share/openarmx/hook/cmake_prefix_path.ps1'
[0.600s] INFO:colcon.colcon_core.shell:Creating environment descriptor '/ws/install/openarmx/share/openarmx/hook/cmake_prefix_path.dsv'
[0.600s] INFO:colcon.colcon_core.shell:Creating environment hook '/ws/install/openarmx/share/openarmx/hook/cmake_prefix_path.sh'
[0.601s] Level 1:colcon.colcon_core.environment:checking '/ws/install/openarmx/bin'
[0.601s] Level 1:colcon.colcon_core.environment:checking '/ws/install/openarmx/lib/pkgconfig/openarmx.pc'
[0.601s] Level 1:colcon.colcon_core.environment:checking '/ws/install/openarmx/lib/python3.10/site-packages'
[0.601s] Level 1:colcon.colcon_core.environment:checking '/ws/install/openarmx/bin'
[0.602s] INFO:colcon.colcon_core.shell:Creating package script '/ws/install/openarmx/share/openarmx/package.ps1'
[0.602s] INFO:colcon.colcon_core.shell:Creating package descriptor '/ws/install/openarmx/share/openarmx/package.dsv'
[0.602s] INFO:colcon.colcon_core.shell:Creating package script '/ws/install/openarmx/share/openarmx/package.sh'
[0.603s] INFO:colcon.colcon_core.shell:Creating package script '/ws/install/openarmx/share/openarmx/package.bash'
[0.603s] INFO:colcon.colcon_core.shell:Creating package script '/ws/install/openarmx/share/openarmx/package.zsh'
[0.603s] Level 1:colcon.colcon_core.environment:create_file_with_runtime_dependencies(/ws/install/openarmx/share/colcon-core/packages/openarmx)
[0.604s] Level 1:colcon.colcon_core.environment:create_environment_scripts_only(openarmx)
[0.604s] Level 1:colcon.colcon_core.environment:checking '/ws/install/openarmx' for CMake module files
[0.604s] Level 1:colcon.colcon_core.environment:checking '/ws/install/openarmx' for CMake config files
[0.605s] Level 1:colcon.colcon_core.shell:create_environment_hook('openarmx', 'cmake_prefix_path')
[0.605s] INFO:colcon.colcon_core.shell:Creating environment hook '/ws/install/openarmx/share/openarmx/hook/cmake_prefix_path.ps1'
[0.605s] INFO:colcon.colcon_core.shell:Creating environment descriptor '/ws/install/openarmx/share/openarmx/hook/cmake_prefix_path.dsv'
[0.605s] INFO:colcon.colcon_core.shell:Creating environment hook '/ws/install/openarmx/share/openarmx/hook/cmake_prefix_path.sh'
[0.606s] Level 1:colcon.colcon_core.environment:checking '/ws/install/openarmx/bin'
[0.606s] Level 1:colcon.colcon_core.environment:checking '/ws/install/openarmx/lib/pkgconfig/openarmx.pc'
[0.606s] Level 1:colcon.colcon_core.environment:checking '/ws/install/openarmx/lib/python3.10/site-packages'
[0.607s] Level 1:colcon.colcon_core.environment:checking '/ws/install/openarmx/bin'
[0.607s] INFO:colcon.colcon_core.shell:Creating package script '/ws/install/openarmx/share/openarmx/package.ps1'
[0.608s] INFO:colcon.colcon_core.shell:Creating package descriptor '/ws/install/openarmx/share/openarmx/package.dsv'
[0.608s] INFO:colcon.colcon_core.shell:Creating package script '/ws/install/openarmx/share/openarmx/package.sh'
[0.608s] INFO:colcon.colcon_core.shell:Creating package script '/ws/install/openarmx/share/openarmx/package.bash'
[0.608s] INFO:colcon.colcon_core.shell:Creating package script '/ws/install/openarmx/share/openarmx/package.zsh'
[0.609s] Level 1:colcon.colcon_core.environment:create_file_with_runtime_dependencies(/ws/install/openarmx/share/colcon-core/packages/openarmx)
[0.636s] DEBUG:colcon.colcon_core.event_handler.log_command:Invoking command in '/ws/build/openarmx_teach': PYTHONPATH=/ws/build/openarmx_teach/prefix_override:/usr/lib/python3/dist-packages/colcon_core/task/python/colcon_distutils_commands:/ws/install/openarmx_teach/lib/python3.10/site-packages:${PYTHONPATH} /usr/bin/python3 -W ignore:setup.py install is deprecated -W ignore:easy_install command is deprecated setup.py develop --editable --build-directory /ws/build/openarmx_teach/build --no-deps symlink_data
[0.797s] Level 1:colcon.colcon_core.shell:create_environment_hook('openarmx_teach', 'pythonpath_develop')
[0.797s] INFO:colcon.colcon_core.shell:Creating environment hook '/ws/build/openarmx_teach/share/openarmx_teach/hook/pythonpath_develop.ps1'
[0.797s] DEBUG:colcon.colcon_core.event_handler.log_command:Invoked command in '/ws/build/openarmx_teach' returned '0': PYTHONPATH=/ws/build/openarmx_teach/prefix_override:/usr/lib/python3/dist-packages/colcon_core/task/python/colcon_distutils_commands:/ws/install/openarmx_teach/lib/python3.10/site-packages:${PYTHONPATH} /usr/bin/python3 -W ignore:setup.py install is deprecated -W ignore:easy_install command is deprecated setup.py develop --editable --build-directory /ws/build/openarmx_teach/build --no-deps symlink_data
[0.798s] INFO:colcon.colcon_core.shell:Creating environment descriptor '/ws/build/openarmx_teach/share/openarmx_teach/hook/pythonpath_develop.dsv'
[0.798s] INFO:colcon.colcon_core.shell:Creating environment hook '/ws/build/openarmx_teach/share/openarmx_teach/hook/pythonpath_develop.sh'
[0.799s] Level 1:colcon.colcon_core.environment:checking '/ws/install/openarmx_teach' for CMake module files
[0.799s] Level 1:colcon.colcon_core.environment:checking '/ws/install/openarmx_teach' for CMake config files
[0.799s] Level 1:colcon.colcon_core.environment:checking '/ws/install/openarmx_teach/lib'
[0.799s] Level 1:colcon.colcon_core.environment:checking '/ws/install/openarmx_teach/bin'
[0.799s] Level 1:colcon.colcon_core.environment:checking '/ws/install/openarmx_teach/lib/pkgconfig/openarmx_teach.pc'
[0.800s] Level 1:colcon.colcon_core.environment:checking '/ws/install/openarmx_teach/lib/python3.10/site-packages'
[0.800s] Level 1:colcon.colcon_core.shell:create_environment_hook('openarmx_teach', 'pythonpath')
[0.800s] INFO:colcon.colcon_core.shell:Creating environment hook '/ws/install/openarmx_teach/share/openarmx_teach/hook/pythonpath.ps1'
[0.800s] INFO:colcon.colcon_core.shell:Creating environment descriptor '/ws/install/openarmx_teach/share/openarmx_teach/hook/pythonpath.dsv'
[0.800s] INFO:colcon.colcon_core.shell:Creating environment hook '/ws/install/openarmx_teach/share/openarmx_teach/hook/pythonpath.sh'
[0.801s] Level 1:colcon.colcon_core.environment:checking '/ws/install/openarmx_teach/bin'
[0.801s] Level 1:colcon.colcon_core.environment:create_environment_scripts_only(openarmx_teach)
[0.801s] INFO:colcon.colcon_core.shell:Creating package script '/ws/install/openarmx_teach/share/openarmx_teach/package.ps1'
[0.801s] INFO:colcon.colcon_core.shell:Creating package descriptor '/ws/install/openarmx_teach/share/openarmx_teach/package.dsv'
[0.801s] INFO:colcon.colcon_core.shell:Creating package script '/ws/install/openarmx_teach/share/openarmx_teach/package.sh'
[0.801s] INFO:colcon.colcon_core.shell:Creating package script '/ws/install/openarmx_teach/share/openarmx_teach/package.bash'
[0.801s] INFO:colcon.colcon_core.shell:Creating package script '/ws/install/openarmx_teach/share/openarmx_teach/package.zsh'
[0.802s] Level 1:colcon.colcon_core.environment:create_file_with_runtime_dependencies(/ws/install/openarmx_teach/share/colcon-core/packages/openarmx_teach)
[0.802s] DEBUG:colcon.colcon_parallel_executor.executor.parallel:closing loop
[0.802s] DEBUG:colcon.colcon_parallel_executor.executor.parallel:loop closed
[0.802s] DEBUG:colcon.colcon_parallel_executor.executor.parallel:run_until_complete finished with '0'
[0.802s] DEBUG:colcon.colcon_core.event_reactor:joining thread
[0.810s] INFO:colcon.colcon_core.plugin_system:Skipping extension 'colcon_notification.desktop_notification.notify_send': Could not find 'notify-send'
[0.810s] INFO:colcon.colcon_core.plugin_system:Skipping extension 'colcon_notification.desktop_notification.terminal_notifier': Not used on non-Darwin systems
[0.810s] INFO:colcon.colcon_core.plugin_system:Skipping extension 'colcon_notification.desktop_notification.win32': Not used on non-Windows systems
[0.810s] INFO:colcon.colcon_notification.desktop_notification:Sending desktop notification using 'notify2'
[0.811s] DEBUG:colcon.colcon_notification.desktop_notification.notify2:Failed to initialize notify2: org.freedesktop.DBus.Error.InvalidFileContent: D-Bus library appears to be incorrectly set up: see the manual page for dbus-uuidgen to correct this issue. (Failed to open "/var/lib/dbus/machine-id": No such file or directory; UUID file '/etc/machine-id' should contain a hex string of length 32, not length 0, with no other text)
[0.811s] DEBUG:colcon.colcon_core.event_reactor:joined thread
[0.811s] INFO:colcon.colcon_core.shell:Creating prefix script '/ws/install/local_setup.ps1'
[0.811s] INFO:colcon.colcon_core.shell:Creating prefix util module '/ws/install/_local_setup_util_ps1.py'
[0.812s] INFO:colcon.colcon_core.shell:Creating prefix chain script '/ws/install/setup.ps1'
[0.813s] INFO:colcon.colcon_core.shell:Creating prefix script '/ws/install/local_setup.sh'
[0.813s] INFO:colcon.colcon_core.shell:Creating prefix util module '/ws/install/_local_setup_util_sh.py'
[0.813s] INFO:colcon.colcon_core.shell:Creating prefix chain script '/ws/install/setup.sh'
[0.814s] INFO:colcon.colcon_core.shell:Creating prefix script '/ws/install/local_setup.bash'
[0.814s] INFO:colcon.colcon_core.shell:Creating prefix chain script '/ws/install/setup.bash'
[0.815s] INFO:colcon.colcon_core.shell:Creating prefix script '/ws/install/local_setup.zsh'
[0.815s] INFO:colcon.colcon_core.shell:Creating prefix chain script '/ws/install/setup.zsh'
