[0.058s] DEBUG:colcon:Command line arguments: ['/usr/bin/colcon', 'build', '--symlink-install']
[0.058s] DEBUG:colcon:Parsed command line arguments: Namespace(log_base=None, log_level=None, verb_name='build', build_base='build', install_base='install', merge_install=False, symlink_install=True, test_result_base=None, continue_on_error=False, executor='parallel', parallel_workers=20, event_handlers=None, ignore_user_meta=False, metas=['./colcon.meta'], base_paths=['.'], packages_ignore=None, packages_ignore_regex=None, paths=None, packages_up_to=None, packages_up_to_regex=None, packages_above=None, packages_above_and_dependencies=None, packages_above_depth=None, packages_select_by_dep=None, packages_skip_by_dep=None, packages_skip_up_to=None, packages_select_build_failed=False, packages_skip_build_finished=False, packages_select_test_failures=False, packages_skip_test_passed=False, packages_select=None, packages_skip=None, packages_select_regex=None, packages_skip_regex=None, packages_start=None, packages_end=None, cmake_args=None, cmake_target=None, cmake_target_skip_unavailable=False, cmake_clean_cache=False, cmake_clean_first=False, cmake_force_configure=False, ament_cmake_args=None, catkin_cmake_args=None, catkin_skip_building_tests=False, mixin_files=None, mixin=None, verb_parser=<colcon_mixin.mixin.mixin_argument.MixinArgumentDecorator object at 0x72f284096f80>, verb_extension=<colcon_core.verb.build.BuildVerb object at 0x72f284096560>, main=<bound method BuildVerb.main of <colcon_core.verb.build.BuildVerb object at 0x72f284096560>>, mixin_verb=('build',))
[0.119s] Level 1:colcon.colcon_core.package_discovery:discover_packages(colcon_meta) check parameters
[0.119s] INFO:colcon.colcon_metadata.package_discovery.colcon_meta:Using configuration from '/root/.colcon/metadata/default/Gazebo.meta'
[0.119s] INFO:colcon.colcon_metadata.package_discovery.colcon_meta:Using configuration from '/root/.colcon/metadata/default/fastdds.meta'
[0.120s] INFO:colcon.colcon_metadata.package_discovery.colcon_meta:Using configuration from '/root/.colcon/metadata/default/fastrtps.meta'
[0.120s] Level 1:colcon.colcon_core.package_discovery:discover_packages(recursive) check parameters
[0.120s] Level 1:colcon.colcon_core.package_discovery:discover_packages(ignore) check parameters
[0.120s] Level 1:colcon.colcon_core.package_discovery:discover_packages(path) check parameters
[0.120s] Level 1:colcon.colcon_core.package_discovery:discover_packages(colcon_meta) discover
[0.120s] Level 1:colcon.colcon_core.package_discovery:discover_packages(recursive) discover
[0.120s] INFO:colcon.colcon_core.package_discovery:Crawling recursively for packages in '/ws'
[0.120s] Level 1:colcon.colcon_core.package_identification:_identify(.) by extensions ['ignore', 'ignore_ament_install']
[0.120s] Level 1:colcon.colcon_core.package_identification:_identify(.) by extension 'ignore'
[0.120s] Level 1:colcon.colcon_core.package_identification:_identify(.) by extension 'ignore_ament_install'
[0.120s] Level 1:colcon.colcon_core.package_identification:_identify(.) by extensions ['colcon_pkg']
[0.120s] Level 1:colcon.colcon_core.package_identification:_identify(.) by extension 'colcon_pkg'
[0.120s] Level 1:colcon.colcon_core.package_identification:_identify(.) by extensions ['colcon_meta']
[0.120s] Level 1:colcon.colcon_core.package_identification:_identify(.) by extension 'colcon_meta'
[0.120s] Level 1:colcon.colcon_core.package_identification:_identify(.) by extensions ['ros']
[0.120s] Level 1:colcon.colcon_core.package_identification:_identify(.) by extension 'ros'
[0.126s] Level 1:colcon.colcon_core.package_identification:_identify(.) by extensions ['cmake', 'python']
[0.126s] Level 1:colcon.colcon_core.package_identification:_identify(.) by extension 'cmake'
[0.126s] Level 1:colcon.colcon_core.package_identification:_identify(.) by extension 'python'
[0.126s] Level 1:colcon.colcon_core.package_identification:_identify(.) by extensions ['python_setup_py']
[0.126s] Level 1:colcon.colcon_core.package_identification:_identify(.) by extension 'python_setup_py'
[0.126s] Level 1:colcon.colcon_core.package_identification:_identify(build) by extensions ['ignore', 'ignore_ament_install']
[0.126s] Level 1:colcon.colcon_core.package_identification:_identify(build) by extension 'ignore'
[0.126s] Level 1:colcon.colcon_core.package_identification:_identify(build) ignored
[0.126s] Level 1:colcon.colcon_core.package_identification:_identify(docker) by extensions ['ignore', 'ignore_ament_install']
[0.126s] Level 1:colcon.colcon_core.package_identification:_identify(docker) by extension 'ignore'
[0.126s] Level 1:colcon.colcon_core.package_identification:_identify(docker) by extension 'ignore_ament_install'
[0.126s] Level 1:colcon.colcon_core.package_identification:_identify(docker) by extensions ['colcon_pkg']
[0.126s] Level 1:colcon.colcon_core.package_identification:_identify(docker) by extension 'colcon_pkg'
[0.126s] Level 1:colcon.colcon_core.package_identification:_identify(docker) by extensions ['colcon_meta']
[0.126s] Level 1:colcon.colcon_core.package_identification:_identify(docker) by extension 'colcon_meta'
[0.126s] Level 1:colcon.colcon_core.package_identification:_identify(docker) by extensions ['ros']
[0.126s] Level 1:colcon.colcon_core.package_identification:_identify(docker) by extension 'ros'
[0.126s] Level 1:colcon.colcon_core.package_identification:_identify(docker) by extensions ['cmake', 'python']
[0.126s] Level 1:colcon.colcon_core.package_identification:_identify(docker) by extension 'cmake'
[0.126s] Level 1:colcon.colcon_core.package_identification:_identify(docker) by extension 'python'
[0.126s] Level 1:colcon.colcon_core.package_identification:_identify(docker) by extensions ['python_setup_py']
[0.126s] Level 1:colcon.colcon_core.package_identification:_identify(docker) by extension 'python_setup_py'
[0.126s] Level 1:colcon.colcon_core.package_identification:_identify(install) by extensions ['ignore', 'ignore_ament_install']
[0.126s] Level 1:colcon.colcon_core.package_identification:_identify(install) by extension 'ignore'
[0.126s] Level 1:colcon.colcon_core.package_identification:_identify(install) ignored
[0.126s] Level 1:colcon.colcon_core.package_identification:_identify(log) by extensions ['ignore', 'ignore_ament_install']
[0.126s] Level 1:colcon.colcon_core.package_identification:_identify(log) by extension 'ignore'
[0.126s] Level 1:colcon.colcon_core.package_identification:_identify(log) ignored
[0.126s] Level 1:colcon.colcon_core.package_identification:_identify(shadow_mode) by extensions ['ignore', 'ignore_ament_install']
[0.127s] Level 1:colcon.colcon_core.package_identification:_identify(shadow_mode) by extension 'ignore'
[0.127s] Level 1:colcon.colcon_core.package_identification:_identify(shadow_mode) by extension 'ignore_ament_install'
[0.127s] Level 1:colcon.colcon_core.package_identification:_identify(shadow_mode) by extensions ['colcon_pkg']
[0.127s] Level 1:colcon.colcon_core.package_identification:_identify(shadow_mode) by extension 'colcon_pkg'
[0.127s] Level 1:colcon.colcon_core.package_identification:_identify(shadow_mode) by extensions ['colcon_meta']
[0.127s] Level 1:colcon.colcon_core.package_identification:_identify(shadow_mode) by extension 'colcon_meta'
[0.127s] Level 1:colcon.colcon_core.package_identification:_identify(shadow_mode) by extensions ['ros']
[0.127s] Level 1:colcon.colcon_core.package_identification:_identify(shadow_mode) by extension 'ros'
[0.127s] Level 1:colcon.colcon_core.package_identification:_identify(shadow_mode) by extensions ['cmake', 'python']
[0.127s] Level 1:colcon.colcon_core.package_identification:_identify(shadow_mode) by extension 'cmake'
[0.127s] Level 1:colcon.colcon_core.package_identification:_identify(shadow_mode) by extension 'python'
[0.127s] Level 1:colcon.colcon_core.package_identification:_identify(shadow_mode) by extensions ['python_setup_py']
[0.127s] Level 1:colcon.colcon_core.package_identification:_identify(shadow_mode) by extension 'python_setup_py'
[0.127s] Level 1:colcon.colcon_core.package_identification:_identify(shadow_mode/__pycache__) by extensions ['ignore', 'ignore_ament_install']
[0.127s] Level 1:colcon.colcon_core.package_identification:_identify(shadow_mode/__pycache__) by extension 'ignore'
[0.127s] Level 1:colcon.colcon_core.package_identification:_identify(shadow_mode/__pycache__) by extension 'ignore_ament_install'
[0.127s] Level 1:colcon.colcon_core.package_identification:_identify(shadow_mode/__pycache__) by extensions ['colcon_pkg']
[0.127s] Level 1:colcon.colcon_core.package_identification:_identify(shadow_mode/__pycache__) by extension 'colcon_pkg'
[0.127s] Level 1:colcon.colcon_core.package_identification:_identify(shadow_mode/__pycache__) by extensions ['colcon_meta']
[0.127s] Level 1:colcon.colcon_core.package_identification:_identify(shadow_mode/__pycache__) by extension 'colcon_meta'
[0.127s] Level 1:colcon.colcon_core.package_identification:_identify(shadow_mode/__pycache__) by extensions ['ros']
[0.127s] Level 1:colcon.colcon_core.package_identification:_identify(shadow_mode/__pycache__) by extension 'ros'
[0.127s] Level 1:colcon.colcon_core.package_identification:_identify(shadow_mode/__pycache__) by extensions ['cmake', 'python']
[0.127s] Level 1:colcon.colcon_core.package_identification:_identify(shadow_mode/__pycache__) by extension 'cmake'
[0.127s] Level 1:colcon.colcon_core.package_identification:_identify(shadow_mode/__pycache__) by extension 'python'
[0.127s] Level 1:colcon.colcon_core.package_identification:_identify(shadow_mode/__pycache__) by extensions ['python_setup_py']
[0.127s] Level 1:colcon.colcon_core.package_identification:_identify(shadow_mode/__pycache__) by extension 'python_setup_py'
[0.127s] Level 1:colcon.colcon_core.package_identification:_identify(shadow_mode/analysis_outputs) by extensions ['ignore', 'ignore_ament_install']
[0.127s] Level 1:colcon.colcon_core.package_identification:_identify(shadow_mode/analysis_outputs) by extension 'ignore'
[0.127s] Level 1:colcon.colcon_core.package_identification:_identify(shadow_mode/analysis_outputs) by extension 'ignore_ament_install'
[0.127s] Level 1:colcon.colcon_core.package_identification:_identify(shadow_mode/analysis_outputs) by extensions ['colcon_pkg']
[0.127s] Level 1:colcon.colcon_core.package_identification:_identify(shadow_mode/analysis_outputs) by extension 'colcon_pkg'
[0.127s] Level 1:colcon.colcon_core.package_identification:_identify(shadow_mode/analysis_outputs) by extensions ['colcon_meta']
[0.127s] Level 1:colcon.colcon_core.package_identification:_identify(shadow_mode/analysis_outputs) by extension 'colcon_meta'
[0.127s] Level 1:colcon.colcon_core.package_identification:_identify(shadow_mode/analysis_outputs) by extensions ['ros']
[0.127s] Level 1:colcon.colcon_core.package_identification:_identify(shadow_mode/analysis_outputs) by extension 'ros'
[0.127s] Level 1:colcon.colcon_core.package_identification:_identify(shadow_mode/analysis_outputs) by extensions ['cmake', 'python']
[0.127s] Level 1:colcon.colcon_core.package_identification:_identify(shadow_mode/analysis_outputs) by extension 'cmake'
[0.127s] Level 1:colcon.colcon_core.package_identification:_identify(shadow_mode/analysis_outputs) by extension 'python'
[0.127s] Level 1:colcon.colcon_core.package_identification:_identify(shadow_mode/analysis_outputs) by extensions ['python_setup_py']
[0.127s] Level 1:colcon.colcon_core.package_identification:_identify(shadow_mode/analysis_outputs) by extension 'python_setup_py'
[0.127s] Level 1:colcon.colcon_core.package_identification:_identify(shadow_mode/vr_controller) by extensions ['ignore', 'ignore_ament_install']
[0.127s] Level 1:colcon.colcon_core.package_identification:_identify(shadow_mode/vr_controller) by extension 'ignore'
[0.127s] Level 1:colcon.colcon_core.package_identification:_identify(shadow_mode/vr_controller) by extension 'ignore_ament_install'
[0.127s] Level 1:colcon.colcon_core.package_identification:_identify(shadow_mode/vr_controller) by extensions ['colcon_pkg']
[0.127s] Level 1:colcon.colcon_core.package_identification:_identify(shadow_mode/vr_controller) by extension 'colcon_pkg'
[0.127s] Level 1:colcon.colcon_core.package_identification:_identify(shadow_mode/vr_controller) by extensions ['colcon_meta']
[0.127s] Level 1:colcon.colcon_core.package_identification:_identify(shadow_mode/vr_controller) by extension 'colcon_meta'
[0.127s] Level 1:colcon.colcon_core.package_identification:_identify(shadow_mode/vr_controller) by extensions ['ros']
[0.127s] Level 1:colcon.colcon_core.package_identification:_identify(shadow_mode/vr_controller) by extension 'ros'
[0.127s] Level 1:colcon.colcon_core.package_identification:_identify(shadow_mode/vr_controller) by extensions ['cmake', 'python']
[0.127s] Level 1:colcon.colcon_core.package_identification:_identify(shadow_mode/vr_controller) by extension 'cmake'
[0.127s] Level 1:colcon.colcon_core.package_identification:_identify(shadow_mode/vr_controller) by extension 'python'
[0.127s] Level 1:colcon.colcon_core.package_identification:_identify(shadow_mode/vr_controller) by extensions ['python_setup_py']
[0.127s] Level 1:colcon.colcon_core.package_identification:_identify(shadow_mode/vr_controller) by extension 'python_setup_py'
[0.128s] Level 1:colcon.colcon_core.package_identification:_identify(shadow_mode/vr_controller/__pycache__) by extensions ['ignore', 'ignore_ament_install']
[0.128s] Level 1:colcon.colcon_core.package_identification:_identify(shadow_mode/vr_controller/__pycache__) by extension 'ignore'
[0.128s] Level 1:colcon.colcon_core.package_identification:_identify(shadow_mode/vr_controller/__pycache__) by extension 'ignore_ament_install'
[0.128s] Level 1:colcon.colcon_core.package_identification:_identify(shadow_mode/vr_controller/__pycache__) by extensions ['colcon_pkg']
[0.128s] Level 1:colcon.colcon_core.package_identification:_identify(shadow_mode/vr_controller/__pycache__) by extension 'colcon_pkg'
[0.128s] Level 1:colcon.colcon_core.package_identification:_identify(shadow_mode/vr_controller/__pycache__) by extensions ['colcon_meta']
[0.128s] Level 1:colcon.colcon_core.package_identification:_identify(shadow_mode/vr_controller/__pycache__) by extension 'colcon_meta'
[0.128s] Level 1:colcon.colcon_core.package_identification:_identify(shadow_mode/vr_controller/__pycache__) by extensions ['ros']
[0.128s] Level 1:colcon.colcon_core.package_identification:_identify(shadow_mode/vr_controller/__pycache__) by extension 'ros'
[0.128s] Level 1:colcon.colcon_core.package_identification:_identify(shadow_mode/vr_controller/__pycache__) by extensions ['cmake', 'python']
[0.128s] Level 1:colcon.colcon_core.package_identification:_identify(shadow_mode/vr_controller/__pycache__) by extension 'cmake'
[0.128s] Level 1:colcon.colcon_core.package_identification:_identify(shadow_mode/vr_controller/__pycache__) by extension 'python'
[0.128s] Level 1:colcon.colcon_core.package_identification:_identify(shadow_mode/vr_controller/__pycache__) by extensions ['python_setup_py']
[0.128s] Level 1:colcon.colcon_core.package_identification:_identify(shadow_mode/vr_controller/__pycache__) by extension 'python_setup_py'
[0.128s] Level 1:colcon.colcon_core.package_identification:_identify(src) by extensions ['ignore', 'ignore_ament_install']
[0.128s] Level 1:colcon.colcon_core.package_identification:_identify(src) by extension 'ignore'
[0.128s] Level 1:colcon.colcon_core.package_identification:_identify(src) by extension 'ignore_ament_install'
[0.128s] Level 1:colcon.colcon_core.package_identification:_identify(src) by extensions ['colcon_pkg']
[0.128s] Level 1:colcon.colcon_core.package_identification:_identify(src) by extension 'colcon_pkg'
[0.128s] Level 1:colcon.colcon_core.package_identification:_identify(src) by extensions ['colcon_meta']
[0.128s] Level 1:colcon.colcon_core.package_identification:_identify(src) by extension 'colcon_meta'
[0.128s] Level 1:colcon.colcon_core.package_identification:_identify(src) by extensions ['ros']
[0.128s] Level 1:colcon.colcon_core.package_identification:_identify(src) by extension 'ros'
[0.128s] Level 1:colcon.colcon_core.package_identification:_identify(src) by extensions ['cmake', 'python']
[0.128s] Level 1:colcon.colcon_core.package_identification:_identify(src) by extension 'cmake'
[0.128s] Level 1:colcon.colcon_core.package_identification:_identify(src) by extension 'python'
[0.128s] Level 1:colcon.colcon_core.package_identification:_identify(src) by extensions ['python_setup_py']
[0.128s] Level 1:colcon.colcon_core.package_identification:_identify(src) by extension 'python_setup_py'
[0.128s] Level 1:colcon.colcon_core.package_identification:_identify(src/openarmx_can) by extensions ['ignore', 'ignore_ament_install']
[0.128s] Level 1:colcon.colcon_core.package_identification:_identify(src/openarmx_can) by extension 'ignore'
[0.128s] Level 1:colcon.colcon_core.package_identification:_identify(src/openarmx_can) by extension 'ignore_ament_install'
[0.128s] Level 1:colcon.colcon_core.package_identification:_identify(src/openarmx_can) by extensions ['colcon_pkg']
[0.128s] Level 1:colcon.colcon_core.package_identification:_identify(src/openarmx_can) by extension 'colcon_pkg'
[0.128s] Level 1:colcon.colcon_core.package_identification:_identify(src/openarmx_can) by extensions ['colcon_meta']
[0.128s] Level 1:colcon.colcon_core.package_identification:_identify(src/openarmx_can) by extension 'colcon_meta'
[0.128s] Level 1:colcon.colcon_core.package_identification:_identify(src/openarmx_can) by extensions ['ros']
[0.128s] Level 1:colcon.colcon_core.package_identification:_identify(src/openarmx_can) by extension 'ros'
[0.129s] DEBUG:colcon.colcon_core.package_identification:Package 'src/openarmx_can' with type 'ros.ament_cmake' and name 'openarmx_can'
[0.129s] Level 1:colcon.colcon_core.package_identification:_identify(src/openarmx_description) by extensions ['ignore', 'ignore_ament_install']
[0.129s] Level 1:colcon.colcon_core.package_identification:_identify(src/openarmx_description) by extension 'ignore'
[0.129s] Level 1:colcon.colcon_core.package_identification:_identify(src/openarmx_description) by extension 'ignore_ament_install'
[0.129s] Level 1:colcon.colcon_core.package_identification:_identify(src/openarmx_description) by extensions ['colcon_pkg']
[0.129s] Level 1:colcon.colcon_core.package_identification:_identify(src/openarmx_description) by extension 'colcon_pkg'
[0.129s] Level 1:colcon.colcon_core.package_identification:_identify(src/openarmx_description) by extensions ['colcon_meta']
[0.129s] Level 1:colcon.colcon_core.package_identification:_identify(src/openarmx_description) by extension 'colcon_meta'
[0.129s] Level 1:colcon.colcon_core.package_identification:_identify(src/openarmx_description) by extensions ['ros']
[0.129s] Level 1:colcon.colcon_core.package_identification:_identify(src/openarmx_description) by extension 'ros'
[0.130s] DEBUG:colcon.colcon_core.package_identification:Package 'src/openarmx_description' with type 'ros.ament_cmake' and name 'openarmx_description'
[0.130s] Level 1:colcon.colcon_core.package_identification:_identify(src/openarmx_motor_manager) by extensions ['ignore', 'ignore_ament_install']
[0.130s] Level 1:colcon.colcon_core.package_identification:_identify(src/openarmx_motor_manager) by extension 'ignore'
[0.130s] Level 1:colcon.colcon_core.package_identification:_identify(src/openarmx_motor_manager) by extension 'ignore_ament_install'
[0.130s] Level 1:colcon.colcon_core.package_identification:_identify(src/openarmx_motor_manager) by extensions ['colcon_pkg']
[0.130s] Level 1:colcon.colcon_core.package_identification:_identify(src/openarmx_motor_manager) by extension 'colcon_pkg'
[0.130s] Level 1:colcon.colcon_core.package_identification:_identify(src/openarmx_motor_manager) by extensions ['colcon_meta']
[0.130s] Level 1:colcon.colcon_core.package_identification:_identify(src/openarmx_motor_manager) by extension 'colcon_meta'
[0.130s] Level 1:colcon.colcon_core.package_identification:_identify(src/openarmx_motor_manager) by extensions ['ros']
[0.130s] Level 1:colcon.colcon_core.package_identification:_identify(src/openarmx_motor_manager) by extension 'ros'
[0.130s] Level 1:colcon.colcon_core.package_identification:_identify(src/openarmx_motor_manager) by extensions ['cmake', 'python']
[0.130s] Level 1:colcon.colcon_core.package_identification:_identify(src/openarmx_motor_manager) by extension 'cmake'
[0.130s] Level 1:colcon.colcon_core.package_identification:_identify(src/openarmx_motor_manager) by extension 'python'
[0.130s] Level 1:colcon.colcon_core.package_identification:_identify(src/openarmx_motor_manager) by extensions ['python_setup_py']
[0.130s] Level 1:colcon.colcon_core.package_identification:_identify(src/openarmx_motor_manager) by extension 'python_setup_py'
[0.130s] Level 1:colcon.colcon_core.package_identification:_identify(src/openarmx_motor_manager/config) by extensions ['ignore', 'ignore_ament_install']
[0.130s] Level 1:colcon.colcon_core.package_identification:_identify(src/openarmx_motor_manager/config) by extension 'ignore'
[0.130s] Level 1:colcon.colcon_core.package_identification:_identify(src/openarmx_motor_manager/config) by extension 'ignore_ament_install'
[0.130s] Level 1:colcon.colcon_core.package_identification:_identify(src/openarmx_motor_manager/config) by extensions ['colcon_pkg']
[0.130s] Level 1:colcon.colcon_core.package_identification:_identify(src/openarmx_motor_manager/config) by extension 'colcon_pkg'
[0.130s] Level 1:colcon.colcon_core.package_identification:_identify(src/openarmx_motor_manager/config) by extensions ['colcon_meta']
[0.130s] Level 1:colcon.colcon_core.package_identification:_identify(src/openarmx_motor_manager/config) by extension 'colcon_meta'
[0.130s] Level 1:colcon.colcon_core.package_identification:_identify(src/openarmx_motor_manager/config) by extensions ['ros']
[0.130s] Level 1:colcon.colcon_core.package_identification:_identify(src/openarmx_motor_manager/config) by extension 'ros'
[0.130s] Level 1:colcon.colcon_core.package_identification:_identify(src/openarmx_motor_manager/config) by extensions ['cmake', 'python']
[0.130s] Level 1:colcon.colcon_core.package_identification:_identify(src/openarmx_motor_manager/config) by extension 'cmake'
[0.130s] Level 1:colcon.colcon_core.package_identification:_identify(src/openarmx_motor_manager/config) by extension 'python'
[0.130s] Level 1:colcon.colcon_core.package_identification:_identify(src/openarmx_motor_manager/config) by extensions ['python_setup_py']
[0.130s] Level 1:colcon.colcon_core.package_identification:_identify(src/openarmx_motor_manager/config) by extension 'python_setup_py'
[0.130s] Level 1:colcon.colcon_core.package_identification:_identify(src/openarmx_motor_manager/config/__pycache__) by extensions ['ignore', 'ignore_ament_install']
[0.131s] Level 1:colcon.colcon_core.package_identification:_identify(src/openarmx_motor_manager/config/__pycache__) by extension 'ignore'
[0.131s] Level 1:colcon.colcon_core.package_identification:_identify(src/openarmx_motor_manager/config/__pycache__) by extension 'ignore_ament_install'
[0.131s] Level 1:colcon.colcon_core.package_identification:_identify(src/openarmx_motor_manager/config/__pycache__) by extensions ['colcon_pkg']
[0.131s] Level 1:colcon.colcon_core.package_identification:_identify(src/openarmx_motor_manager/config/__pycache__) by extension 'colcon_pkg'
[0.131s] Level 1:colcon.colcon_core.package_identification:_identify(src/openarmx_motor_manager/config/__pycache__) by extensions ['colcon_meta']
[0.131s] Level 1:colcon.colcon_core.package_identification:_identify(src/openarmx_motor_manager/config/__pycache__) by extension 'colcon_meta'
[0.131s] Level 1:colcon.colcon_core.package_identification:_identify(src/openarmx_motor_manager/config/__pycache__) by extensions ['ros']
[0.131s] Level 1:colcon.colcon_core.package_identification:_identify(src/openarmx_motor_manager/config/__pycache__) by extension 'ros'
[0.131s] Level 1:colcon.colcon_core.package_identification:_identify(src/openarmx_motor_manager/config/__pycache__) by extensions ['cmake', 'python']
[0.131s] Level 1:colcon.colcon_core.package_identification:_identify(src/openarmx_motor_manager/config/__pycache__) by extension 'cmake'
[0.131s] Level 1:colcon.colcon_core.package_identification:_identify(src/openarmx_motor_manager/config/__pycache__) by extension 'python'
[0.131s] Level 1:colcon.colcon_core.package_identification:_identify(src/openarmx_motor_manager/config/__pycache__) by extensions ['python_setup_py']
[0.131s] Level 1:colcon.colcon_core.package_identification:_identify(src/openarmx_motor_manager/config/__pycache__) by extension 'python_setup_py'
[0.131s] Level 1:colcon.colcon_core.package_identification:_identify(src/openarmx_motor_manager/scripts) by extensions ['ignore', 'ignore_ament_install']
[0.131s] Level 1:colcon.colcon_core.package_identification:_identify(src/openarmx_motor_manager/scripts) by extension 'ignore'
[0.131s] Level 1:colcon.colcon_core.package_identification:_identify(src/openarmx_motor_manager/scripts) by extension 'ignore_ament_install'
[0.131s] Level 1:colcon.colcon_core.package_identification:_identify(src/openarmx_motor_manager/scripts) by extensions ['colcon_pkg']
[0.131s] Level 1:colcon.colcon_core.package_identification:_identify(src/openarmx_motor_manager/scripts) by extension 'colcon_pkg'
[0.131s] Level 1:colcon.colcon_core.package_identification:_identify(src/openarmx_motor_manager/scripts) by extensions ['colcon_meta']
[0.131s] Level 1:colcon.colcon_core.package_identification:_identify(src/openarmx_motor_manager/scripts) by extension 'colcon_meta'
[0.131s] Level 1:colcon.colcon_core.package_identification:_identify(src/openarmx_motor_manager/scripts) by extensions ['ros']
[0.131s] Level 1:colcon.colcon_core.package_identification:_identify(src/openarmx_motor_manager/scripts) by extension 'ros'
[0.131s] Level 1:colcon.colcon_core.package_identification:_identify(src/openarmx_motor_manager/scripts) by extensions ['cmake', 'python']
[0.131s] Level 1:colcon.colcon_core.package_identification:_identify(src/openarmx_motor_manager/scripts) by extension 'cmake'
[0.131s] Level 1:colcon.colcon_core.package_identification:_identify(src/openarmx_motor_manager/scripts) by extension 'python'
[0.131s] Level 1:colcon.colcon_core.package_identification:_identify(src/openarmx_motor_manager/scripts) by extensions ['python_setup_py']
[0.131s] Level 1:colcon.colcon_core.package_identification:_identify(src/openarmx_motor_manager/scripts) by extension 'python_setup_py'
[0.131s] Level 1:colcon.colcon_core.package_identification:_identify(src/openarmx_motor_manager/scripts/__pycache__) by extensions ['ignore', 'ignore_ament_install']
[0.131s] Level 1:colcon.colcon_core.package_identification:_identify(src/openarmx_motor_manager/scripts/__pycache__) by extension 'ignore'
[0.131s] Level 1:colcon.colcon_core.package_identification:_identify(src/openarmx_motor_manager/scripts/__pycache__) by extension 'ignore_ament_install'
[0.131s] Level 1:colcon.colcon_core.package_identification:_identify(src/openarmx_motor_manager/scripts/__pycache__) by extensions ['colcon_pkg']
[0.131s] Level 1:colcon.colcon_core.package_identification:_identify(src/openarmx_motor_manager/scripts/__pycache__) by extension 'colcon_pkg'
[0.131s] Level 1:colcon.colcon_core.package_identification:_identify(src/openarmx_motor_manager/scripts/__pycache__) by extensions ['colcon_meta']
[0.131s] Level 1:colcon.colcon_core.package_identification:_identify(src/openarmx_motor_manager/scripts/__pycache__) by extension 'colcon_meta'
[0.131s] Level 1:colcon.colcon_core.package_identification:_identify(src/openarmx_motor_manager/scripts/__pycache__) by extensions ['ros']
[0.131s] Level 1:colcon.colcon_core.package_identification:_identify(src/openarmx_motor_manager/scripts/__pycache__) by extension 'ros'
[0.131s] Level 1:colcon.colcon_core.package_identification:_identify(src/openarmx_motor_manager/scripts/__pycache__) by extensions ['cmake', 'python']
[0.131s] Level 1:colcon.colcon_core.package_identification:_identify(src/openarmx_motor_manager/scripts/__pycache__) by extension 'cmake'
[0.131s] Level 1:colcon.colcon_core.package_identification:_identify(src/openarmx_motor_manager/scripts/__pycache__) by extension 'python'
[0.131s] Level 1:colcon.colcon_core.package_identification:_identify(src/openarmx_motor_manager/scripts/__pycache__) by extensions ['python_setup_py']
[0.131s] Level 1:colcon.colcon_core.package_identification:_identify(src/openarmx_motor_manager/scripts/__pycache__) by extension 'python_setup_py'
[0.131s] Level 1:colcon.colcon_core.package_identification:_identify(src/openarmx_motor_manager/ui) by extensions ['ignore', 'ignore_ament_install']
[0.131s] Level 1:colcon.colcon_core.package_identification:_identify(src/openarmx_motor_manager/ui) by extension 'ignore'
[0.131s] Level 1:colcon.colcon_core.package_identification:_identify(src/openarmx_motor_manager/ui) by extension 'ignore_ament_install'
[0.131s] Level 1:colcon.colcon_core.package_identification:_identify(src/openarmx_motor_manager/ui) by extensions ['colcon_pkg']
[0.131s] Level 1:colcon.colcon_core.package_identification:_identify(src/openarmx_motor_manager/ui) by extension 'colcon_pkg'
[0.131s] Level 1:colcon.colcon_core.package_identification:_identify(src/openarmx_motor_manager/ui) by extensions ['colcon_meta']
[0.131s] Level 1:colcon.colcon_core.package_identification:_identify(src/openarmx_motor_manager/ui) by extension 'colcon_meta'
[0.131s] Level 1:colcon.colcon_core.package_identification:_identify(src/openarmx_motor_manager/ui) by extensions ['ros']
[0.131s] Level 1:colcon.colcon_core.package_identification:_identify(src/openarmx_motor_manager/ui) by extension 'ros'
[0.131s] Level 1:colcon.colcon_core.package_identification:_identify(src/openarmx_motor_manager/ui) by extensions ['cmake', 'python']
[0.131s] Level 1:colcon.colcon_core.package_identification:_identify(src/openarmx_motor_manager/ui) by extension 'cmake'
[0.131s] Level 1:colcon.colcon_core.package_identification:_identify(src/openarmx_motor_manager/ui) by extension 'python'
[0.132s] Level 1:colcon.colcon_core.package_identification:_identify(src/openarmx_motor_manager/ui) by extensions ['python_setup_py']
[0.132s] Level 1:colcon.colcon_core.package_identification:_identify(src/openarmx_motor_manager/ui) by extension 'python_setup_py'
[0.132s] Level 1:colcon.colcon_core.package_identification:_identify(src/openarmx_motor_manager/ui/__pycache__) by extensions ['ignore', 'ignore_ament_install']
[0.132s] Level 1:colcon.colcon_core.package_identification:_identify(src/openarmx_motor_manager/ui/__pycache__) by extension 'ignore'
[0.132s] Level 1:colcon.colcon_core.package_identification:_identify(src/openarmx_motor_manager/ui/__pycache__) by extension 'ignore_ament_install'
[0.132s] Level 1:colcon.colcon_core.package_identification:_identify(src/openarmx_motor_manager/ui/__pycache__) by extensions ['colcon_pkg']
[0.132s] Level 1:colcon.colcon_core.package_identification:_identify(src/openarmx_motor_manager/ui/__pycache__) by extension 'colcon_pkg'
[0.132s] Level 1:colcon.colcon_core.package_identification:_identify(src/openarmx_motor_manager/ui/__pycache__) by extensions ['colcon_meta']
[0.132s] Level 1:colcon.colcon_core.package_identification:_identify(src/openarmx_motor_manager/ui/__pycache__) by extension 'colcon_meta'
[0.132s] Level 1:colcon.colcon_core.package_identification:_identify(src/openarmx_motor_manager/ui/__pycache__) by extensions ['ros']
[0.132s] Level 1:colcon.colcon_core.package_identification:_identify(src/openarmx_motor_manager/ui/__pycache__) by extension 'ros'
[0.132s] Level 1:colcon.colcon_core.package_identification:_identify(src/openarmx_motor_manager/ui/__pycache__) by extensions ['cmake', 'python']
[0.132s] Level 1:colcon.colcon_core.package_identification:_identify(src/openarmx_motor_manager/ui/__pycache__) by extension 'cmake'
[0.132s] Level 1:colcon.colcon_core.package_identification:_identify(src/openarmx_motor_manager/ui/__pycache__) by extension 'python'
[0.132s] Level 1:colcon.colcon_core.package_identification:_identify(src/openarmx_motor_manager/ui/__pycache__) by extensions ['python_setup_py']
[0.132s] Level 1:colcon.colcon_core.package_identification:_identify(src/openarmx_motor_manager/ui/__pycache__) by extension 'python_setup_py'
[0.132s] Level 1:colcon.colcon_core.package_identification:_identify(src/openarmx_motor_manager/ui/texture) by extensions ['ignore', 'ignore_ament_install']
[0.132s] Level 1:colcon.colcon_core.package_identification:_identify(src/openarmx_motor_manager/ui/texture) by extension 'ignore'
[0.132s] Level 1:colcon.colcon_core.package_identification:_identify(src/openarmx_motor_manager/ui/texture) by extension 'ignore_ament_install'
[0.132s] Level 1:colcon.colcon_core.package_identification:_identify(src/openarmx_motor_manager/ui/texture) by extensions ['colcon_pkg']
[0.132s] Level 1:colcon.colcon_core.package_identification:_identify(src/openarmx_motor_manager/ui/texture) by extension 'colcon_pkg'
[0.132s] Level 1:colcon.colcon_core.package_identification:_identify(src/openarmx_motor_manager/ui/texture) by extensions ['colcon_meta']
[0.132s] Level 1:colcon.colcon_core.package_identification:_identify(src/openarmx_motor_manager/ui/texture) by extension 'colcon_meta'
[0.132s] Level 1:colcon.colcon_core.package_identification:_identify(src/openarmx_motor_manager/ui/texture) by extensions ['ros']
[0.132s] Level 1:colcon.colcon_core.package_identification:_identify(src/openarmx_motor_manager/ui/texture) by extension 'ros'
[0.132s] Level 1:colcon.colcon_core.package_identification:_identify(src/openarmx_motor_manager/ui/texture) by extensions ['cmake', 'python']
[0.132s] Level 1:colcon.colcon_core.package_identification:_identify(src/openarmx_motor_manager/ui/texture) by extension 'cmake'
[0.132s] Level 1:colcon.colcon_core.package_identification:_identify(src/openarmx_motor_manager/ui/texture) by extension 'python'
[0.132s] Level 1:colcon.colcon_core.package_identification:_identify(src/openarmx_motor_manager/ui/texture) by extensions ['python_setup_py']
[0.132s] Level 1:colcon.colcon_core.package_identification:_identify(src/openarmx_motor_manager/ui/texture) by extension 'python_setup_py'
[0.132s] Level 1:colcon.colcon_core.package_identification:_identify(src/openarmx_motor_manager/ui/ui) by extensions ['ignore', 'ignore_ament_install']
[0.132s] Level 1:colcon.colcon_core.package_identification:_identify(src/openarmx_motor_manager/ui/ui) by extension 'ignore'
[0.132s] Level 1:colcon.colcon_core.package_identification:_identify(src/openarmx_motor_manager/ui/ui) by extension 'ignore_ament_install'
[0.132s] Level 1:colcon.colcon_core.package_identification:_identify(src/openarmx_motor_manager/ui/ui) by extensions ['colcon_pkg']
[0.132s] Level 1:colcon.colcon_core.package_identification:_identify(src/openarmx_motor_manager/ui/ui) by extension 'colcon_pkg'
[0.132s] Level 1:colcon.colcon_core.package_identification:_identify(src/openarmx_motor_manager/ui/ui) by extensions ['colcon_meta']
[0.132s] Level 1:colcon.colcon_core.package_identification:_identify(src/openarmx_motor_manager/ui/ui) by extension 'colcon_meta'
[0.132s] Level 1:colcon.colcon_core.package_identification:_identify(src/openarmx_motor_manager/ui/ui) by extensions ['ros']
[0.132s] Level 1:colcon.colcon_core.package_identification:_identify(src/openarmx_motor_manager/ui/ui) by extension 'ros'
[0.132s] Level 1:colcon.colcon_core.package_identification:_identify(src/openarmx_motor_manager/ui/ui) by extensions ['cmake', 'python']
[0.132s] Level 1:colcon.colcon_core.package_identification:_identify(src/openarmx_motor_manager/ui/ui) by extension 'cmake'
[0.132s] Level 1:colcon.colcon_core.package_identification:_identify(src/openarmx_motor_manager/ui/ui) by extension 'python'
[0.132s] Level 1:colcon.colcon_core.package_identification:_identify(src/openarmx_motor_manager/ui/ui) by extensions ['python_setup_py']
[0.132s] Level 1:colcon.colcon_core.package_identification:_identify(src/openarmx_motor_manager/ui/ui) by extension 'python_setup_py'
[0.132s] Level 1:colcon.colcon_core.package_identification:_identify(src/openarmx_motor_manager/ui/ui/__pycache__) by extensions ['ignore', 'ignore_ament_install']
[0.132s] Level 1:colcon.colcon_core.package_identification:_identify(src/openarmx_motor_manager/ui/ui/__pycache__) by extension 'ignore'
[0.132s] Level 1:colcon.colcon_core.package_identification:_identify(src/openarmx_motor_manager/ui/ui/__pycache__) by extension 'ignore_ament_install'
[0.132s] Level 1:colcon.colcon_core.package_identification:_identify(src/openarmx_motor_manager/ui/ui/__pycache__) by extensions ['colcon_pkg']
[0.132s] Level 1:colcon.colcon_core.package_identification:_identify(src/openarmx_motor_manager/ui/ui/__pycache__) by extension 'colcon_pkg'
[0.132s] Level 1:colcon.colcon_core.package_identification:_identify(src/openarmx_motor_manager/ui/ui/__pycache__) by extensions ['colcon_meta']
[0.132s] Level 1:colcon.colcon_core.package_identification:_identify(src/openarmx_motor_manager/ui/ui/__pycache__) by extension 'colcon_meta'
[0.132s] Level 1:colcon.colcon_core.package_identification:_identify(src/openarmx_motor_manager/ui/ui/__pycache__) by extensions ['ros']
[0.132s] Level 1:colcon.colcon_core.package_identification:_identify(src/openarmx_motor_manager/ui/ui/__pycache__) by extension 'ros'
[0.133s] Level 1:colcon.colcon_core.package_identification:_identify(src/openarmx_motor_manager/ui/ui/__pycache__) by extensions ['cmake', 'python']
[0.133s] Level 1:colcon.colcon_core.package_identification:_identify(src/openarmx_motor_manager/ui/ui/__pycache__) by extension 'cmake'
[0.133s] Level 1:colcon.colcon_core.package_identification:_identify(src/openarmx_motor_manager/ui/ui/__pycache__) by extension 'python'
[0.133s] Level 1:colcon.colcon_core.package_identification:_identify(src/openarmx_motor_manager/ui/ui/__pycache__) by extensions ['python_setup_py']
[0.133s] Level 1:colcon.colcon_core.package_identification:_identify(src/openarmx_motor_manager/ui/ui/__pycache__) by extension 'python_setup_py'
[0.133s] Level 1:colcon.colcon_core.package_identification:_identify(src/openarmx_motor_manager/utils) by extensions ['ignore', 'ignore_ament_install']
[0.133s] Level 1:colcon.colcon_core.package_identification:_identify(src/openarmx_motor_manager/utils) by extension 'ignore'
[0.133s] Level 1:colcon.colcon_core.package_identification:_identify(src/openarmx_motor_manager/utils) by extension 'ignore_ament_install'
[0.133s] Level 1:colcon.colcon_core.package_identification:_identify(src/openarmx_motor_manager/utils) by extensions ['colcon_pkg']
[0.133s] Level 1:colcon.colcon_core.package_identification:_identify(src/openarmx_motor_manager/utils) by extension 'colcon_pkg'
[0.133s] Level 1:colcon.colcon_core.package_identification:_identify(src/openarmx_motor_manager/utils) by extensions ['colcon_meta']
[0.133s] Level 1:colcon.colcon_core.package_identification:_identify(src/openarmx_motor_manager/utils) by extension 'colcon_meta'
[0.133s] Level 1:colcon.colcon_core.package_identification:_identify(src/openarmx_motor_manager/utils) by extensions ['ros']
[0.133s] Level 1:colcon.colcon_core.package_identification:_identify(src/openarmx_motor_manager/utils) by extension 'ros'
[0.133s] Level 1:colcon.colcon_core.package_identification:_identify(src/openarmx_motor_manager/utils) by extensions ['cmake', 'python']
[0.133s] Level 1:colcon.colcon_core.package_identification:_identify(src/openarmx_motor_manager/utils) by extension 'cmake'
[0.133s] Level 1:colcon.colcon_core.package_identification:_identify(src/openarmx_motor_manager/utils) by extension 'python'
[0.133s] Level 1:colcon.colcon_core.package_identification:_identify(src/openarmx_motor_manager/utils) by extensions ['python_setup_py']
[0.133s] Level 1:colcon.colcon_core.package_identification:_identify(src/openarmx_motor_manager/utils) by extension 'python_setup_py'
[0.133s] Level 1:colcon.colcon_core.package_identification:_identify(src/openarmx_motor_manager/utils/__pycache__) by extensions ['ignore', 'ignore_ament_install']
[0.133s] Level 1:colcon.colcon_core.package_identification:_identify(src/openarmx_motor_manager/utils/__pycache__) by extension 'ignore'
[0.133s] Level 1:colcon.colcon_core.package_identification:_identify(src/openarmx_motor_manager/utils/__pycache__) by extension 'ignore_ament_install'
[0.133s] Level 1:colcon.colcon_core.package_identification:_identify(src/openarmx_motor_manager/utils/__pycache__) by extensions ['colcon_pkg']
[0.133s] Level 1:colcon.colcon_core.package_identification:_identify(src/openarmx_motor_manager/utils/__pycache__) by extension 'colcon_pkg'
[0.133s] Level 1:colcon.colcon_core.package_identification:_identify(src/openarmx_motor_manager/utils/__pycache__) by extensions ['colcon_meta']
[0.133s] Level 1:colcon.colcon_core.package_identification:_identify(src/openarmx_motor_manager/utils/__pycache__) by extension 'colcon_meta'
[0.133s] Level 1:colcon.colcon_core.package_identification:_identify(src/openarmx_motor_manager/utils/__pycache__) by extensions ['ros']
[0.133s] Level 1:colcon.colcon_core.package_identification:_identify(src/openarmx_motor_manager/utils/__pycache__) by extension 'ros'
[0.133s] Level 1:colcon.colcon_core.package_identification:_identify(src/openarmx_motor_manager/utils/__pycache__) by extensions ['cmake', 'python']
[0.133s] Level 1:colcon.colcon_core.package_identification:_identify(src/openarmx_motor_manager/utils/__pycache__) by extension 'cmake'
[0.133s] Level 1:colcon.colcon_core.package_identification:_identify(src/openarmx_motor_manager/utils/__pycache__) by extension 'python'
[0.133s] Level 1:colcon.colcon_core.package_identification:_identify(src/openarmx_motor_manager/utils/__pycache__) by extensions ['python_setup_py']
[0.133s] Level 1:colcon.colcon_core.package_identification:_identify(src/openarmx_motor_manager/utils/__pycache__) by extension 'python_setup_py'
[0.133s] Level 1:colcon.colcon_core.package_identification:_identify(src/openarmx_ros2) by extensions ['ignore', 'ignore_ament_install']
[0.133s] Level 1:colcon.colcon_core.package_identification:_identify(src/openarmx_ros2) by extension 'ignore'
[0.133s] Level 1:colcon.colcon_core.package_identification:_identify(src/openarmx_ros2) by extension 'ignore_ament_install'
[0.133s] Level 1:colcon.colcon_core.package_identification:_identify(src/openarmx_ros2) by extensions ['colcon_pkg']
[0.133s] Level 1:colcon.colcon_core.package_identification:_identify(src/openarmx_ros2) by extension 'colcon_pkg'
[0.133s] Level 1:colcon.colcon_core.package_identification:_identify(src/openarmx_ros2) by extensions ['colcon_meta']
[0.133s] Level 1:colcon.colcon_core.package_identification:_identify(src/openarmx_ros2) by extension 'colcon_meta'
[0.133s] Level 1:colcon.colcon_core.package_identification:_identify(src/openarmx_ros2) by extensions ['ros']
[0.133s] Level 1:colcon.colcon_core.package_identification:_identify(src/openarmx_ros2) by extension 'ros'
[0.133s] Level 1:colcon.colcon_core.package_identification:_identify(src/openarmx_ros2) by extensions ['cmake', 'python']
[0.133s] Level 1:colcon.colcon_core.package_identification:_identify(src/openarmx_ros2) by extension 'cmake'
[0.133s] Level 1:colcon.colcon_core.package_identification:_identify(src/openarmx_ros2) by extension 'python'
[0.133s] Level 1:colcon.colcon_core.package_identification:_identify(src/openarmx_ros2) by extensions ['python_setup_py']
[0.133s] Level 1:colcon.colcon_core.package_identification:_identify(src/openarmx_ros2) by extension 'python_setup_py'
[0.133s] Level 1:colcon.colcon_core.package_identification:_identify(src/openarmx_ros2/openarmx) by extensions ['ignore', 'ignore_ament_install']
[0.133s] Level 1:colcon.colcon_core.package_identification:_identify(src/openarmx_ros2/openarmx) by extension 'ignore'
[0.133s] Level 1:colcon.colcon_core.package_identification:_identify(src/openarmx_ros2/openarmx) by extension 'ignore_ament_install'
[0.133s] Level 1:colcon.colcon_core.package_identification:_identify(src/openarmx_ros2/openarmx) by extensions ['colcon_pkg']
[0.133s] Level 1:colcon.colcon_core.package_identification:_identify(src/openarmx_ros2/openarmx) by extension 'colcon_pkg'
[0.133s] Level 1:colcon.colcon_core.package_identification:_identify(src/openarmx_ros2/openarmx) by extensions ['colcon_meta']
[0.133s] Level 1:colcon.colcon_core.package_identification:_identify(src/openarmx_ros2/openarmx) by extension 'colcon_meta'
[0.134s] Level 1:colcon.colcon_core.package_identification:_identify(src/openarmx_ros2/openarmx) by extensions ['ros']
[0.134s] Level 1:colcon.colcon_core.package_identification:_identify(src/openarmx_ros2/openarmx) by extension 'ros'
[0.134s] DEBUG:colcon.colcon_core.package_identification:Package 'src/openarmx_ros2/openarmx' with type 'ros.ament_cmake' and name 'openarmx'
[0.134s] Level 1:colcon.colcon_core.package_identification:_identify(src/openarmx_ros2/openarmx_bimanual_moveit_config) by extensions ['ignore', 'ignore_ament_install']
[0.134s] Level 1:colcon.colcon_core.package_identification:_identify(src/openarmx_ros2/openarmx_bimanual_moveit_config) by extension 'ignore'
[0.134s] Level 1:colcon.colcon_core.package_identification:_identify(src/openarmx_ros2/openarmx_bimanual_moveit_config) by extension 'ignore_ament_install'
[0.134s] Level 1:colcon.colcon_core.package_identification:_identify(src/openarmx_ros2/openarmx_bimanual_moveit_config) by extensions ['colcon_pkg']
[0.134s] Level 1:colcon.colcon_core.package_identification:_identify(src/openarmx_ros2/openarmx_bimanual_moveit_config) by extension 'colcon_pkg'
[0.134s] Level 1:colcon.colcon_core.package_identification:_identify(src/openarmx_ros2/openarmx_bimanual_moveit_config) by extensions ['colcon_meta']
[0.134s] Level 1:colcon.colcon_core.package_identification:_identify(src/openarmx_ros2/openarmx_bimanual_moveit_config) by extension 'colcon_meta'
[0.134s] Level 1:colcon.colcon_core.package_identification:_identify(src/openarmx_ros2/openarmx_bimanual_moveit_config) by extensions ['ros']
[0.134s] Level 1:colcon.colcon_core.package_identification:_identify(src/openarmx_ros2/openarmx_bimanual_moveit_config) by extension 'ros'
[0.134s] DEBUG:colcon.colcon_core.package_identification:Package 'src/openarmx_ros2/openarmx_bimanual_moveit_config' with type 'ros.ament_cmake' and name 'openarmx_bimanual_moveit_config'
[0.134s] Level 1:colcon.colcon_core.package_identification:_identify(src/openarmx_ros2/openarmx_bringup) by extensions ['ignore', 'ignore_ament_install']
[0.134s] Level 1:colcon.colcon_core.package_identification:_identify(src/openarmx_ros2/openarmx_bringup) by extension 'ignore'
[0.134s] Level 1:colcon.colcon_core.package_identification:_identify(src/openarmx_ros2/openarmx_bringup) by extension 'ignore_ament_install'
[0.134s] Level 1:colcon.colcon_core.package_identification:_identify(src/openarmx_ros2/openarmx_bringup) by extensions ['colcon_pkg']
[0.134s] Level 1:colcon.colcon_core.package_identification:_identify(src/openarmx_ros2/openarmx_bringup) by extension 'colcon_pkg'
[0.134s] Level 1:colcon.colcon_core.package_identification:_identify(src/openarmx_ros2/openarmx_bringup) by extensions ['colcon_meta']
[0.134s] Level 1:colcon.colcon_core.package_identification:_identify(src/openarmx_ros2/openarmx_bringup) by extension 'colcon_meta'
[0.134s] Level 1:colcon.colcon_core.package_identification:_identify(src/openarmx_ros2/openarmx_bringup) by extensions ['ros']
[0.134s] Level 1:colcon.colcon_core.package_identification:_identify(src/openarmx_ros2/openarmx_bringup) by extension 'ros'
[0.135s] DEBUG:colcon.colcon_core.package_identification:Package 'src/openarmx_ros2/openarmx_bringup' with type 'ros.ament_cmake' and name 'openarmx_bringup'
[0.135s] Level 1:colcon.colcon_core.package_identification:_identify(src/openarmx_ros2/openarmx_hardware) by extensions ['ignore', 'ignore_ament_install']
[0.135s] Level 1:colcon.colcon_core.package_identification:_identify(src/openarmx_ros2/openarmx_hardware) by extension 'ignore'
[0.135s] Level 1:colcon.colcon_core.package_identification:_identify(src/openarmx_ros2/openarmx_hardware) by extension 'ignore_ament_install'
[0.135s] Level 1:colcon.colcon_core.package_identification:_identify(src/openarmx_ros2/openarmx_hardware) by extensions ['colcon_pkg']
[0.135s] Level 1:colcon.colcon_core.package_identification:_identify(src/openarmx_ros2/openarmx_hardware) by extension 'colcon_pkg'
[0.135s] Level 1:colcon.colcon_core.package_identification:_identify(src/openarmx_ros2/openarmx_hardware) by extensions ['colcon_meta']
[0.135s] Level 1:colcon.colcon_core.package_identification:_identify(src/openarmx_ros2/openarmx_hardware) by extension 'colcon_meta'
[0.135s] Level 1:colcon.colcon_core.package_identification:_identify(src/openarmx_ros2/openarmx_hardware) by extensions ['ros']
[0.135s] Level 1:colcon.colcon_core.package_identification:_identify(src/openarmx_ros2/openarmx_hardware) by extension 'ros'
[0.135s] DEBUG:colcon.colcon_core.package_identification:Package 'src/openarmx_ros2/openarmx_hardware' with type 'ros.ament_cmake' and name 'openarmx_hardware'
[0.135s] Level 1:colcon.colcon_core.package_identification:_identify(src/openarmx_teleop_leader) by extensions ['ignore', 'ignore_ament_install']
[0.135s] Level 1:colcon.colcon_core.package_identification:_identify(src/openarmx_teleop_leader) by extension 'ignore'
[0.135s] Level 1:colcon.colcon_core.package_identification:_identify(src/openarmx_teleop_leader) by extension 'ignore_ament_install'
[0.135s] Level 1:colcon.colcon_core.package_identification:_identify(src/openarmx_teleop_leader) by extensions ['colcon_pkg']
[0.135s] Level 1:colcon.colcon_core.package_identification:_identify(src/openarmx_teleop_leader) by extension 'colcon_pkg'
[0.135s] Level 1:colcon.colcon_core.package_identification:_identify(src/openarmx_teleop_leader) by extensions ['colcon_meta']
[0.135s] Level 1:colcon.colcon_core.package_identification:_identify(src/openarmx_teleop_leader) by extension 'colcon_meta'
[0.135s] Level 1:colcon.colcon_core.package_identification:_identify(src/openarmx_teleop_leader) by extensions ['ros']
[0.135s] Level 1:colcon.colcon_core.package_identification:_identify(src/openarmx_teleop_leader) by extension 'ros'
[0.136s] DEBUG:colcon.colcon_core.package_identification:Package 'src/openarmx_teleop_leader' with type 'ros.ament_cmake' and name 'openarmx_teleop_leader'
[0.136s] Level 1:colcon.colcon_core.package_identification:_identify(src/openarmx_tools) by extensions ['ignore', 'ignore_ament_install']
[0.136s] Level 1:colcon.colcon_core.package_identification:_identify(src/openarmx_tools) by extension 'ignore'
[0.136s] Level 1:colcon.colcon_core.package_identification:_identify(src/openarmx_tools) by extension 'ignore_ament_install'
[0.136s] Level 1:colcon.colcon_core.package_identification:_identify(src/openarmx_tools) by extensions ['colcon_pkg']
[0.136s] Level 1:colcon.colcon_core.package_identification:_identify(src/openarmx_tools) by extension 'colcon_pkg'
[0.136s] Level 1:colcon.colcon_core.package_identification:_identify(src/openarmx_tools) by extensions ['colcon_meta']
[0.136s] Level 1:colcon.colcon_core.package_identification:_identify(src/openarmx_tools) by extension 'colcon_meta'
[0.136s] Level 1:colcon.colcon_core.package_identification:_identify(src/openarmx_tools) by extensions ['ros']
[0.136s] Level 1:colcon.colcon_core.package_identification:_identify(src/openarmx_tools) by extension 'ros'
[0.136s] Level 1:colcon.colcon_core.package_identification:_identify(src/openarmx_tools) by extensions ['cmake', 'python']
[0.136s] Level 1:colcon.colcon_core.package_identification:_identify(src/openarmx_tools) by extension 'cmake'
[0.136s] Level 1:colcon.colcon_core.package_identification:_identify(src/openarmx_tools) by extension 'python'
[0.136s] Level 1:colcon.colcon_core.package_identification:_identify(src/openarmx_tools) by extensions ['python_setup_py']
[0.136s] Level 1:colcon.colcon_core.package_identification:_identify(src/openarmx_tools) by extension 'python_setup_py'
[0.136s] Level 1:colcon.colcon_core.package_identification:_identify(src/openarmx_tools/openarmx_gripper_panel) by extensions ['ignore', 'ignore_ament_install']
[0.136s] Level 1:colcon.colcon_core.package_identification:_identify(src/openarmx_tools/openarmx_gripper_panel) by extension 'ignore'
[0.136s] Level 1:colcon.colcon_core.package_identification:_identify(src/openarmx_tools/openarmx_gripper_panel) by extension 'ignore_ament_install'
[0.136s] Level 1:colcon.colcon_core.package_identification:_identify(src/openarmx_tools/openarmx_gripper_panel) by extensions ['colcon_pkg']
[0.136s] Level 1:colcon.colcon_core.package_identification:_identify(src/openarmx_tools/openarmx_gripper_panel) by extension 'colcon_pkg'
[0.136s] Level 1:colcon.colcon_core.package_identification:_identify(src/openarmx_tools/openarmx_gripper_panel) by extensions ['colcon_meta']
[0.136s] Level 1:colcon.colcon_core.package_identification:_identify(src/openarmx_tools/openarmx_gripper_panel) by extension 'colcon_meta'
[0.136s] Level 1:colcon.colcon_core.package_identification:_identify(src/openarmx_tools/openarmx_gripper_panel) by extensions ['ros']
[0.136s] Level 1:colcon.colcon_core.package_identification:_identify(src/openarmx_tools/openarmx_gripper_panel) by extension 'ros'
[0.137s] DEBUG:colcon.colcon_core.package_identification:Package 'src/openarmx_tools/openarmx_gripper_panel' with type 'ros.ament_cmake' and name 'openarmx_gripper_panel'
[0.137s] Level 1:colcon.colcon_core.package_identification:_identify(src/openarmx_tools/openarmx_kp_kd_panel) by extensions ['ignore', 'ignore_ament_install']
[0.137s] Level 1:colcon.colcon_core.package_identification:_identify(src/openarmx_tools/openarmx_kp_kd_panel) by extension 'ignore'
[0.137s] Level 1:colcon.colcon_core.package_identification:_identify(src/openarmx_tools/openarmx_kp_kd_panel) by extension 'ignore_ament_install'
[0.137s] Level 1:colcon.colcon_core.package_identification:_identify(src/openarmx_tools/openarmx_kp_kd_panel) by extensions ['colcon_pkg']
[0.137s] Level 1:colcon.colcon_core.package_identification:_identify(src/openarmx_tools/openarmx_kp_kd_panel) by extension 'colcon_pkg'
[0.137s] Level 1:colcon.colcon_core.package_identification:_identify(src/openarmx_tools/openarmx_kp_kd_panel) by extensions ['colcon_meta']
[0.137s] Level 1:colcon.colcon_core.package_identification:_identify(src/openarmx_tools/openarmx_kp_kd_panel) by extension 'colcon_meta'
[0.137s] Level 1:colcon.colcon_core.package_identification:_identify(src/openarmx_tools/openarmx_kp_kd_panel) by extensions ['ros']
[0.137s] Level 1:colcon.colcon_core.package_identification:_identify(src/openarmx_tools/openarmx_kp_kd_panel) by extension 'ros'
[0.137s] DEBUG:colcon.colcon_core.package_identification:Package 'src/openarmx_tools/openarmx_kp_kd_panel' with type 'ros.ament_cmake' and name 'openarmx_kp_kd_panel'
[0.137s] Level 1:colcon.colcon_core.package_identification:_identify(src/openarmx_tools/openarmx_teach) by extensions ['ignore', 'ignore_ament_install']
[0.137s] Level 1:colcon.colcon_core.package_identification:_identify(src/openarmx_tools/openarmx_teach) by extension 'ignore'
[0.137s] Level 1:colcon.colcon_core.package_identification:_identify(src/openarmx_tools/openarmx_teach) by extension 'ignore_ament_install'
[0.137s] Level 1:colcon.colcon_core.package_identification:_identify(src/openarmx_tools/openarmx_teach) by extensions ['colcon_pkg']
[0.137s] Level 1:colcon.colcon_core.package_identification:_identify(src/openarmx_tools/openarmx_teach) by extension 'colcon_pkg'
[0.137s] Level 1:colcon.colcon_core.package_identification:_identify(src/openarmx_tools/openarmx_teach) by extensions ['colcon_meta']
[0.137s] Level 1:colcon.colcon_core.package_identification:_identify(src/openarmx_tools/openarmx_teach) by extension 'colcon_meta'
[0.137s] Level 1:colcon.colcon_core.package_identification:_identify(src/openarmx_tools/openarmx_teach) by extensions ['ros']
[0.137s] Level 1:colcon.colcon_core.package_identification:_identify(src/openarmx_tools/openarmx_teach) by extension 'ros'
[0.138s] DEBUG:colcon.colcon_core.package_identification:Package 'src/openarmx_tools/openarmx_teach' with type 'ros.ament_python' and name 'openarmx_teach'
[0.138s] Level 1:colcon.colcon_core.package_identification:_identify(src/使用说明书) by extensions ['ignore', 'ignore_ament_install']
[0.138s] Level 1:colcon.colcon_core.package_identification:_identify(src/使用说明书) by extension 'ignore'
[0.138s] Level 1:colcon.colcon_core.package_identification:_identify(src/使用说明书) by extension 'ignore_ament_install'
[0.138s] Level 1:colcon.colcon_core.package_identification:_identify(src/使用说明书) by extensions ['colcon_pkg']
[0.138s] Level 1:colcon.colcon_core.package_identification:_identify(src/使用说明书) by extension 'colcon_pkg'
[0.138s] Level 1:colcon.colcon_core.package_identification:_identify(src/使用说明书) by extensions ['colcon_meta']
[0.138s] Level 1:colcon.colcon_core.package_identification:_identify(src/使用说明书) by extension 'colcon_meta'
[0.138s] Level 1:colcon.colcon_core.package_identification:_identify(src/使用说明书) by extensions ['ros']
[0.138s] Level 1:colcon.colcon_core.package_identification:_identify(src/使用说明书) by extension 'ros'
[0.138s] Level 1:colcon.colcon_core.package_identification:_identify(src/使用说明书) by extensions ['cmake', 'python']
[0.138s] Level 1:colcon.colcon_core.package_identification:_identify(src/使用说明书) by extension 'cmake'
[0.138s] Level 1:colcon.colcon_core.package_identification:_identify(src/使用说明书) by extension 'python'
[0.138s] Level 1:colcon.colcon_core.package_identification:_identify(src/使用说明书) by extensions ['python_setup_py']
[0.138s] Level 1:colcon.colcon_core.package_identification:_identify(src/使用说明书) by extension 'python_setup_py'
[0.138s] Level 1:colcon.colcon_core.package_identification:_identify(src/使用说明书/00_安全声明) by extensions ['ignore', 'ignore_ament_install']
[0.138s] Level 1:colcon.colcon_core.package_identification:_identify(src/使用说明书/00_安全声明) by extension 'ignore'
[0.138s] Level 1:colcon.colcon_core.package_identification:_identify(src/使用说明书/00_安全声明) by extension 'ignore_ament_install'
[0.138s] Level 1:colcon.colcon_core.package_identification:_identify(src/使用说明书/00_安全声明) by extensions ['colcon_pkg']
[0.138s] Level 1:colcon.colcon_core.package_identification:_identify(src/使用说明书/00_安全声明) by extension 'colcon_pkg'
[0.138s] Level 1:colcon.colcon_core.package_identification:_identify(src/使用说明书/00_安全声明) by extensions ['colcon_meta']
[0.138s] Level 1:colcon.colcon_core.package_identification:_identify(src/使用说明书/00_安全声明) by extension 'colcon_meta'
[0.138s] Level 1:colcon.colcon_core.package_identification:_identify(src/使用说明书/00_安全声明) by extensions ['ros']
[0.138s] Level 1:colcon.colcon_core.package_identification:_identify(src/使用说明书/00_安全声明) by extension 'ros'
[0.138s] Level 1:colcon.colcon_core.package_identification:_identify(src/使用说明书/00_安全声明) by extensions ['cmake', 'python']
[0.138s] Level 1:colcon.colcon_core.package_identification:_identify(src/使用说明书/00_安全声明) by extension 'cmake'
[0.138s] Level 1:colcon.colcon_core.package_identification:_identify(src/使用说明书/00_安全声明) by extension 'python'
[0.138s] Level 1:colcon.colcon_core.package_identification:_identify(src/使用说明书/00_安全声明) by extensions ['python_setup_py']
[0.138s] Level 1:colcon.colcon_core.package_identification:_identify(src/使用说明书/00_安全声明) by extension 'python_setup_py'
[0.138s] Level 1:colcon.colcon_core.package_identification:_identify(src/使用说明书/01_系统概述) by extensions ['ignore', 'ignore_ament_install']
[0.138s] Level 1:colcon.colcon_core.package_identification:_identify(src/使用说明书/01_系统概述) by extension 'ignore'
[0.138s] Level 1:colcon.colcon_core.package_identification:_identify(src/使用说明书/01_系统概述) by extension 'ignore_ament_install'
[0.138s] Level 1:colcon.colcon_core.package_identification:_identify(src/使用说明书/01_系统概述) by extensions ['colcon_pkg']
[0.138s] Level 1:colcon.colcon_core.package_identification:_identify(src/使用说明书/01_系统概述) by extension 'colcon_pkg'
[0.138s] Level 1:colcon.colcon_core.package_identification:_identify(src/使用说明书/01_系统概述) by extensions ['colcon_meta']
[0.138s] Level 1:colcon.colcon_core.package_identification:_identify(src/使用说明书/01_系统概述) by extension 'colcon_meta'
[0.138s] Level 1:colcon.colcon_core.package_identification:_identify(src/使用说明书/01_系统概述) by extensions ['ros']
[0.138s] Level 1:colcon.colcon_core.package_identification:_identify(src/使用说明书/01_系统概述) by extension 'ros'
[0.138s] Level 1:colcon.colcon_core.package_identification:_identify(src/使用说明书/01_系统概述) by extensions ['cmake', 'python']
[0.138s] Level 1:colcon.colcon_core.package_identification:_identify(src/使用说明书/01_系统概述) by extension 'cmake'
[0.138s] Level 1:colcon.colcon_core.package_identification:_identify(src/使用说明书/01_系统概述) by extension 'python'
[0.138s] Level 1:colcon.colcon_core.package_identification:_identify(src/使用说明书/01_系统概述) by extensions ['python_setup_py']
[0.139s] Level 1:colcon.colcon_core.package_identification:_identify(src/使用说明书/01_系统概述) by extension 'python_setup_py'
[0.139s] Level 1:colcon.colcon_core.package_identification:_identify(src/使用说明书/02_环境准备) by extensions ['ignore', 'ignore_ament_install']
[0.139s] Level 1:colcon.colcon_core.package_identification:_identify(src/使用说明书/02_环境准备) by extension 'ignore'
[0.139s] Level 1:colcon.colcon_core.package_identification:_identify(src/使用说明书/02_环境准备) by extension 'ignore_ament_install'
[0.139s] Level 1:colcon.colcon_core.package_identification:_identify(src/使用说明书/02_环境准备) by extensions ['colcon_pkg']
[0.139s] Level 1:colcon.colcon_core.package_identification:_identify(src/使用说明书/02_环境准备) by extension 'colcon_pkg'
[0.139s] Level 1:colcon.colcon_core.package_identification:_identify(src/使用说明书/02_环境准备) by extensions ['colcon_meta']
[0.139s] Level 1:colcon.colcon_core.package_identification:_identify(src/使用说明书/02_环境准备) by extension 'colcon_meta'
[0.139s] Level 1:colcon.colcon_core.package_identification:_identify(src/使用说明书/02_环境准备) by extensions ['ros']
[0.139s] Level 1:colcon.colcon_core.package_identification:_identify(src/使用说明书/02_环境准备) by extension 'ros'
[0.139s] Level 1:colcon.colcon_core.package_identification:_identify(src/使用说明书/02_环境准备) by extensions ['cmake', 'python']
[0.139s] Level 1:colcon.colcon_core.package_identification:_identify(src/使用说明书/02_环境准备) by extension 'cmake'
[0.139s] Level 1:colcon.colcon_core.package_identification:_identify(src/使用说明书/02_环境准备) by extension 'python'
[0.139s] Level 1:colcon.colcon_core.package_identification:_identify(src/使用说明书/02_环境准备) by extensions ['python_setup_py']
[0.139s] Level 1:colcon.colcon_core.package_identification:_identify(src/使用说明书/02_环境准备) by extension 'python_setup_py'
[0.139s] Level 1:colcon.colcon_core.package_identification:_identify(src/使用说明书/03_硬件连接与配置) by extensions ['ignore', 'ignore_ament_install']
[0.139s] Level 1:colcon.colcon_core.package_identification:_identify(src/使用说明书/03_硬件连接与配置) by extension 'ignore'
[0.139s] Level 1:colcon.colcon_core.package_identification:_identify(src/使用说明书/03_硬件连接与配置) by extension 'ignore_ament_install'
[0.139s] Level 1:colcon.colcon_core.package_identification:_identify(src/使用说明书/03_硬件连接与配置) by extensions ['colcon_pkg']
[0.139s] Level 1:colcon.colcon_core.package_identification:_identify(src/使用说明书/03_硬件连接与配置) by extension 'colcon_pkg'
[0.139s] Level 1:colcon.colcon_core.package_identification:_identify(src/使用说明书/03_硬件连接与配置) by extensions ['colcon_meta']
[0.139s] Level 1:colcon.colcon_core.package_identification:_identify(src/使用说明书/03_硬件连接与配置) by extension 'colcon_meta'
[0.139s] Level 1:colcon.colcon_core.package_identification:_identify(src/使用说明书/03_硬件连接与配置) by extensions ['ros']
[0.139s] Level 1:colcon.colcon_core.package_identification:_identify(src/使用说明书/03_硬件连接与配置) by extension 'ros'
[0.139s] Level 1:colcon.colcon_core.package_identification:_identify(src/使用说明书/03_硬件连接与配置) by extensions ['cmake', 'python']
[0.139s] Level 1:colcon.colcon_core.package_identification:_identify(src/使用说明书/03_硬件连接与配置) by extension 'cmake'
[0.139s] Level 1:colcon.colcon_core.package_identification:_identify(src/使用说明书/03_硬件连接与配置) by extension 'python'
[0.139s] Level 1:colcon.colcon_core.package_identification:_identify(src/使用说明书/03_硬件连接与配置) by extensions ['python_setup_py']
[0.139s] Level 1:colcon.colcon_core.package_identification:_identify(src/使用说明书/03_硬件连接与配置) by extension 'python_setup_py'
[0.139s] Level 1:colcon.colcon_core.package_identification:_identify(src/使用说明书/04_电机测试与调试) by extensions ['ignore', 'ignore_ament_install']
[0.139s] Level 1:colcon.colcon_core.package_identification:_identify(src/使用说明书/04_电机测试与调试) by extension 'ignore'
[0.139s] Level 1:colcon.colcon_core.package_identification:_identify(src/使用说明书/04_电机测试与调试) by extension 'ignore_ament_install'
[0.139s] Level 1:colcon.colcon_core.package_identification:_identify(src/使用说明书/04_电机测试与调试) by extensions ['colcon_pkg']
[0.139s] Level 1:colcon.colcon_core.package_identification:_identify(src/使用说明书/04_电机测试与调试) by extension 'colcon_pkg'
[0.139s] Level 1:colcon.colcon_core.package_identification:_identify(src/使用说明书/04_电机测试与调试) by extensions ['colcon_meta']
[0.139s] Level 1:colcon.colcon_core.package_identification:_identify(src/使用说明书/04_电机测试与调试) by extension 'colcon_meta'
[0.139s] Level 1:colcon.colcon_core.package_identification:_identify(src/使用说明书/04_电机测试与调试) by extensions ['ros']
[0.139s] Level 1:colcon.colcon_core.package_identification:_identify(src/使用说明书/04_电机测试与调试) by extension 'ros'
[0.139s] Level 1:colcon.colcon_core.package_identification:_identify(src/使用说明书/04_电机测试与调试) by extensions ['cmake', 'python']
[0.139s] Level 1:colcon.colcon_core.package_identification:_identify(src/使用说明书/04_电机测试与调试) by extension 'cmake'
[0.139s] Level 1:colcon.colcon_core.package_identification:_identify(src/使用说明书/04_电机测试与调试) by extension 'python'
[0.139s] Level 1:colcon.colcon_core.package_identification:_identify(src/使用说明书/04_电机测试与调试) by extensions ['python_setup_py']
[0.139s] Level 1:colcon.colcon_core.package_identification:_identify(src/使用说明书/04_电机测试与调试) by extension 'python_setup_py'
[0.139s] Level 1:colcon.colcon_core.package_identification:_identify(src/使用说明书/05_MoveIt运动规划) by extensions ['ignore', 'ignore_ament_install']
[0.139s] Level 1:colcon.colcon_core.package_identification:_identify(src/使用说明书/05_MoveIt运动规划) by extension 'ignore'
[0.139s] Level 1:colcon.colcon_core.package_identification:_identify(src/使用说明书/05_MoveIt运动规划) by extension 'ignore_ament_install'
[0.139s] Level 1:colcon.colcon_core.package_identification:_identify(src/使用说明书/05_MoveIt运动规划) by extensions ['colcon_pkg']
[0.139s] Level 1:colcon.colcon_core.package_identification:_identify(src/使用说明书/05_MoveIt运动规划) by extension 'colcon_pkg'
[0.139s] Level 1:colcon.colcon_core.package_identification:_identify(src/使用说明书/05_MoveIt运动规划) by extensions ['colcon_meta']
[0.139s] Level 1:colcon.colcon_core.package_identification:_identify(src/使用说明书/05_MoveIt运动规划) by extension 'colcon_meta'
[0.139s] Level 1:colcon.colcon_core.package_identification:_identify(src/使用说明书/05_MoveIt运动规划) by extensions ['ros']
[0.139s] Level 1:colcon.colcon_core.package_identification:_identify(src/使用说明书/05_MoveIt运动规划) by extension 'ros'
[0.139s] Level 1:colcon.colcon_core.package_identification:_identify(src/使用说明书/05_MoveIt运动规划) by extensions ['cmake', 'python']
[0.139s] Level 1:colcon.colcon_core.package_identification:_identify(src/使用说明书/05_MoveIt运动规划) by extension 'cmake'
[0.140s] Level 1:colcon.colcon_core.package_identification:_identify(src/使用说明书/05_MoveIt运动规划) by extension 'python'
[0.140s] Level 1:colcon.colcon_core.package_identification:_identify(src/使用说明书/05_MoveIt运动规划) by extensions ['python_setup_py']
[0.140s] Level 1:colcon.colcon_core.package_identification:_identify(src/使用说明书/05_MoveIt运动规划) by extension 'python_setup_py'
[0.140s] Level 1:colcon.colcon_core.package_identification:_identify(src/使用说明书/06_轨迹录制与回放) by extensions ['ignore', 'ignore_ament_install']
[0.140s] Level 1:colcon.colcon_core.package_identification:_identify(src/使用说明书/06_轨迹录制与回放) by extension 'ignore'
[0.140s] Level 1:colcon.colcon_core.package_identification:_identify(src/使用说明书/06_轨迹录制与回放) by extension 'ignore_ament_install'
[0.140s] Level 1:colcon.colcon_core.package_identification:_identify(src/使用说明书/06_轨迹录制与回放) by extensions ['colcon_pkg']
[0.140s] Level 1:colcon.colcon_core.package_identification:_identify(src/使用说明书/06_轨迹录制与回放) by extension 'colcon_pkg'
[0.140s] Level 1:colcon.colcon_core.package_identification:_identify(src/使用说明书/06_轨迹录制与回放) by extensions ['colcon_meta']
[0.140s] Level 1:colcon.colcon_core.package_identification:_identify(src/使用说明书/06_轨迹录制与回放) by extension 'colcon_meta'
[0.140s] Level 1:colcon.colcon_core.package_identification:_identify(src/使用说明书/06_轨迹录制与回放) by extensions ['ros']
[0.140s] Level 1:colcon.colcon_core.package_identification:_identify(src/使用说明书/06_轨迹录制与回放) by extension 'ros'
[0.140s] Level 1:colcon.colcon_core.package_identification:_identify(src/使用说明书/06_轨迹录制与回放) by extensions ['cmake', 'python']
[0.140s] Level 1:colcon.colcon_core.package_identification:_identify(src/使用说明书/06_轨迹录制与回放) by extension 'cmake'
[0.140s] Level 1:colcon.colcon_core.package_identification:_identify(src/使用说明书/06_轨迹录制与回放) by extension 'python'
[0.140s] Level 1:colcon.colcon_core.package_identification:_identify(src/使用说明书/06_轨迹录制与回放) by extensions ['python_setup_py']
[0.140s] Level 1:colcon.colcon_core.package_identification:_identify(src/使用说明书/06_轨迹录制与回放) by extension 'python_setup_py'
[0.140s] Level 1:colcon.colcon_core.package_identification:_identify(src/使用说明书/07_控制器配置) by extensions ['ignore', 'ignore_ament_install']
[0.140s] Level 1:colcon.colcon_core.package_identification:_identify(src/使用说明书/07_控制器配置) by extension 'ignore'
[0.140s] Level 1:colcon.colcon_core.package_identification:_identify(src/使用说明书/07_控制器配置) by extension 'ignore_ament_install'
[0.140s] Level 1:colcon.colcon_core.package_identification:_identify(src/使用说明书/07_控制器配置) by extensions ['colcon_pkg']
[0.140s] Level 1:colcon.colcon_core.package_identification:_identify(src/使用说明书/07_控制器配置) by extension 'colcon_pkg'
[0.140s] Level 1:colcon.colcon_core.package_identification:_identify(src/使用说明书/07_控制器配置) by extensions ['colcon_meta']
[0.140s] Level 1:colcon.colcon_core.package_identification:_identify(src/使用说明书/07_控制器配置) by extension 'colcon_meta'
[0.140s] Level 1:colcon.colcon_core.package_identification:_identify(src/使用说明书/07_控制器配置) by extensions ['ros']
[0.140s] Level 1:colcon.colcon_core.package_identification:_identify(src/使用说明书/07_控制器配置) by extension 'ros'
[0.140s] Level 1:colcon.colcon_core.package_identification:_identify(src/使用说明书/07_控制器配置) by extensions ['cmake', 'python']
[0.140s] Level 1:colcon.colcon_core.package_identification:_identify(src/使用说明书/07_控制器配置) by extension 'cmake'
[0.140s] Level 1:colcon.colcon_core.package_identification:_identify(src/使用说明书/07_控制器配置) by extension 'python'
[0.140s] Level 1:colcon.colcon_core.package_identification:_identify(src/使用说明书/07_控制器配置) by extensions ['python_setup_py']
[0.140s] Level 1:colcon.colcon_core.package_identification:_identify(src/使用说明书/07_控制器配置) by extension 'python_setup_py'
[0.140s] Level 1:colcon.colcon_core.package_identification:_identify(src/使用说明书/08_高级应用) by extensions ['ignore', 'ignore_ament_install']
[0.140s] Level 1:colcon.colcon_core.package_identification:_identify(src/使用说明书/08_高级应用) by extension 'ignore'
[0.140s] Level 1:colcon.colcon_core.package_identification:_identify(src/使用说明书/08_高级应用) by extension 'ignore_ament_install'
[0.140s] Level 1:colcon.colcon_core.package_identification:_identify(src/使用说明书/08_高级应用) by extensions ['colcon_pkg']
[0.140s] Level 1:colcon.colcon_core.package_identification:_identify(src/使用说明书/08_高级应用) by extension 'colcon_pkg'
[0.140s] Level 1:colcon.colcon_core.package_identification:_identify(src/使用说明书/08_高级应用) by extensions ['colcon_meta']
[0.140s] Level 1:colcon.colcon_core.package_identification:_identify(src/使用说明书/08_高级应用) by extension 'colcon_meta'
[0.140s] Level 1:colcon.colcon_core.package_identification:_identify(src/使用说明书/08_高级应用) by extensions ['ros']
[0.140s] Level 1:colcon.colcon_core.package_identification:_identify(src/使用说明书/08_高级应用) by extension 'ros'
[0.140s] Level 1:colcon.colcon_core.package_identification:_identify(src/使用说明书/08_高级应用) by extensions ['cmake', 'python']
[0.140s] Level 1:colcon.colcon_core.package_identification:_identify(src/使用说明书/08_高级应用) by extension 'cmake'
[0.140s] Level 1:colcon.colcon_core.package_identification:_identify(src/使用说明书/08_高级应用) by extension 'python'
[0.140s] Level 1:colcon.colcon_core.package_identification:_identify(src/使用说明书/08_高级应用) by extensions ['python_setup_py']
[0.140s] Level 1:colcon.colcon_core.package_identification:_identify(src/使用说明书/08_高级应用) by extension 'python_setup_py'
[0.140s] Level 1:colcon.colcon_core.package_identification:_identify(src/使用说明书/09_故障排查) by extensions ['ignore', 'ignore_ament_install']
[0.140s] Level 1:colcon.colcon_core.package_identification:_identify(src/使用说明书/09_故障排查) by extension 'ignore'
[0.140s] Level 1:colcon.colcon_core.package_identification:_identify(src/使用说明书/09_故障排查) by extension 'ignore_ament_install'
[0.140s] Level 1:colcon.colcon_core.package_identification:_identify(src/使用说明书/09_故障排查) by extensions ['colcon_pkg']
[0.140s] Level 1:colcon.colcon_core.package_identification:_identify(src/使用说明书/09_故障排查) by extension 'colcon_pkg'
[0.140s] Level 1:colcon.colcon_core.package_identification:_identify(src/使用说明书/09_故障排查) by extensions ['colcon_meta']
[0.140s] Level 1:colcon.colcon_core.package_identification:_identify(src/使用说明书/09_故障排查) by extension 'colcon_meta'
[0.140s] Level 1:colcon.colcon_core.package_identification:_identify(src/使用说明书/09_故障排查) by extensions ['ros']
[0.140s] Level 1:colcon.colcon_core.package_identification:_identify(src/使用说明书/09_故障排查) by extension 'ros'
[0.141s] Level 1:colcon.colcon_core.package_identification:_identify(src/使用说明书/09_故障排查) by extensions ['cmake', 'python']
[0.141s] Level 1:colcon.colcon_core.package_identification:_identify(src/使用说明书/09_故障排查) by extension 'cmake'
[0.141s] Level 1:colcon.colcon_core.package_identification:_identify(src/使用说明书/09_故障排查) by extension 'python'
[0.141s] Level 1:colcon.colcon_core.package_identification:_identify(src/使用说明书/09_故障排查) by extensions ['python_setup_py']
[0.141s] Level 1:colcon.colcon_core.package_identification:_identify(src/使用说明书/09_故障排查) by extension 'python_setup_py'
[0.141s] Level 1:colcon.colcon_core.package_identification:_identify(src/使用说明书/10_开发者指南) by extensions ['ignore', 'ignore_ament_install']
[0.141s] Level 1:colcon.colcon_core.package_identification:_identify(src/使用说明书/10_开发者指南) by extension 'ignore'
[0.141s] Level 1:colcon.colcon_core.package_identification:_identify(src/使用说明书/10_开发者指南) by extension 'ignore_ament_install'
[0.141s] Level 1:colcon.colcon_core.package_identification:_identify(src/使用说明书/10_开发者指南) by extensions ['colcon_pkg']
[0.141s] Level 1:colcon.colcon_core.package_identification:_identify(src/使用说明书/10_开发者指南) by extension 'colcon_pkg'
[0.141s] Level 1:colcon.colcon_core.package_identification:_identify(src/使用说明书/10_开发者指南) by extensions ['colcon_meta']
[0.141s] Level 1:colcon.colcon_core.package_identification:_identify(src/使用说明书/10_开发者指南) by extension 'colcon_meta'
[0.141s] Level 1:colcon.colcon_core.package_identification:_identify(src/使用说明书/10_开发者指南) by extensions ['ros']
[0.141s] Level 1:colcon.colcon_core.package_identification:_identify(src/使用说明书/10_开发者指南) by extension 'ros'
[0.141s] Level 1:colcon.colcon_core.package_identification:_identify(src/使用说明书/10_开发者指南) by extensions ['cmake', 'python']
[0.141s] Level 1:colcon.colcon_core.package_identification:_identify(src/使用说明书/10_开发者指南) by extension 'cmake'
[0.141s] Level 1:colcon.colcon_core.package_identification:_identify(src/使用说明书/10_开发者指南) by extension 'python'
[0.141s] Level 1:colcon.colcon_core.package_identification:_identify(src/使用说明书/10_开发者指南) by extensions ['python_setup_py']
[0.141s] Level 1:colcon.colcon_core.package_identification:_identify(src/使用说明书/10_开发者指南) by extension 'python_setup_py'
[0.141s] Level 1:colcon.colcon_core.package_identification:_identify(src/使用说明书/11_附录) by extensions ['ignore', 'ignore_ament_install']
[0.141s] Level 1:colcon.colcon_core.package_identification:_identify(src/使用说明书/11_附录) by extension 'ignore'
[0.141s] Level 1:colcon.colcon_core.package_identification:_identify(src/使用说明书/11_附录) by extension 'ignore_ament_install'
[0.141s] Level 1:colcon.colcon_core.package_identification:_identify(src/使用说明书/11_附录) by extensions ['colcon_pkg']
[0.141s] Level 1:colcon.colcon_core.package_identification:_identify(src/使用说明书/11_附录) by extension 'colcon_pkg'
[0.141s] Level 1:colcon.colcon_core.package_identification:_identify(src/使用说明书/11_附录) by extensions ['colcon_meta']
[0.141s] Level 1:colcon.colcon_core.package_identification:_identify(src/使用说明书/11_附录) by extension 'colcon_meta'
[0.141s] Level 1:colcon.colcon_core.package_identification:_identify(src/使用说明书/11_附录) by extensions ['ros']
[0.141s] Level 1:colcon.colcon_core.package_identification:_identify(src/使用说明书/11_附录) by extension 'ros'
[0.141s] Level 1:colcon.colcon_core.package_identification:_identify(src/使用说明书/11_附录) by extensions ['cmake', 'python']
[0.141s] Level 1:colcon.colcon_core.package_identification:_identify(src/使用说明书/11_附录) by extension 'cmake'
[0.141s] Level 1:colcon.colcon_core.package_identification:_identify(src/使用说明书/11_附录) by extension 'python'
[0.141s] Level 1:colcon.colcon_core.package_identification:_identify(src/使用说明书/11_附录) by extensions ['python_setup_py']
[0.141s] Level 1:colcon.colcon_core.package_identification:_identify(src/使用说明书/11_附录) by extension 'python_setup_py'
[0.141s] Level 1:colcon.colcon_core.package_identification:_identify(src/使用说明书/temp_clean_numbers) by extensions ['ignore', 'ignore_ament_install']
[0.141s] Level 1:colcon.colcon_core.package_identification:_identify(src/使用说明书/temp_clean_numbers) by extension 'ignore'
[0.141s] Level 1:colcon.colcon_core.package_identification:_identify(src/使用说明书/temp_clean_numbers) by extension 'ignore_ament_install'
[0.141s] Level 1:colcon.colcon_core.package_identification:_identify(src/使用说明书/temp_clean_numbers) by extensions ['colcon_pkg']
[0.141s] Level 1:colcon.colcon_core.package_identification:_identify(src/使用说明书/temp_clean_numbers) by extension 'colcon_pkg'
[0.141s] Level 1:colcon.colcon_core.package_identification:_identify(src/使用说明书/temp_clean_numbers) by extensions ['colcon_meta']
[0.141s] Level 1:colcon.colcon_core.package_identification:_identify(src/使用说明书/temp_clean_numbers) by extension 'colcon_meta'
[0.141s] Level 1:colcon.colcon_core.package_identification:_identify(src/使用说明书/temp_clean_numbers) by extensions ['ros']
[0.141s] Level 1:colcon.colcon_core.package_identification:_identify(src/使用说明书/temp_clean_numbers) by extension 'ros'
[0.141s] Level 1:colcon.colcon_core.package_identification:_identify(src/使用说明书/temp_clean_numbers) by extensions ['cmake', 'python']
[0.141s] Level 1:colcon.colcon_core.package_identification:_identify(src/使用说明书/temp_clean_numbers) by extension 'cmake'
[0.141s] Level 1:colcon.colcon_core.package_identification:_identify(src/使用说明书/temp_clean_numbers) by extension 'python'
[0.141s] Level 1:colcon.colcon_core.package_identification:_identify(src/使用说明书/temp_clean_numbers) by extensions ['python_setup_py']
[0.141s] Level 1:colcon.colcon_core.package_identification:_identify(src/使用说明书/temp_clean_numbers) by extension 'python_setup_py'
[0.141s] Level 1:colcon.colcon_core.package_identification:_identify(src/使用说明书/temp_clean_numbers/00_安全声明) by extensions ['ignore', 'ignore_ament_install']
[0.141s] Level 1:colcon.colcon_core.package_identification:_identify(src/使用说明书/temp_clean_numbers/00_安全声明) by extension 'ignore'
[0.141s] Level 1:colcon.colcon_core.package_identification:_identify(src/使用说明书/temp_clean_numbers/00_安全声明) by extension 'ignore_ament_install'
[0.141s] Level 1:colcon.colcon_core.package_identification:_identify(src/使用说明书/temp_clean_numbers/00_安全声明) by extensions ['colcon_pkg']
[0.141s] Level 1:colcon.colcon_core.package_identification:_identify(src/使用说明书/temp_clean_numbers/00_安全声明) by extension 'colcon_pkg'
[0.142s] Level 1:colcon.colcon_core.package_identification:_identify(src/使用说明书/temp_clean_numbers/00_安全声明) by extensions ['colcon_meta']
[0.142s] Level 1:colcon.colcon_core.package_identification:_identify(src/使用说明书/temp_clean_numbers/00_安全声明) by extension 'colcon_meta'
[0.142s] Level 1:colcon.colcon_core.package_identification:_identify(src/使用说明书/temp_clean_numbers/00_安全声明) by extensions ['ros']
[0.142s] Level 1:colcon.colcon_core.package_identification:_identify(src/使用说明书/temp_clean_numbers/00_安全声明) by extension 'ros'
[0.142s] Level 1:colcon.colcon_core.package_identification:_identify(src/使用说明书/temp_clean_numbers/00_安全声明) by extensions ['cmake', 'python']
[0.142s] Level 1:colcon.colcon_core.package_identification:_identify(src/使用说明书/temp_clean_numbers/00_安全声明) by extension 'cmake'
[0.142s] Level 1:colcon.colcon_core.package_identification:_identify(src/使用说明书/temp_clean_numbers/00_安全声明) by extension 'python'
[0.142s] Level 1:colcon.colcon_core.package_identification:_identify(src/使用说明书/temp_clean_numbers/00_安全声明) by extensions ['python_setup_py']
[0.142s] Level 1:colcon.colcon_core.package_identification:_identify(src/使用说明书/temp_clean_numbers/00_安全声明) by extension 'python_setup_py'
[0.142s] Level 1:colcon.colcon_core.package_identification:_identify(src/使用说明书/temp_clean_numbers/01_系统概述) by extensions ['ignore', 'ignore_ament_install']
[0.142s] Level 1:colcon.colcon_core.package_identification:_identify(src/使用说明书/temp_clean_numbers/01_系统概述) by extension 'ignore'
[0.142s] Level 1:colcon.colcon_core.package_identification:_identify(src/使用说明书/temp_clean_numbers/01_系统概述) by extension 'ignore_ament_install'
[0.142s] Level 1:colcon.colcon_core.package_identification:_identify(src/使用说明书/temp_clean_numbers/01_系统概述) by extensions ['colcon_pkg']
[0.142s] Level 1:colcon.colcon_core.package_identification:_identify(src/使用说明书/temp_clean_numbers/01_系统概述) by extension 'colcon_pkg'
[0.142s] Level 1:colcon.colcon_core.package_identification:_identify(src/使用说明书/temp_clean_numbers/01_系统概述) by extensions ['colcon_meta']
[0.142s] Level 1:colcon.colcon_core.package_identification:_identify(src/使用说明书/temp_clean_numbers/01_系统概述) by extension 'colcon_meta'
[0.142s] Level 1:colcon.colcon_core.package_identification:_identify(src/使用说明书/temp_clean_numbers/01_系统概述) by extensions ['ros']
[0.142s] Level 1:colcon.colcon_core.package_identification:_identify(src/使用说明书/temp_clean_numbers/01_系统概述) by extension 'ros'
[0.142s] Level 1:colcon.colcon_core.package_identification:_identify(src/使用说明书/temp_clean_numbers/01_系统概述) by extensions ['cmake', 'python']
[0.142s] Level 1:colcon.colcon_core.package_identification:_identify(src/使用说明书/temp_clean_numbers/01_系统概述) by extension 'cmake'
[0.142s] Level 1:colcon.colcon_core.package_identification:_identify(src/使用说明书/temp_clean_numbers/01_系统概述) by extension 'python'
[0.142s] Level 1:colcon.colcon_core.package_identification:_identify(src/使用说明书/temp_clean_numbers/01_系统概述) by extensions ['python_setup_py']
[0.142s] Level 1:colcon.colcon_core.package_identification:_identify(src/使用说明书/temp_clean_numbers/01_系统概述) by extension 'python_setup_py'
[0.142s] Level 1:colcon.colcon_core.package_identification:_identify(src/使用说明书/temp_clean_numbers/02_环境准备) by extensions ['ignore', 'ignore_ament_install']
[0.142s] Level 1:colcon.colcon_core.package_identification:_identify(src/使用说明书/temp_clean_numbers/02_环境准备) by extension 'ignore'
[0.142s] Level 1:colcon.colcon_core.package_identification:_identify(src/使用说明书/temp_clean_numbers/02_环境准备) by extension 'ignore_ament_install'
[0.142s] Level 1:colcon.colcon_core.package_identification:_identify(src/使用说明书/temp_clean_numbers/02_环境准备) by extensions ['colcon_pkg']
[0.142s] Level 1:colcon.colcon_core.package_identification:_identify(src/使用说明书/temp_clean_numbers/02_环境准备) by extension 'colcon_pkg'
[0.142s] Level 1:colcon.colcon_core.package_identification:_identify(src/使用说明书/temp_clean_numbers/02_环境准备) by extensions ['colcon_meta']
[0.142s] Level 1:colcon.colcon_core.package_identification:_identify(src/使用说明书/temp_clean_numbers/02_环境准备) by extension 'colcon_meta'
[0.142s] Level 1:colcon.colcon_core.package_identification:_identify(src/使用说明书/temp_clean_numbers/02_环境准备) by extensions ['ros']
[0.142s] Level 1:colcon.colcon_core.package_identification:_identify(src/使用说明书/temp_clean_numbers/02_环境准备) by extension 'ros'
[0.142s] Level 1:colcon.colcon_core.package_identification:_identify(src/使用说明书/temp_clean_numbers/02_环境准备) by extensions ['cmake', 'python']
[0.142s] Level 1:colcon.colcon_core.package_identification:_identify(src/使用说明书/temp_clean_numbers/02_环境准备) by extension 'cmake'
[0.142s] Level 1:colcon.colcon_core.package_identification:_identify(src/使用说明书/temp_clean_numbers/02_环境准备) by extension 'python'
[0.142s] Level 1:colcon.colcon_core.package_identification:_identify(src/使用说明书/temp_clean_numbers/02_环境准备) by extensions ['python_setup_py']
[0.142s] Level 1:colcon.colcon_core.package_identification:_identify(src/使用说明书/temp_clean_numbers/02_环境准备) by extension 'python_setup_py'
[0.142s] Level 1:colcon.colcon_core.package_identification:_identify(src/使用说明书/temp_clean_numbers/03_硬件连接与配置) by extensions ['ignore', 'ignore_ament_install']
[0.142s] Level 1:colcon.colcon_core.package_identification:_identify(src/使用说明书/temp_clean_numbers/03_硬件连接与配置) by extension 'ignore'
[0.142s] Level 1:colcon.colcon_core.package_identification:_identify(src/使用说明书/temp_clean_numbers/03_硬件连接与配置) by extension 'ignore_ament_install'
[0.142s] Level 1:colcon.colcon_core.package_identification:_identify(src/使用说明书/temp_clean_numbers/03_硬件连接与配置) by extensions ['colcon_pkg']
[0.142s] Level 1:colcon.colcon_core.package_identification:_identify(src/使用说明书/temp_clean_numbers/03_硬件连接与配置) by extension 'colcon_pkg'
[0.142s] Level 1:colcon.colcon_core.package_identification:_identify(src/使用说明书/temp_clean_numbers/03_硬件连接与配置) by extensions ['colcon_meta']
[0.142s] Level 1:colcon.colcon_core.package_identification:_identify(src/使用说明书/temp_clean_numbers/03_硬件连接与配置) by extension 'colcon_meta'
[0.142s] Level 1:colcon.colcon_core.package_identification:_identify(src/使用说明书/temp_clean_numbers/03_硬件连接与配置) by extensions ['ros']
[0.142s] Level 1:colcon.colcon_core.package_identification:_identify(src/使用说明书/temp_clean_numbers/03_硬件连接与配置) by extension 'ros'
[0.142s] Level 1:colcon.colcon_core.package_identification:_identify(src/使用说明书/temp_clean_numbers/03_硬件连接与配置) by extensions ['cmake', 'python']
[0.142s] Level 1:colcon.colcon_core.package_identification:_identify(src/使用说明书/temp_clean_numbers/03_硬件连接与配置) by extension 'cmake'
[0.142s] Level 1:colcon.colcon_core.package_identification:_identify(src/使用说明书/temp_clean_numbers/03_硬件连接与配置) by extension 'python'
[0.142s] Level 1:colcon.colcon_core.package_identification:_identify(src/使用说明书/temp_clean_numbers/03_硬件连接与配置) by extensions ['python_setup_py']
[0.142s] Level 1:colcon.colcon_core.package_identification:_identify(src/使用说明书/temp_clean_numbers/03_硬件连接与配置) by extension 'python_setup_py'
[0.142s] Level 1:colcon.colcon_core.package_identification:_identify(src/使用说明书/temp_clean_numbers/04_电机测试与调试) by extensions ['ignore', 'ignore_ament_install']
[0.143s] Level 1:colcon.colcon_core.package_identification:_identify(src/使用说明书/temp_clean_numbers/04_电机测试与调试) by extension 'ignore'
[0.143s] Level 1:colcon.colcon_core.package_identification:_identify(src/使用说明书/temp_clean_numbers/04_电机测试与调试) by extension 'ignore_ament_install'
[0.143s] Level 1:colcon.colcon_core.package_identification:_identify(src/使用说明书/temp_clean_numbers/04_电机测试与调试) by extensions ['colcon_pkg']
[0.143s] Level 1:colcon.colcon_core.package_identification:_identify(src/使用说明书/temp_clean_numbers/04_电机测试与调试) by extension 'colcon_pkg'
[0.143s] Level 1:colcon.colcon_core.package_identification:_identify(src/使用说明书/temp_clean_numbers/04_电机测试与调试) by extensions ['colcon_meta']
[0.143s] Level 1:colcon.colcon_core.package_identification:_identify(src/使用说明书/temp_clean_numbers/04_电机测试与调试) by extension 'colcon_meta'
[0.143s] Level 1:colcon.colcon_core.package_identification:_identify(src/使用说明书/temp_clean_numbers/04_电机测试与调试) by extensions ['ros']
[0.143s] Level 1:colcon.colcon_core.package_identification:_identify(src/使用说明书/temp_clean_numbers/04_电机测试与调试) by extension 'ros'
[0.143s] Level 1:colcon.colcon_core.package_identification:_identify(src/使用说明书/temp_clean_numbers/04_电机测试与调试) by extensions ['cmake', 'python']
[0.143s] Level 1:colcon.colcon_core.package_identification:_identify(src/使用说明书/temp_clean_numbers/04_电机测试与调试) by extension 'cmake'
[0.143s] Level 1:colcon.colcon_core.package_identification:_identify(src/使用说明书/temp_clean_numbers/04_电机测试与调试) by extension 'python'
[0.143s] Level 1:colcon.colcon_core.package_identification:_identify(src/使用说明书/temp_clean_numbers/04_电机测试与调试) by extensions ['python_setup_py']
[0.143s] Level 1:colcon.colcon_core.package_identification:_identify(src/使用说明书/temp_clean_numbers/04_电机测试与调试) by extension 'python_setup_py'
[0.143s] Level 1:colcon.colcon_core.package_identification:_identify(src/使用说明书/temp_clean_numbers/05_MoveIt运动规划) by extensions ['ignore', 'ignore_ament_install']
[0.143s] Level 1:colcon.colcon_core.package_identification:_identify(src/使用说明书/temp_clean_numbers/05_MoveIt运动规划) by extension 'ignore'
[0.143s] Level 1:colcon.colcon_core.package_identification:_identify(src/使用说明书/temp_clean_numbers/05_MoveIt运动规划) by extension 'ignore_ament_install'
[0.143s] Level 1:colcon.colcon_core.package_identification:_identify(src/使用说明书/temp_clean_numbers/05_MoveIt运动规划) by extensions ['colcon_pkg']
[0.143s] Level 1:colcon.colcon_core.package_identification:_identify(src/使用说明书/temp_clean_numbers/05_MoveIt运动规划) by extension 'colcon_pkg'
[0.143s] Level 1:colcon.colcon_core.package_identification:_identify(src/使用说明书/temp_clean_numbers/05_MoveIt运动规划) by extensions ['colcon_meta']
[0.143s] Level 1:colcon.colcon_core.package_identification:_identify(src/使用说明书/temp_clean_numbers/05_MoveIt运动规划) by extension 'colcon_meta'
[0.143s] Level 1:colcon.colcon_core.package_identification:_identify(src/使用说明书/temp_clean_numbers/05_MoveIt运动规划) by extensions ['ros']
[0.143s] Level 1:colcon.colcon_core.package_identification:_identify(src/使用说明书/temp_clean_numbers/05_MoveIt运动规划) by extension 'ros'
[0.143s] Level 1:colcon.colcon_core.package_identification:_identify(src/使用说明书/temp_clean_numbers/05_MoveIt运动规划) by extensions ['cmake', 'python']
[0.143s] Level 1:colcon.colcon_core.package_identification:_identify(src/使用说明书/temp_clean_numbers/05_MoveIt运动规划) by extension 'cmake'
[0.143s] Level 1:colcon.colcon_core.package_identification:_identify(src/使用说明书/temp_clean_numbers/05_MoveIt运动规划) by extension 'python'
[0.143s] Level 1:colcon.colcon_core.package_identification:_identify(src/使用说明书/temp_clean_numbers/05_MoveIt运动规划) by extensions ['python_setup_py']
[0.143s] Level 1:colcon.colcon_core.package_identification:_identify(src/使用说明书/temp_clean_numbers/05_MoveIt运动规划) by extension 'python_setup_py'
[0.143s] Level 1:colcon.colcon_core.package_identification:_identify(src/使用说明书/temp_clean_numbers/06_轨迹录制与回放) by extensions ['ignore', 'ignore_ament_install']
[0.143s] Level 1:colcon.colcon_core.package_identification:_identify(src/使用说明书/temp_clean_numbers/06_轨迹录制与回放) by extension 'ignore'
[0.143s] Level 1:colcon.colcon_core.package_identification:_identify(src/使用说明书/temp_clean_numbers/06_轨迹录制与回放) by extension 'ignore_ament_install'
[0.143s] Level 1:colcon.colcon_core.package_identification:_identify(src/使用说明书/temp_clean_numbers/06_轨迹录制与回放) by extensions ['colcon_pkg']
[0.143s] Level 1:colcon.colcon_core.package_identification:_identify(src/使用说明书/temp_clean_numbers/06_轨迹录制与回放) by extension 'colcon_pkg'
[0.143s] Level 1:colcon.colcon_core.package_identification:_identify(src/使用说明书/temp_clean_numbers/06_轨迹录制与回放) by extensions ['colcon_meta']
[0.143s] Level 1:colcon.colcon_core.package_identification:_identify(src/使用说明书/temp_clean_numbers/06_轨迹录制与回放) by extension 'colcon_meta'
[0.143s] Level 1:colcon.colcon_core.package_identification:_identify(src/使用说明书/temp_clean_numbers/06_轨迹录制与回放) by extensions ['ros']
[0.143s] Level 1:colcon.colcon_core.package_identification:_identify(src/使用说明书/temp_clean_numbers/06_轨迹录制与回放) by extension 'ros'
[0.143s] Level 1:colcon.colcon_core.package_identification:_identify(src/使用说明书/temp_clean_numbers/06_轨迹录制与回放) by extensions ['cmake', 'python']
[0.143s] Level 1:colcon.colcon_core.package_identification:_identify(src/使用说明书/temp_clean_numbers/06_轨迹录制与回放) by extension 'cmake'
[0.143s] Level 1:colcon.colcon_core.package_identification:_identify(src/使用说明书/temp_clean_numbers/06_轨迹录制与回放) by extension 'python'
[0.143s] Level 1:colcon.colcon_core.package_identification:_identify(src/使用说明书/temp_clean_numbers/06_轨迹录制与回放) by extensions ['python_setup_py']
[0.143s] Level 1:colcon.colcon_core.package_identification:_identify(src/使用说明书/temp_clean_numbers/06_轨迹录制与回放) by extension 'python_setup_py'
[0.143s] Level 1:colcon.colcon_core.package_identification:_identify(src/使用说明书/temp_clean_numbers/07_控制器配置) by extensions ['ignore', 'ignore_ament_install']
[0.143s] Level 1:colcon.colcon_core.package_identification:_identify(src/使用说明书/temp_clean_numbers/07_控制器配置) by extension 'ignore'
[0.143s] Level 1:colcon.colcon_core.package_identification:_identify(src/使用说明书/temp_clean_numbers/07_控制器配置) by extension 'ignore_ament_install'
[0.143s] Level 1:colcon.colcon_core.package_identification:_identify(src/使用说明书/temp_clean_numbers/07_控制器配置) by extensions ['colcon_pkg']
[0.143s] Level 1:colcon.colcon_core.package_identification:_identify(src/使用说明书/temp_clean_numbers/07_控制器配置) by extension 'colcon_pkg'
[0.143s] Level 1:colcon.colcon_core.package_identification:_identify(src/使用说明书/temp_clean_numbers/07_控制器配置) by extensions ['colcon_meta']
[0.143s] Level 1:colcon.colcon_core.package_identification:_identify(src/使用说明书/temp_clean_numbers/07_控制器配置) by extension 'colcon_meta'
[0.143s] Level 1:colcon.colcon_core.package_identification:_identify(src/使用说明书/temp_clean_numbers/07_控制器配置) by extensions ['ros']
[0.143s] Level 1:colcon.colcon_core.package_identification:_identify(src/使用说明书/temp_clean_numbers/07_控制器配置) by extension 'ros'
[0.143s] Level 1:colcon.colcon_core.package_identification:_identify(src/使用说明书/temp_clean_numbers/07_控制器配置) by extensions ['cmake', 'python']
[0.143s] Level 1:colcon.colcon_core.package_identification:_identify(src/使用说明书/temp_clean_numbers/07_控制器配置) by extension 'cmake'
[0.143s] Level 1:colcon.colcon_core.package_identification:_identify(src/使用说明书/temp_clean_numbers/07_控制器配置) by extension 'python'
[0.143s] Level 1:colcon.colcon_core.package_identification:_identify(src/使用说明书/temp_clean_numbers/07_控制器配置) by extensions ['python_setup_py']
[0.143s] Level 1:colcon.colcon_core.package_identification:_identify(src/使用说明书/temp_clean_numbers/07_控制器配置) by extension 'python_setup_py'
[0.144s] Level 1:colcon.colcon_core.package_identification:_identify(src/使用说明书/temp_clean_numbers/08_高级应用) by extensions ['ignore', 'ignore_ament_install']
[0.144s] Level 1:colcon.colcon_core.package_identification:_identify(src/使用说明书/temp_clean_numbers/08_高级应用) by extension 'ignore'
[0.144s] Level 1:colcon.colcon_core.package_identification:_identify(src/使用说明书/temp_clean_numbers/08_高级应用) by extension 'ignore_ament_install'
[0.144s] Level 1:colcon.colcon_core.package_identification:_identify(src/使用说明书/temp_clean_numbers/08_高级应用) by extensions ['colcon_pkg']
[0.144s] Level 1:colcon.colcon_core.package_identification:_identify(src/使用说明书/temp_clean_numbers/08_高级应用) by extension 'colcon_pkg'
[0.144s] Level 1:colcon.colcon_core.package_identification:_identify(src/使用说明书/temp_clean_numbers/08_高级应用) by extensions ['colcon_meta']
[0.144s] Level 1:colcon.colcon_core.package_identification:_identify(src/使用说明书/temp_clean_numbers/08_高级应用) by extension 'colcon_meta'
[0.144s] Level 1:colcon.colcon_core.package_identification:_identify(src/使用说明书/temp_clean_numbers/08_高级应用) by extensions ['ros']
[0.144s] Level 1:colcon.colcon_core.package_identification:_identify(src/使用说明书/temp_clean_numbers/08_高级应用) by extension 'ros'
[0.144s] Level 1:colcon.colcon_core.package_identification:_identify(src/使用说明书/temp_clean_numbers/08_高级应用) by extensions ['cmake', 'python']
[0.144s] Level 1:colcon.colcon_core.package_identification:_identify(src/使用说明书/temp_clean_numbers/08_高级应用) by extension 'cmake'
[0.144s] Level 1:colcon.colcon_core.package_identification:_identify(src/使用说明书/temp_clean_numbers/08_高级应用) by extension 'python'
[0.144s] Level 1:colcon.colcon_core.package_identification:_identify(src/使用说明书/temp_clean_numbers/08_高级应用) by extensions ['python_setup_py']
[0.144s] Level 1:colcon.colcon_core.package_identification:_identify(src/使用说明书/temp_clean_numbers/08_高级应用) by extension 'python_setup_py'
[0.144s] Level 1:colcon.colcon_core.package_identification:_identify(src/使用说明书/temp_clean_numbers/09_故障排查) by extensions ['ignore', 'ignore_ament_install']
[0.144s] Level 1:colcon.colcon_core.package_identification:_identify(src/使用说明书/temp_clean_numbers/09_故障排查) by extension 'ignore'
[0.144s] Level 1:colcon.colcon_core.package_identification:_identify(src/使用说明书/temp_clean_numbers/09_故障排查) by extension 'ignore_ament_install'
[0.144s] Level 1:colcon.colcon_core.package_identification:_identify(src/使用说明书/temp_clean_numbers/09_故障排查) by extensions ['colcon_pkg']
[0.144s] Level 1:colcon.colcon_core.package_identification:_identify(src/使用说明书/temp_clean_numbers/09_故障排查) by extension 'colcon_pkg'
[0.144s] Level 1:colcon.colcon_core.package_identification:_identify(src/使用说明书/temp_clean_numbers/09_故障排查) by extensions ['colcon_meta']
[0.144s] Level 1:colcon.colcon_core.package_identification:_identify(src/使用说明书/temp_clean_numbers/09_故障排查) by extension 'colcon_meta'
[0.144s] Level 1:colcon.colcon_core.package_identification:_identify(src/使用说明书/temp_clean_numbers/09_故障排查) by extensions ['ros']
[0.144s] Level 1:colcon.colcon_core.package_identification:_identify(src/使用说明书/temp_clean_numbers/09_故障排查) by extension 'ros'
[0.144s] Level 1:colcon.colcon_core.package_identification:_identify(src/使用说明书/temp_clean_numbers/09_故障排查) by extensions ['cmake', 'python']
[0.144s] Level 1:colcon.colcon_core.package_identification:_identify(src/使用说明书/temp_clean_numbers/09_故障排查) by extension 'cmake'
[0.144s] Level 1:colcon.colcon_core.package_identification:_identify(src/使用说明书/temp_clean_numbers/09_故障排查) by extension 'python'
[0.144s] Level 1:colcon.colcon_core.package_identification:_identify(src/使用说明书/temp_clean_numbers/09_故障排查) by extensions ['python_setup_py']
[0.144s] Level 1:colcon.colcon_core.package_identification:_identify(src/使用说明书/temp_clean_numbers/09_故障排查) by extension 'python_setup_py'
[0.144s] Level 1:colcon.colcon_core.package_identification:_identify(src/使用说明书/temp_clean_numbers/10_开发者指南) by extensions ['ignore', 'ignore_ament_install']
[0.144s] Level 1:colcon.colcon_core.package_identification:_identify(src/使用说明书/temp_clean_numbers/10_开发者指南) by extension 'ignore'
[0.144s] Level 1:colcon.colcon_core.package_identification:_identify(src/使用说明书/temp_clean_numbers/10_开发者指南) by extension 'ignore_ament_install'
[0.144s] Level 1:colcon.colcon_core.package_identification:_identify(src/使用说明书/temp_clean_numbers/10_开发者指南) by extensions ['colcon_pkg']
[0.144s] Level 1:colcon.colcon_core.package_identification:_identify(src/使用说明书/temp_clean_numbers/10_开发者指南) by extension 'colcon_pkg'
[0.144s] Level 1:colcon.colcon_core.package_identification:_identify(src/使用说明书/temp_clean_numbers/10_开发者指南) by extensions ['colcon_meta']
[0.144s] Level 1:colcon.colcon_core.package_identification:_identify(src/使用说明书/temp_clean_numbers/10_开发者指南) by extension 'colcon_meta'
[0.144s] Level 1:colcon.colcon_core.package_identification:_identify(src/使用说明书/temp_clean_numbers/10_开发者指南) by extensions ['ros']
[0.144s] Level 1:colcon.colcon_core.package_identification:_identify(src/使用说明书/temp_clean_numbers/10_开发者指南) by extension 'ros'
[0.144s] Level 1:colcon.colcon_core.package_identification:_identify(src/使用说明书/temp_clean_numbers/10_开发者指南) by extensions ['cmake', 'python']
[0.144s] Level 1:colcon.colcon_core.package_identification:_identify(src/使用说明书/temp_clean_numbers/10_开发者指南) by extension 'cmake'
[0.144s] Level 1:colcon.colcon_core.package_identification:_identify(src/使用说明书/temp_clean_numbers/10_开发者指南) by extension 'python'
[0.144s] Level 1:colcon.colcon_core.package_identification:_identify(src/使用说明书/temp_clean_numbers/10_开发者指南) by extensions ['python_setup_py']
[0.144s] Level 1:colcon.colcon_core.package_identification:_identify(src/使用说明书/temp_clean_numbers/10_开发者指南) by extension 'python_setup_py'
[0.144s] Level 1:colcon.colcon_core.package_identification:_identify(src/使用说明书/temp_clean_numbers/11_附录) by extensions ['ignore', 'ignore_ament_install']
[0.144s] Level 1:colcon.colcon_core.package_identification:_identify(src/使用说明书/temp_clean_numbers/11_附录) by extension 'ignore'
[0.144s] Level 1:colcon.colcon_core.package_identification:_identify(src/使用说明书/temp_clean_numbers/11_附录) by extension 'ignore_ament_install'
[0.144s] Level 1:colcon.colcon_core.package_identification:_identify(src/使用说明书/temp_clean_numbers/11_附录) by extensions ['colcon_pkg']
[0.144s] Level 1:colcon.colcon_core.package_identification:_identify(src/使用说明书/temp_clean_numbers/11_附录) by extension 'colcon_pkg'
[0.144s] Level 1:colcon.colcon_core.package_identification:_identify(src/使用说明书/temp_clean_numbers/11_附录) by extensions ['colcon_meta']
[0.144s] Level 1:colcon.colcon_core.package_identification:_identify(src/使用说明书/temp_clean_numbers/11_附录) by extension 'colcon_meta'
[0.144s] Level 1:colcon.colcon_core.package_identification:_identify(src/使用说明书/temp_clean_numbers/11_附录) by extensions ['ros']
[0.144s] Level 1:colcon.colcon_core.package_identification:_identify(src/使用说明书/temp_clean_numbers/11_附录) by extension 'ros'
[0.144s] Level 1:colcon.colcon_core.package_identification:_identify(src/使用说明书/temp_clean_numbers/11_附录) by extensions ['cmake', 'python']
[0.144s] Level 1:colcon.colcon_core.package_identification:_identify(src/使用说明书/temp_clean_numbers/11_附录) by extension 'cmake'
[0.145s] Level 1:colcon.colcon_core.package_identification:_identify(src/使用说明书/temp_clean_numbers/11_附录) by extension 'python'
[0.145s] Level 1:colcon.colcon_core.package_identification:_identify(src/使用说明书/temp_clean_numbers/11_附录) by extensions ['python_setup_py']
[0.145s] Level 1:colcon.colcon_core.package_identification:_identify(src/使用说明书/temp_clean_numbers/11_附录) by extension 'python_setup_py'
[0.145s] Level 1:colcon.colcon_core.package_discovery:discover_packages(recursive) using defaults
[0.145s] Level 1:colcon.colcon_core.package_discovery:discover_packages(ignore) discover
[0.145s] Level 1:colcon.colcon_core.package_discovery:discover_packages(ignore) using defaults
[0.145s] Level 1:colcon.colcon_core.package_discovery:discover_packages(path) discover
[0.145s] Level 1:colcon.colcon_core.package_discovery:discover_packages(path) using defaults
[0.155s] Level 5:colcon.colcon_core.verb:set package 'openarmx_bringup' build argument 'cmake_args' from command line to 'None'
[0.155s] Level 5:colcon.colcon_core.verb:set package 'openarmx_bringup' build argument 'cmake_target' from command line to 'None'
[0.155s] Level 5:colcon.colcon_core.verb:set package 'openarmx_bringup' build argument 'cmake_target_skip_unavailable' from command line to 'False'
[0.155s] Level 5:colcon.colcon_core.verb:set package 'openarmx_bringup' build argument 'cmake_clean_cache' from command line to 'False'
[0.155s] Level 5:colcon.colcon_core.verb:set package 'openarmx_bringup' build argument 'cmake_clean_first' from command line to 'False'
[0.155s] Level 5:colcon.colcon_core.verb:set package 'openarmx_bringup' build argument 'cmake_force_configure' from command line to 'False'
[0.155s] Level 5:colcon.colcon_core.verb:set package 'openarmx_bringup' build argument 'ament_cmake_args' from command line to 'None'
[0.155s] Level 5:colcon.colcon_core.verb:set package 'openarmx_bringup' build argument 'catkin_cmake_args' from command line to 'None'
[0.155s] Level 5:colcon.colcon_core.verb:set package 'openarmx_bringup' build argument 'catkin_skip_building_tests' from command line to 'False'
[0.155s] DEBUG:colcon.colcon_core.verb:Building package 'openarmx_bringup' with the following arguments: {'ament_cmake_args': None, 'build_base': '/ws/build/openarmx_bringup', 'catkin_cmake_args': None, 'catkin_skip_building_tests': False, 'cmake_args': None, 'cmake_clean_cache': False, 'cmake_clean_first': False, 'cmake_force_configure': False, 'cmake_target': None, 'cmake_target_skip_unavailable': False, 'install_base': '/ws/install/openarmx_bringup', 'merge_install': False, 'path': '/ws/src/openarmx_ros2/openarmx_bringup', 'symlink_install': True, 'test_result_base': None}
[0.156s] Level 5:colcon.colcon_core.verb:set package 'openarmx_can' build argument 'cmake_args' from command line to 'None'
[0.156s] Level 5:colcon.colcon_core.verb:set package 'openarmx_can' build argument 'cmake_target' from command line to 'None'
[0.156s] Level 5:colcon.colcon_core.verb:set package 'openarmx_can' build argument 'cmake_target_skip_unavailable' from command line to 'False'
[0.156s] Level 5:colcon.colcon_core.verb:set package 'openarmx_can' build argument 'cmake_clean_cache' from command line to 'False'
[0.156s] Level 5:colcon.colcon_core.verb:set package 'openarmx_can' build argument 'cmake_clean_first' from command line to 'False'
[0.156s] Level 5:colcon.colcon_core.verb:set package 'openarmx_can' build argument 'cmake_force_configure' from command line to 'False'
[0.156s] Level 5:colcon.colcon_core.verb:set package 'openarmx_can' build argument 'ament_cmake_args' from command line to 'None'
[0.156s] Level 5:colcon.colcon_core.verb:set package 'openarmx_can' build argument 'catkin_cmake_args' from command line to 'None'
[0.156s] Level 5:colcon.colcon_core.verb:set package 'openarmx_can' build argument 'catkin_skip_building_tests' from command line to 'False'
[0.156s] DEBUG:colcon.colcon_core.verb:Building package 'openarmx_can' with the following arguments: {'ament_cmake_args': None, 'build_base': '/ws/build/openarmx_can', 'catkin_cmake_args': None, 'catkin_skip_building_tests': False, 'cmake_args': None, 'cmake_clean_cache': False, 'cmake_clean_first': False, 'cmake_force_configure': False, 'cmake_target': None, 'cmake_target_skip_unavailable': False, 'install_base': '/ws/install/openarmx_can', 'merge_install': False, 'path': '/ws/src/openarmx_can', 'symlink_install': True, 'test_result_base': None}
[0.156s] Level 5:colcon.colcon_core.verb:set package 'openarmx_description' build argument 'cmake_args' from command line to 'None'
[0.156s] Level 5:colcon.colcon_core.verb:set package 'openarmx_description' build argument 'cmake_target' from command line to 'None'
[0.156s] Level 5:colcon.colcon_core.verb:set package 'openarmx_description' build argument 'cmake_target_skip_unavailable' from command line to 'False'
[0.156s] Level 5:colcon.colcon_core.verb:set package 'openarmx_description' build argument 'cmake_clean_cache' from command line to 'False'
[0.156s] Level 5:colcon.colcon_core.verb:set package 'openarmx_description' build argument 'cmake_clean_first' from command line to 'False'
[0.156s] Level 5:colcon.colcon_core.verb:set package 'openarmx_description' build argument 'cmake_force_configure' from command line to 'False'
[0.156s] Level 5:colcon.colcon_core.verb:set package 'openarmx_description' build argument 'ament_cmake_args' from command line to 'None'
[0.156s] Level 5:colcon.colcon_core.verb:set package 'openarmx_description' build argument 'catkin_cmake_args' from command line to 'None'
[0.156s] Level 5:colcon.colcon_core.verb:set package 'openarmx_description' build argument 'catkin_skip_building_tests' from command line to 'False'
[0.156s] DEBUG:colcon.colcon_core.verb:Building package 'openarmx_description' with the following arguments: {'ament_cmake_args': None, 'build_base': '/ws/build/openarmx_description', 'catkin_cmake_args': None, 'catkin_skip_building_tests': False, 'cmake_args': None, 'cmake_clean_cache': False, 'cmake_clean_first': False, 'cmake_force_configure': False, 'cmake_target': None, 'cmake_target_skip_unavailable': False, 'install_base': '/ws/install/openarmx_description', 'merge_install': False, 'path': '/ws/src/openarmx_description', 'symlink_install': True, 'test_result_base': None}
[0.156s] Level 5:colcon.colcon_core.verb:set package 'openarmx_gripper_panel' build argument 'cmake_args' from command line to 'None'
[0.156s] Level 5:colcon.colcon_core.verb:set package 'openarmx_gripper_panel' build argument 'cmake_target' from command line to 'None'
[0.156s] Level 5:colcon.colcon_core.verb:set package 'openarmx_gripper_panel' build argument 'cmake_target_skip_unavailable' from command line to 'False'
[0.156s] Level 5:colcon.colcon_core.verb:set package 'openarmx_gripper_panel' build argument 'cmake_clean_cache' from command line to 'False'
[0.156s] Level 5:colcon.colcon_core.verb:set package 'openarmx_gripper_panel' build argument 'cmake_clean_first' from command line to 'False'
[0.156s] Level 5:colcon.colcon_core.verb:set package 'openarmx_gripper_panel' build argument 'cmake_force_configure' from command line to 'False'
[0.156s] Level 5:colcon.colcon_core.verb:set package 'openarmx_gripper_panel' build argument 'ament_cmake_args' from command line to 'None'
[0.156s] Level 5:colcon.colcon_core.verb:set package 'openarmx_gripper_panel' build argument 'catkin_cmake_args' from command line to 'None'
[0.156s] Level 5:colcon.colcon_core.verb:set package 'openarmx_gripper_panel' build argument 'catkin_skip_building_tests' from command line to 'False'
[0.156s] DEBUG:colcon.colcon_core.verb:Building package 'openarmx_gripper_panel' with the following arguments: {'ament_cmake_args': None, 'build_base': '/ws/build/openarmx_gripper_panel', 'catkin_cmake_args': None, 'catkin_skip_building_tests': False, 'cmake_args': None, 'cmake_clean_cache': False, 'cmake_clean_first': False, 'cmake_force_configure': False, 'cmake_target': None, 'cmake_target_skip_unavailable': False, 'install_base': '/ws/install/openarmx_gripper_panel', 'merge_install': False, 'path': '/ws/src/openarmx_tools/openarmx_gripper_panel', 'symlink_install': True, 'test_result_base': None}
[0.156s] Level 5:colcon.colcon_core.verb:set package 'openarmx_kp_kd_panel' build argument 'cmake_args' from command line to 'None'
[0.156s] Level 5:colcon.colcon_core.verb:set package 'openarmx_kp_kd_panel' build argument 'cmake_target' from command line to 'None'
[0.156s] Level 5:colcon.colcon_core.verb:set package 'openarmx_kp_kd_panel' build argument 'cmake_target_skip_unavailable' from command line to 'False'
[0.156s] Level 5:colcon.colcon_core.verb:set package 'openarmx_kp_kd_panel' build argument 'cmake_clean_cache' from command line to 'False'
[0.156s] Level 5:colcon.colcon_core.verb:set package 'openarmx_kp_kd_panel' build argument 'cmake_clean_first' from command line to 'False'
[0.156s] Level 5:colcon.colcon_core.verb:set package 'openarmx_kp_kd_panel' build argument 'cmake_force_configure' from command line to 'False'
[0.156s] Level 5:colcon.colcon_core.verb:set package 'openarmx_kp_kd_panel' build argument 'ament_cmake_args' from command line to 'None'
[0.156s] Level 5:colcon.colcon_core.verb:set package 'openarmx_kp_kd_panel' build argument 'catkin_cmake_args' from command line to 'None'
[0.156s] Level 5:colcon.colcon_core.verb:set package 'openarmx_kp_kd_panel' build argument 'catkin_skip_building_tests' from command line to 'False'
[0.156s] DEBUG:colcon.colcon_core.verb:Building package 'openarmx_kp_kd_panel' with the following arguments: {'ament_cmake_args': None, 'build_base': '/ws/build/openarmx_kp_kd_panel', 'catkin_cmake_args': None, 'catkin_skip_building_tests': False, 'cmake_args': None, 'cmake_clean_cache': False, 'cmake_clean_first': False, 'cmake_force_configure': False, 'cmake_target': None, 'cmake_target_skip_unavailable': False, 'install_base': '/ws/install/openarmx_kp_kd_panel', 'merge_install': False, 'path': '/ws/src/openarmx_tools/openarmx_kp_kd_panel', 'symlink_install': True, 'test_result_base': None}
[0.156s] Level 5:colcon.colcon_core.verb:set package 'openarmx_teach' build argument 'cmake_args' from command line to 'None'
[0.156s] Level 5:colcon.colcon_core.verb:set package 'openarmx_teach' build argument 'cmake_target' from command line to 'None'
[0.156s] Level 5:colcon.colcon_core.verb:set package 'openarmx_teach' build argument 'cmake_target_skip_unavailable' from command line to 'False'
[0.156s] Level 5:colcon.colcon_core.verb:set package 'openarmx_teach' build argument 'cmake_clean_cache' from command line to 'False'
[0.156s] Level 5:colcon.colcon_core.verb:set package 'openarmx_teach' build argument 'cmake_clean_first' from command line to 'False'
[0.157s] Level 5:colcon.colcon_core.verb:set package 'openarmx_teach' build argument 'cmake_force_configure' from command line to 'False'
[0.157s] Level 5:colcon.colcon_core.verb:set package 'openarmx_teach' build argument 'ament_cmake_args' from command line to 'None'
[0.157s] Level 5:colcon.colcon_core.verb:set package 'openarmx_teach' build argument 'catkin_cmake_args' from command line to 'None'
[0.157s] Level 5:colcon.colcon_core.verb:set package 'openarmx_teach' build argument 'catkin_skip_building_tests' from command line to 'False'
[0.157s] DEBUG:colcon.colcon_core.verb:Building package 'openarmx_teach' with the following arguments: {'ament_cmake_args': None, 'build_base': '/ws/build/openarmx_teach', 'catkin_cmake_args': None, 'catkin_skip_building_tests': False, 'cmake_args': None, 'cmake_clean_cache': False, 'cmake_clean_first': False, 'cmake_force_configure': False, 'cmake_target': None, 'cmake_target_skip_unavailable': False, 'install_base': '/ws/install/openarmx_teach', 'merge_install': False, 'path': '/ws/src/openarmx_tools/openarmx_teach', 'symlink_install': True, 'test_result_base': None}
[0.157s] Level 5:colcon.colcon_core.verb:set package 'openarmx_bimanual_moveit_config' build argument 'cmake_args' from command line to 'None'
[0.157s] Level 5:colcon.colcon_core.verb:set package 'openarmx_bimanual_moveit_config' build argument 'cmake_target' from command line to 'None'
[0.157s] Level 5:colcon.colcon_core.verb:set package 'openarmx_bimanual_moveit_config' build argument 'cmake_target_skip_unavailable' from command line to 'False'
[0.157s] Level 5:colcon.colcon_core.verb:set package 'openarmx_bimanual_moveit_config' build argument 'cmake_clean_cache' from command line to 'False'
[0.157s] Level 5:colcon.colcon_core.verb:set package 'openarmx_bimanual_moveit_config' build argument 'cmake_clean_first' from command line to 'False'
[0.157s] Level 5:colcon.colcon_core.verb:set package 'openarmx_bimanual_moveit_config' build argument 'cmake_force_configure' from command line to 'False'
[0.157s] Level 5:colcon.colcon_core.verb:set package 'openarmx_bimanual_moveit_config' build argument 'ament_cmake_args' from command line to 'None'
[0.157s] Level 5:colcon.colcon_core.verb:set package 'openarmx_bimanual_moveit_config' build argument 'catkin_cmake_args' from command line to 'None'
[0.157s] Level 5:colcon.colcon_core.verb:set package 'openarmx_bimanual_moveit_config' build argument 'catkin_skip_building_tests' from command line to 'False'
[0.157s] DEBUG:colcon.colcon_core.verb:Building package 'openarmx_bimanual_moveit_config' with the following arguments: {'ament_cmake_args': None, 'build_base': '/ws/build/openarmx_bimanual_moveit_config', 'catkin_cmake_args': None, 'catkin_skip_building_tests': False, 'cmake_args': None, 'cmake_clean_cache': False, 'cmake_clean_first': False, 'cmake_force_configure': False, 'cmake_target': None, 'cmake_target_skip_unavailable': False, 'install_base': '/ws/install/openarmx_bimanual_moveit_config', 'merge_install': False, 'path': '/ws/src/openarmx_ros2/openarmx_bimanual_moveit_config', 'symlink_install': True, 'test_result_base': None}
[0.157s] Level 5:colcon.colcon_core.verb:set package 'openarmx_hardware' build argument 'cmake_args' from command line to 'None'
[0.157s] Level 5:colcon.colcon_core.verb:set package 'openarmx_hardware' build argument 'cmake_target' from command line to 'None'
[0.157s] Level 5:colcon.colcon_core.verb:set package 'openarmx_hardware' build argument 'cmake_target_skip_unavailable' from command line to 'False'
[0.157s] Level 5:colcon.colcon_core.verb:set package 'openarmx_hardware' build argument 'cmake_clean_cache' from command line to 'False'
[0.157s] Level 5:colcon.colcon_core.verb:set package 'openarmx_hardware' build argument 'cmake_clean_first' from command line to 'False'
[0.157s] Level 5:colcon.colcon_core.verb:set package 'openarmx_hardware' build argument 'cmake_force_configure' from command line to 'False'
[0.157s] Level 5:colcon.colcon_core.verb:set package 'openarmx_hardware' build argument 'ament_cmake_args' from command line to 'None'
[0.157s] Level 5:colcon.colcon_core.verb:set package 'openarmx_hardware' build argument 'catkin_cmake_args' from command line to 'None'
[0.157s] Level 5:colcon.colcon_core.verb:set package 'openarmx_hardware' build argument 'catkin_skip_building_tests' from command line to 'False'
[0.157s] DEBUG:colcon.colcon_core.verb:Building package 'openarmx_hardware' with the following arguments: {'ament_cmake_args': None, 'build_base': '/ws/build/openarmx_hardware', 'catkin_cmake_args': None, 'catkin_skip_building_tests': False, 'cmake_args': None, 'cmake_clean_cache': False, 'cmake_clean_first': False, 'cmake_force_configure': False, 'cmake_target': None, 'cmake_target_skip_unavailable': False, 'install_base': '/ws/install/openarmx_hardware', 'merge_install': False, 'path': '/ws/src/openarmx_ros2/openarmx_hardware', 'symlink_install': True, 'test_result_base': None}
[0.157s] Level 5:colcon.colcon_core.verb:set package 'openarmx_teleop_leader' build argument 'cmake_args' from command line to 'None'
[0.157s] Level 5:colcon.colcon_core.verb:set package 'openarmx_teleop_leader' build argument 'cmake_target' from command line to 'None'
[0.157s] Level 5:colcon.colcon_core.verb:set package 'openarmx_teleop_leader' build argument 'cmake_target_skip_unavailable' from command line to 'False'
[0.157s] Level 5:colcon.colcon_core.verb:set package 'openarmx_teleop_leader' build argument 'cmake_clean_cache' from command line to 'False'
[0.157s] Level 5:colcon.colcon_core.verb:set package 'openarmx_teleop_leader' build argument 'cmake_clean_first' from command line to 'False'
[0.157s] Level 5:colcon.colcon_core.verb:set package 'openarmx_teleop_leader' build argument 'cmake_force_configure' from command line to 'False'
[0.157s] Level 5:colcon.colcon_core.verb:set package 'openarmx_teleop_leader' build argument 'ament_cmake_args' from command line to 'None'
[0.157s] Level 5:colcon.colcon_core.verb:set package 'openarmx_teleop_leader' build argument 'catkin_cmake_args' from command line to 'None'
[0.157s] Level 5:colcon.colcon_core.verb:set package 'openarmx_teleop_leader' build argument 'catkin_skip_building_tests' from command line to 'False'
[0.157s] DEBUG:colcon.colcon_core.verb:Building package 'openarmx_teleop_leader' with the following arguments: {'ament_cmake_args': None, 'build_base': '/ws/build/openarmx_teleop_leader', 'catkin_cmake_args': None, 'catkin_skip_building_tests': False, 'cmake_args': None, 'cmake_clean_cache': False, 'cmake_clean_first': False, 'cmake_force_configure': False, 'cmake_target': None, 'cmake_target_skip_unavailable': False, 'install_base': '/ws/install/openarmx_teleop_leader', 'merge_install': False, 'path': '/ws/src/openarmx_teleop_leader', 'symlink_install': True, 'test_result_base': None}
[0.157s] Level 5:colcon.colcon_core.verb:set package 'openarmx' build argument 'cmake_args' from command line to 'None'
[0.157s] Level 5:colcon.colcon_core.verb:set package 'openarmx' build argument 'cmake_target' from command line to 'None'
[0.157s] Level 5:colcon.colcon_core.verb:set package 'openarmx' build argument 'cmake_target_skip_unavailable' from command line to 'False'
[0.157s] Level 5:colcon.colcon_core.verb:set package 'openarmx' build argument 'cmake_clean_cache' from command line to 'False'
[0.157s] Level 5:colcon.colcon_core.verb:set package 'openarmx' build argument 'cmake_clean_first' from command line to 'False'
[0.157s] Level 5:colcon.colcon_core.verb:set package 'openarmx' build argument 'cmake_force_configure' from command line to 'False'
[0.157s] Level 5:colcon.colcon_core.verb:set package 'openarmx' build argument 'ament_cmake_args' from command line to 'None'
[0.157s] Level 5:colcon.colcon_core.verb:set package 'openarmx' build argument 'catkin_cmake_args' from command line to 'None'
[0.157s] Level 5:colcon.colcon_core.verb:set package 'openarmx' build argument 'catkin_skip_building_tests' from command line to 'False'
[0.157s] DEBUG:colcon.colcon_core.verb:Building package 'openarmx' with the following arguments: {'ament_cmake_args': None, 'build_base': '/ws/build/openarmx', 'catkin_cmake_args': None, 'catkin_skip_building_tests': False, 'cmake_args': None, 'cmake_clean_cache': False, 'cmake_clean_first': False, 'cmake_force_configure': False, 'cmake_target': None, 'cmake_target_skip_unavailable': False, 'install_base': '/ws/install/openarmx', 'merge_install': False, 'path': '/ws/src/openarmx_ros2/openarmx', 'symlink_install': True, 'test_result_base': None}
[0.158s] INFO:colcon.colcon_core.executor:Executing jobs using 'parallel' executor
[0.158s] DEBUG:colcon.colcon_parallel_executor.executor.parallel:run_until_complete
[0.158s] INFO:colcon.colcon_ros.task.ament_cmake.build:Building ROS package in '/ws/src/openarmx_can' with build type 'ament_cmake'
[0.158s] INFO:colcon.colcon_cmake.task.cmake.build:Building CMake package in '/ws/src/openarmx_can'
[0.159s] INFO:colcon.colcon_core.plugin_system:Skipping extension 'colcon_core.shell.bat': Not used on non-Windows systems
[0.160s] INFO:colcon.colcon_core.shell:Skip shell extension 'powershell' for command environment: Not usable outside of PowerShell
[0.160s] DEBUG:colcon.colcon_core.shell:Skip shell extension 'dsv' for command environment
[0.162s] INFO:colcon.colcon_ros.task.ament_cmake.build:Building ROS package in '/ws/src/openarmx_description' with build type 'ament_cmake'
[0.162s] INFO:colcon.colcon_cmake.task.cmake.build:Building CMake package in '/ws/src/openarmx_description'
[0.162s] INFO:colcon.colcon_core.shell:Skip shell extension 'powershell' for command environment: Not usable outside of PowerShell
[0.162s] DEBUG:colcon.colcon_core.shell:Skip shell extension 'dsv' for command environment
[0.163s] INFO:colcon.colcon_ros.task.ament_cmake.build:Building ROS package in '/ws/src/openarmx_ros2/openarmx_bringup' with build type 'ament_cmake'
[0.163s] INFO:colcon.colcon_cmake.task.cmake.build:Building CMake package in '/ws/src/openarmx_ros2/openarmx_bringup'
[0.163s] INFO:colcon.colcon_core.shell:Skip shell extension 'powershell' for command environment: Not usable outside of PowerShell
[0.163s] DEBUG:colcon.colcon_core.shell:Skip shell extension 'dsv' for command environment
[0.164s] INFO:colcon.colcon_ros.task.ament_cmake.build:Building ROS package in '/ws/src/openarmx_tools/openarmx_gripper_panel' with build type 'ament_cmake'
[0.164s] INFO:colcon.colcon_cmake.task.cmake.build:Building CMake package in '/ws/src/openarmx_tools/openarmx_gripper_panel'
[0.165s] INFO:colcon.colcon_core.shell:Skip shell extension 'powershell' for command environment: Not usable outside of PowerShell
[0.165s] DEBUG:colcon.colcon_core.shell:Skip shell extension 'dsv' for command environment
[0.166s] INFO:colcon.colcon_ros.task.ament_cmake.build:Building ROS package in '/ws/src/openarmx_tools/openarmx_kp_kd_panel' with build type 'ament_cmake'
[0.166s] INFO:colcon.colcon_cmake.task.cmake.build:Building CMake package in '/ws/src/openarmx_tools/openarmx_kp_kd_panel'
[0.166s] INFO:colcon.colcon_core.shell:Skip shell extension 'powershell' for command environment: Not usable outside of PowerShell
[0.166s] DEBUG:colcon.colcon_core.shell:Skip shell extension 'dsv' for command environment
[0.167s] INFO:colcon.colcon_ros.task.ament_python.build:Building ROS package in '/ws/src/openarmx_tools/openarmx_teach' with build type 'ament_python'
[0.167s] Level 1:colcon.colcon_core.shell:create_environment_hook('openarmx_teach', 'ament_prefix_path')
[0.167s] INFO:colcon.colcon_core.shell:Creating environment hook '/ws/install/openarmx_teach/share/openarmx_teach/hook/ament_prefix_path.ps1'
[0.168s] INFO:colcon.colcon_core.shell:Creating environment descriptor '/ws/install/openarmx_teach/share/openarmx_teach/hook/ament_prefix_path.dsv'
[0.168s] INFO:colcon.colcon_core.shell:Creating environment hook '/ws/install/openarmx_teach/share/openarmx_teach/hook/ament_prefix_path.sh'
[0.168s] INFO:colcon.colcon_core.shell:Skip shell extension 'powershell' for command environment: Not usable outside of PowerShell
[0.168s] DEBUG:colcon.colcon_core.shell:Skip shell extension 'dsv' for command environment
[0.172s] DEBUG:colcon.colcon_core.event_handler.log_command:Invoking command in '/ws/build/openarmx_can': CMAKE_PREFIX_PATH=/opt/ros/humble /usr/bin/cmake /ws/src/openarmx_can -DAMENT_CMAKE_SYMLINK_INSTALL=1 -DCMAKE_INSTALL_PREFIX=/ws/install/openarmx_can
[0.173s] DEBUG:colcon.colcon_core.event_handler.log_command:Invoking command in '/ws/build/openarmx_description': CMAKE_PREFIX_PATH=/opt/ros/humble /usr/bin/cmake /ws/src/openarmx_description -DAMENT_CMAKE_SYMLINK_INSTALL=1 -DCMAKE_INSTALL_PREFIX=/ws/install/openarmx_description
[0.173s] DEBUG:colcon.colcon_core.event_handler.log_command:Invoking command in '/ws/build/openarmx_bringup': CMAKE_PREFIX_PATH=/opt/ros/humble /usr/bin/cmake /ws/src/openarmx_ros2/openarmx_bringup -DAMENT_CMAKE_SYMLINK_INSTALL=1 -DCMAKE_INSTALL_PREFIX=/ws/install/openarmx_bringup
[0.173s] DEBUG:colcon.colcon_core.event_handler.log_command:Invoking command in '/ws/build/openarmx_gripper_panel': CMAKE_PREFIX_PATH=/opt/ros/humble /usr/bin/cmake /ws/src/openarmx_tools/openarmx_gripper_panel -DAMENT_CMAKE_SYMLINK_INSTALL=1 -DCMAKE_INSTALL_PREFIX=/ws/install/openarmx_gripper_panel
[0.174s] DEBUG:colcon.colcon_core.event_handler.log_command:Invoking command in '/ws/build/openarmx_kp_kd_panel': CMAKE_PREFIX_PATH=/opt/ros/humble /usr/bin/cmake /ws/src/openarmx_tools/openarmx_kp_kd_panel -DAMENT_CMAKE_SYMLINK_INSTALL=1 -DCMAKE_INSTALL_PREFIX=/ws/install/openarmx_kp_kd_panel
[0.279s] INFO:colcon.colcon_core.task.python.build:Building Python package in '/ws/src/openarmx_tools/openarmx_teach'
[0.279s] INFO:colcon.colcon_core.shell:Skip shell extension 'powershell' for command environment: Not usable outside of PowerShell
[0.279s] DEBUG:colcon.colcon_core.shell:Skip shell extension 'dsv' for command environment
[0.447s] DEBUG:colcon.colcon_core.event_handler.log_command:Invoking command in '/ws/build/openarmx_teach': PYTHONPATH=/ws/build/openarmx_teach/prefix_override:/usr/lib/python3/dist-packages/colcon_core/task/python/colcon_distutils_commands:/ws/install/openarmx_teach/lib/python3.10/site-packages:${PYTHONPATH} /usr/bin/python3 -W ignore:setup.py install is deprecated -W ignore:easy_install command is deprecated setup.py develop --editable --build-directory /ws/build/openarmx_teach/build --no-deps symlink_data
[0.535s] DEBUG:colcon.colcon_core.event_handler.log_command:Invoked command in '/ws/build/openarmx_bringup' returned '0': CMAKE_PREFIX_PATH=/opt/ros/humble /usr/bin/cmake /ws/src/openarmx_ros2/openarmx_bringup -DAMENT_CMAKE_SYMLINK_INSTALL=1 -DCMAKE_INSTALL_PREFIX=/ws/install/openarmx_bringup
[0.536s] DEBUG:colcon.colcon_core.event_handler.log_command:Invoking command in '/ws/build/openarmx_bringup': CMAKE_PREFIX_PATH=/opt/ros/humble /usr/bin/cmake --build /ws/build/openarmx_bringup -- -j20 -l20
[0.562s] DEBUG:colcon.colcon_core.event_handler.log_command:Invoked command in '/ws/build/openarmx_bringup' returned '0': CMAKE_PREFIX_PATH=/opt/ros/humble /usr/bin/cmake --build /ws/build/openarmx_bringup -- -j20 -l20
[0.569s] DEBUG:colcon.colcon_core.event_handler.log_command:Invoking command in '/ws/build/openarmx_bringup': CMAKE_PREFIX_PATH=/opt/ros/humble /usr/bin/cmake --install /ws/build/openarmx_bringup
[0.577s] DEBUG:colcon.colcon_core.event_handler.log_command:Invoked command in '/ws/build/openarmx_can' returned '0': CMAKE_PREFIX_PATH=/opt/ros/humble /usr/bin/cmake /ws/src/openarmx_can -DAMENT_CMAKE_SYMLINK_INSTALL=1 -DCMAKE_INSTALL_PREFIX=/ws/install/openarmx_can
[0.577s] DEBUG:colcon.colcon_core.event_handler.log_command:Invoking command in '/ws/build/openarmx_can': CMAKE_PREFIX_PATH=/opt/ros/humble /usr/bin/cmake --build /ws/build/openarmx_can -- -j20 -l20
[0.578s] DEBUG:colcon.colcon_core.event_handler.log_command:Invoked command in '/ws/build/openarmx_description' returned '0': CMAKE_PREFIX_PATH=/opt/ros/humble /usr/bin/cmake /ws/src/openarmx_description -DAMENT_CMAKE_SYMLINK_INSTALL=1 -DCMAKE_INSTALL_PREFIX=/ws/install/openarmx_description
[0.579s] DEBUG:colcon.colcon_core.event_handler.log_command:Invoking command in '/ws/build/openarmx_description': CMAKE_PREFIX_PATH=/opt/ros/humble /usr/bin/cmake --build /ws/build/openarmx_description -- -j20 -l20
[0.600s] DEBUG:colcon.colcon_core.event_handler.log_command:Invoked command in '/ws/build/openarmx_description' returned '0': CMAKE_PREFIX_PATH=/opt/ros/humble /usr/bin/cmake --build /ws/build/openarmx_description -- -j20 -l20
[0.601s] DEBUG:colcon.colcon_core.event_handler.log_command:Invoking command in '/ws/build/openarmx_description': CMAKE_PREFIX_PATH=/opt/ros/humble /usr/bin/cmake --install /ws/build/openarmx_description
[0.650s] Level 1:colcon.colcon_core.shell:create_environment_hook('openarmx_teach', 'pythonpath_develop')
[0.650s] INFO:colcon.colcon_core.shell:Creating environment hook '/ws/build/openarmx_teach/share/openarmx_teach/hook/pythonpath_develop.ps1'
[0.650s] DEBUG:colcon.colcon_core.event_handler.log_command:Invoked command in '/ws/build/openarmx_teach' returned '0': PYTHONPATH=/ws/build/openarmx_teach/prefix_override:/usr/lib/python3/dist-packages/colcon_core/task/python/colcon_distutils_commands:/ws/install/openarmx_teach/lib/python3.10/site-packages:${PYTHONPATH} /usr/bin/python3 -W ignore:setup.py install is deprecated -W ignore:easy_install command is deprecated setup.py develop --editable --build-directory /ws/build/openarmx_teach/build --no-deps symlink_data
[0.651s] INFO:colcon.colcon_core.shell:Creating environment descriptor '/ws/build/openarmx_teach/share/openarmx_teach/hook/pythonpath_develop.dsv'
[0.651s] INFO:colcon.colcon_core.shell:Creating environment hook '/ws/build/openarmx_teach/share/openarmx_teach/hook/pythonpath_develop.sh'
[0.654s] Level 1:colcon.colcon_core.environment:checking '/ws/install/openarmx_teach' for CMake module files
[0.654s] Level 1:colcon.colcon_core.environment:checking '/ws/install/openarmx_teach' for CMake config files
[0.654s] Level 1:colcon.colcon_core.environment:checking '/ws/install/openarmx_teach/lib'
[0.655s] Level 1:colcon.colcon_core.environment:checking '/ws/install/openarmx_teach/bin'
[0.655s] Level 1:colcon.colcon_core.environment:checking '/ws/install/openarmx_teach/lib/pkgconfig/openarmx_teach.pc'
[0.655s] Level 1:colcon.colcon_core.environment:checking '/ws/install/openarmx_teach/lib/python3.10/site-packages'
[0.655s] Level 1:colcon.colcon_core.shell:create_environment_hook('openarmx_teach', 'pythonpath')
[0.655s] INFO:colcon.colcon_core.shell:Creating environment hook '/ws/install/openarmx_teach/share/openarmx_teach/hook/pythonpath.ps1'
[0.656s] INFO:colcon.colcon_core.shell:Creating environment descriptor '/ws/install/openarmx_teach/share/openarmx_teach/hook/pythonpath.dsv'
[0.656s] INFO:colcon.colcon_core.shell:Creating environment hook '/ws/install/openarmx_teach/share/openarmx_teach/hook/pythonpath.sh'
[0.657s] Level 1:colcon.colcon_core.environment:checking '/ws/install/openarmx_teach/bin'
[0.657s] Level 1:colcon.colcon_core.environment:create_environment_scripts_only(openarmx_teach)
[0.657s] INFO:colcon.colcon_core.shell:Creating package script '/ws/install/openarmx_teach/share/openarmx_teach/package.ps1'
[0.658s] INFO:colcon.colcon_core.shell:Creating package descriptor '/ws/install/openarmx_teach/share/openarmx_teach/package.dsv'
[0.659s] INFO:colcon.colcon_core.shell:Creating package script '/ws/install/openarmx_teach/share/openarmx_teach/package.sh'
[0.659s] INFO:colcon.colcon_core.shell:Creating package script '/ws/install/openarmx_teach/share/openarmx_teach/package.bash'
[0.660s] INFO:colcon.colcon_core.shell:Creating package script '/ws/install/openarmx_teach/share/openarmx_teach/package.zsh'
[0.660s] Level 1:colcon.colcon_core.environment:create_file_with_runtime_dependencies(/ws/install/openarmx_teach/share/colcon-core/packages/openarmx_teach)
[0.675s] Level 1:colcon.colcon_core.environment:create_environment_scripts_only(openarmx_bringup)
[0.675s] Level 1:colcon.colcon_core.environment:checking '/ws/install/openarmx_bringup' for CMake module files
[0.675s] DEBUG:colcon.colcon_core.event_handler.log_command:Invoked command in '/ws/build/openarmx_bringup' returned '0': CMAKE_PREFIX_PATH=/opt/ros/humble /usr/bin/cmake --install /ws/build/openarmx_bringup
[0.675s] Level 1:colcon.colcon_core.environment:checking '/ws/install/openarmx_bringup' for CMake config files
[0.676s] Level 1:colcon.colcon_core.shell:create_environment_hook('openarmx_bringup', 'cmake_prefix_path')
[0.676s] INFO:colcon.colcon_core.shell:Creating environment hook '/ws/install/openarmx_bringup/share/openarmx_bringup/hook/cmake_prefix_path.ps1'
[0.676s] INFO:colcon.colcon_core.shell:Creating environment descriptor '/ws/install/openarmx_bringup/share/openarmx_bringup/hook/cmake_prefix_path.dsv'
[0.676s] INFO:colcon.colcon_core.shell:Creating environment hook '/ws/install/openarmx_bringup/share/openarmx_bringup/hook/cmake_prefix_path.sh'
[0.676s] Level 1:colcon.colcon_core.environment:checking '/ws/install/openarmx_bringup/bin'
[0.676s] Level 1:colcon.colcon_core.environment:checking '/ws/install/openarmx_bringup/lib/pkgconfig/openarmx_bringup.pc'
[0.676s] Level 1:colcon.colcon_core.environment:checking '/ws/install/openarmx_bringup/lib/python3.10/site-packages'
[0.677s] Level 1:colcon.colcon_core.environment:checking '/ws/install/openarmx_bringup/bin'
[0.677s] INFO:colcon.colcon_core.shell:Creating package script '/ws/install/openarmx_bringup/share/openarmx_bringup/package.ps1'
[0.677s] INFO:colcon.colcon_core.shell:Creating package descriptor '/ws/install/openarmx_bringup/share/openarmx_bringup/package.dsv'
[0.677s] INFO:colcon.colcon_core.shell:Creating package script '/ws/install/openarmx_bringup/share/openarmx_bringup/package.sh'
[0.677s] INFO:colcon.colcon_core.shell:Creating package script '/ws/install/openarmx_bringup/share/openarmx_bringup/package.bash'
[0.678s] INFO:colcon.colcon_core.shell:Creating package script '/ws/install/openarmx_bringup/share/openarmx_bringup/package.zsh'
[0.678s] Level 1:colcon.colcon_core.environment:create_file_with_runtime_dependencies(/ws/install/openarmx_bringup/share/colcon-core/packages/openarmx_bringup)
[0.678s] Level 1:colcon.colcon_core.environment:create_environment_scripts_only(openarmx_bringup)
[0.678s] Level 1:colcon.colcon_core.environment:checking '/ws/install/openarmx_bringup' for CMake module files
[0.678s] Level 1:colcon.colcon_core.environment:checking '/ws/install/openarmx_bringup' for CMake config files
[0.678s] Level 1:colcon.colcon_core.shell:create_environment_hook('openarmx_bringup', 'cmake_prefix_path')
[0.678s] INFO:colcon.colcon_core.shell:Creating environment hook '/ws/install/openarmx_bringup/share/openarmx_bringup/hook/cmake_prefix_path.ps1'
[0.679s] INFO:colcon.colcon_core.shell:Creating environment descriptor '/ws/install/openarmx_bringup/share/openarmx_bringup/hook/cmake_prefix_path.dsv'
[0.679s] INFO:colcon.colcon_core.shell:Creating environment hook '/ws/install/openarmx_bringup/share/openarmx_bringup/hook/cmake_prefix_path.sh'
[0.679s] Level 1:colcon.colcon_core.environment:checking '/ws/install/openarmx_bringup/bin'
[0.679s] Level 1:colcon.colcon_core.environment:checking '/ws/install/openarmx_bringup/lib/pkgconfig/openarmx_bringup.pc'
[0.679s] Level 1:colcon.colcon_core.environment:checking '/ws/install/openarmx_bringup/lib/python3.10/site-packages'
[0.679s] Level 1:colcon.colcon_core.environment:checking '/ws/install/openarmx_bringup/bin'
[0.680s] INFO:colcon.colcon_core.shell:Creating package script '/ws/install/openarmx_bringup/share/openarmx_bringup/package.ps1'
[0.680s] INFO:colcon.colcon_core.shell:Creating package descriptor '/ws/install/openarmx_bringup/share/openarmx_bringup/package.dsv'
[0.680s] INFO:colcon.colcon_core.shell:Creating package script '/ws/install/openarmx_bringup/share/openarmx_bringup/package.sh'
[0.680s] INFO:colcon.colcon_core.shell:Creating package script '/ws/install/openarmx_bringup/share/openarmx_bringup/package.bash'
[0.680s] INFO:colcon.colcon_core.shell:Creating package script '/ws/install/openarmx_bringup/share/openarmx_bringup/package.zsh'
[0.681s] Level 1:colcon.colcon_core.environment:create_file_with_runtime_dependencies(/ws/install/openarmx_bringup/share/colcon-core/packages/openarmx_bringup)
[0.981s] Level 1:colcon.colcon_core.environment:create_environment_scripts_only(openarmx_description)
[0.981s] Level 1:colcon.colcon_core.environment:checking '/ws/install/openarmx_description' for CMake module files
[0.981s] DEBUG:colcon.colcon_core.event_handler.log_command:Invoked command in '/ws/build/openarmx_description' returned '0': CMAKE_PREFIX_PATH=/opt/ros/humble /usr/bin/cmake --install /ws/build/openarmx_description
[0.981s] Level 1:colcon.colcon_core.environment:checking '/ws/install/openarmx_description' for CMake config files
[0.981s] Level 1:colcon.colcon_core.shell:create_environment_hook('openarmx_description', 'cmake_prefix_path')
[0.981s] INFO:colcon.colcon_core.shell:Creating environment hook '/ws/install/openarmx_description/share/openarmx_description/hook/cmake_prefix_path.ps1'
[0.982s] INFO:colcon.colcon_core.shell:Creating environment descriptor '/ws/install/openarmx_description/share/openarmx_description/hook/cmake_prefix_path.dsv'
[0.982s] INFO:colcon.colcon_core.shell:Creating environment hook '/ws/install/openarmx_description/share/openarmx_description/hook/cmake_prefix_path.sh'
[0.982s] Level 1:colcon.colcon_core.environment:checking '/ws/install/openarmx_description/bin'
[0.982s] Level 1:colcon.colcon_core.environment:checking '/ws/install/openarmx_description/lib/pkgconfig/openarmx_description.pc'
[0.982s] Level 1:colcon.colcon_core.environment:checking '/ws/install/openarmx_description/lib/python3.10/site-packages'
[0.982s] Level 1:colcon.colcon_core.environment:checking '/ws/install/openarmx_description/bin'
[0.983s] INFO:colcon.colcon_core.shell:Creating package script '/ws/install/openarmx_description/share/openarmx_description/package.ps1'
[0.983s] INFO:colcon.colcon_core.shell:Creating package descriptor '/ws/install/openarmx_description/share/openarmx_description/package.dsv'
[0.983s] INFO:colcon.colcon_core.shell:Creating package script '/ws/install/openarmx_description/share/openarmx_description/package.sh'
[0.984s] INFO:colcon.colcon_core.shell:Creating package script '/ws/install/openarmx_description/share/openarmx_description/package.bash'
[0.984s] INFO:colcon.colcon_core.shell:Creating package script '/ws/install/openarmx_description/share/openarmx_description/package.zsh'
[0.984s] Level 1:colcon.colcon_core.environment:create_file_with_runtime_dependencies(/ws/install/openarmx_description/share/colcon-core/packages/openarmx_description)
[0.985s] Level 1:colcon.colcon_core.environment:create_environment_scripts_only(openarmx_description)
[0.985s] Level 1:colcon.colcon_core.environment:checking '/ws/install/openarmx_description' for CMake module files
[0.985s] Level 1:colcon.colcon_core.environment:checking '/ws/install/openarmx_description' for CMake config files
[0.986s] Level 1:colcon.colcon_core.shell:create_environment_hook('openarmx_description', 'cmake_prefix_path')
[0.986s] INFO:colcon.colcon_core.shell:Creating environment hook '/ws/install/openarmx_description/share/openarmx_description/hook/cmake_prefix_path.ps1'
[0.986s] INFO:colcon.colcon_core.shell:Creating environment descriptor '/ws/install/openarmx_description/share/openarmx_description/hook/cmake_prefix_path.dsv'
[0.987s] INFO:colcon.colcon_core.shell:Creating environment hook '/ws/install/openarmx_description/share/openarmx_description/hook/cmake_prefix_path.sh'
[0.987s] Level 1:colcon.colcon_core.environment:checking '/ws/install/openarmx_description/bin'
[0.987s] Level 1:colcon.colcon_core.environment:checking '/ws/install/openarmx_description/lib/pkgconfig/openarmx_description.pc'
[0.987s] Level 1:colcon.colcon_core.environment:checking '/ws/install/openarmx_description/lib/python3.10/site-packages'
[0.988s] Level 1:colcon.colcon_core.environment:checking '/ws/install/openarmx_description/bin'
[0.988s] INFO:colcon.colcon_core.shell:Creating package script '/ws/install/openarmx_description/share/openarmx_description/package.ps1'
[0.988s] INFO:colcon.colcon_core.shell:Creating package descriptor '/ws/install/openarmx_description/share/openarmx_description/package.dsv'
[0.989s] INFO:colcon.colcon_core.shell:Creating package script '/ws/install/openarmx_description/share/openarmx_description/package.sh'
[0.989s] INFO:colcon.colcon_core.shell:Creating package script '/ws/install/openarmx_description/share/openarmx_description/package.bash'
[0.989s] INFO:colcon.colcon_core.shell:Creating package script '/ws/install/openarmx_description/share/openarmx_description/package.zsh'
[0.990s] Level 1:colcon.colcon_core.environment:create_file_with_runtime_dependencies(/ws/install/openarmx_description/share/colcon-core/packages/openarmx_description)
[0.990s] INFO:colcon.colcon_ros.task.ament_cmake.build:Building ROS package in '/ws/src/openarmx_ros2/openarmx_bimanual_moveit_config' with build type 'ament_cmake'
[0.990s] INFO:colcon.colcon_cmake.task.cmake.build:Building CMake package in '/ws/src/openarmx_ros2/openarmx_bimanual_moveit_config'
[0.990s] INFO:colcon.colcon_core.shell:Skip shell extension 'powershell' for command environment: Not usable outside of PowerShell
[0.991s] DEBUG:colcon.colcon_core.shell:Skip shell extension 'dsv' for command environment
[0.996s] DEBUG:colcon.colcon_core.event_handler.log_command:Invoking command in '/ws/build/openarmx_bimanual_moveit_config': AMENT_PREFIX_PATH=/ws/install/openarmx_description:${AMENT_PREFIX_PATH} CMAKE_PREFIX_PATH=/ws/install/openarmx_description:/opt/ros/humble /usr/bin/cmake /ws/src/openarmx_ros2/openarmx_bimanual_moveit_config -DAMENT_CMAKE_SYMLINK_INSTALL=1 -DCMAKE_INSTALL_PREFIX=/ws/install/openarmx_bimanual_moveit_config
[1.297s] DEBUG:colcon.colcon_core.event_handler.log_command:Invoked command in '/ws/build/openarmx_kp_kd_panel' returned '0': CMAKE_PREFIX_PATH=/opt/ros/humble /usr/bin/cmake /ws/src/openarmx_tools/openarmx_kp_kd_panel -DAMENT_CMAKE_SYMLINK_INSTALL=1 -DCMAKE_INSTALL_PREFIX=/ws/install/openarmx_kp_kd_panel
[1.298s] DEBUG:colcon.colcon_core.event_handler.log_command:Invoking command in '/ws/build/openarmx_kp_kd_panel': CMAKE_PREFIX_PATH=/opt/ros/humble /usr/bin/cmake --build /ws/build/openarmx_kp_kd_panel -- -j20 -l20
[1.370s] DEBUG:colcon.colcon_core.event_handler.log_command:Invoked command in '/ws/build/openarmx_gripper_panel' returned '0': CMAKE_PREFIX_PATH=/opt/ros/humble /usr/bin/cmake /ws/src/openarmx_tools/openarmx_gripper_panel -DAMENT_CMAKE_SYMLINK_INSTALL=1 -DCMAKE_INSTALL_PREFIX=/ws/install/openarmx_gripper_panel
[1.371s] DEBUG:colcon.colcon_core.event_handler.log_command:Invoking command in '/ws/build/openarmx_gripper_panel': CMAKE_PREFIX_PATH=/opt/ros/humble /usr/bin/cmake --build /ws/build/openarmx_gripper_panel -- -j20 -l20
[1.405s] DEBUG:colcon.colcon_core.event_handler.log_command:Invoked command in '/ws/build/openarmx_bimanual_moveit_config' returned '0': AMENT_PREFIX_PATH=/ws/install/openarmx_description:${AMENT_PREFIX_PATH} CMAKE_PREFIX_PATH=/ws/install/openarmx_description:/opt/ros/humble /usr/bin/cmake /ws/src/openarmx_ros2/openarmx_bimanual_moveit_config -DAMENT_CMAKE_SYMLINK_INSTALL=1 -DCMAKE_INSTALL_PREFIX=/ws/install/openarmx_bimanual_moveit_config
[1.405s] DEBUG:colcon.colcon_core.event_handler.log_command:Invoking command in '/ws/build/openarmx_bimanual_moveit_config': AMENT_PREFIX_PATH=/ws/install/openarmx_description:${AMENT_PREFIX_PATH} CMAKE_PREFIX_PATH=/ws/install/openarmx_description:/opt/ros/humble /usr/bin/cmake --build /ws/build/openarmx_bimanual_moveit_config -- -j20 -l20
[1.432s] DEBUG:colcon.colcon_core.event_handler.log_command:Invoked command in '/ws/build/openarmx_bimanual_moveit_config' returned '0': AMENT_PREFIX_PATH=/ws/install/openarmx_description:${AMENT_PREFIX_PATH} CMAKE_PREFIX_PATH=/ws/install/openarmx_description:/opt/ros/humble /usr/bin/cmake --build /ws/build/openarmx_bimanual_moveit_config -- -j20 -l20
[1.432s] DEBUG:colcon.colcon_core.event_handler.log_command:Invoking command in '/ws/build/openarmx_bimanual_moveit_config': AMENT_PREFIX_PATH=/ws/install/openarmx_description:${AMENT_PREFIX_PATH} CMAKE_PREFIX_PATH=/ws/install/openarmx_description:/opt/ros/humble /usr/bin/cmake --install /ws/build/openarmx_bimanual_moveit_config
[1.678s] Level 1:colcon.colcon_core.environment:create_environment_scripts_only(openarmx_bimanual_moveit_config)
[1.678s] Level 1:colcon.colcon_core.environment:checking '/ws/install/openarmx_bimanual_moveit_config' for CMake module files
[1.679s] DEBUG:colcon.colcon_core.event_handler.log_command:Invoked command in '/ws/build/openarmx_bimanual_moveit_config' returned '0': AMENT_PREFIX_PATH=/ws/install/openarmx_description:${AMENT_PREFIX_PATH} CMAKE_PREFIX_PATH=/ws/install/openarmx_description:/opt/ros/humble /usr/bin/cmake --install /ws/build/openarmx_bimanual_moveit_config
[1.679s] Level 1:colcon.colcon_core.environment:checking '/ws/install/openarmx_bimanual_moveit_config' for CMake config files
[1.680s] Level 1:colcon.colcon_core.shell:create_environment_hook('openarmx_bimanual_moveit_config', 'cmake_prefix_path')
[1.680s] INFO:colcon.colcon_core.shell:Creating environment hook '/ws/install/openarmx_bimanual_moveit_config/share/openarmx_bimanual_moveit_config/hook/cmake_prefix_path.ps1'
[1.680s] INFO:colcon.colcon_core.shell:Creating environment descriptor '/ws/install/openarmx_bimanual_moveit_config/share/openarmx_bimanual_moveit_config/hook/cmake_prefix_path.dsv'
[1.680s] INFO:colcon.colcon_core.shell:Creating environment hook '/ws/install/openarmx_bimanual_moveit_config/share/openarmx_bimanual_moveit_config/hook/cmake_prefix_path.sh'
[1.681s] Level 1:colcon.colcon_core.environment:checking '/ws/install/openarmx_bimanual_moveit_config/bin'
[1.681s] Level 1:colcon.colcon_core.environment:checking '/ws/install/openarmx_bimanual_moveit_config/lib/pkgconfig/openarmx_bimanual_moveit_config.pc'
[1.681s] Level 1:colcon.colcon_core.environment:checking '/ws/install/openarmx_bimanual_moveit_config/lib/python3.10/site-packages'
[1.682s] Level 1:colcon.colcon_core.environment:checking '/ws/install/openarmx_bimanual_moveit_config/bin'
[1.682s] INFO:colcon.colcon_core.shell:Creating package script '/ws/install/openarmx_bimanual_moveit_config/share/openarmx_bimanual_moveit_config/package.ps1'
[1.682s] INFO:colcon.colcon_core.shell:Creating package descriptor '/ws/install/openarmx_bimanual_moveit_config/share/openarmx_bimanual_moveit_config/package.dsv'
[1.683s] INFO:colcon.colcon_core.shell:Creating package script '/ws/install/openarmx_bimanual_moveit_config/share/openarmx_bimanual_moveit_config/package.sh'
[1.683s] INFO:colcon.colcon_core.shell:Creating package script '/ws/install/openarmx_bimanual_moveit_config/share/openarmx_bimanual_moveit_config/package.bash'
[1.683s] INFO:colcon.colcon_core.shell:Creating package script '/ws/install/openarmx_bimanual_moveit_config/share/openarmx_bimanual_moveit_config/package.zsh'
[1.684s] Level 1:colcon.colcon_core.environment:create_file_with_runtime_dependencies(/ws/install/openarmx_bimanual_moveit_config/share/colcon-core/packages/openarmx_bimanual_moveit_config)
[1.684s] Level 1:colcon.colcon_core.environment:create_environment_scripts_only(openarmx_bimanual_moveit_config)
[1.684s] Level 1:colcon.colcon_core.environment:checking '/ws/install/openarmx_bimanual_moveit_config' for CMake module files
[1.685s] Level 1:colcon.colcon_core.environment:checking '/ws/install/openarmx_bimanual_moveit_config' for CMake config files
[1.685s] Level 1:colcon.colcon_core.shell:create_environment_hook('openarmx_bimanual_moveit_config', 'cmake_prefix_path')
[1.685s] INFO:colcon.colcon_core.shell:Creating environment hook '/ws/install/openarmx_bimanual_moveit_config/share/openarmx_bimanual_moveit_config/hook/cmake_prefix_path.ps1'
[1.686s] INFO:colcon.colcon_core.shell:Creating environment descriptor '/ws/install/openarmx_bimanual_moveit_config/share/openarmx_bimanual_moveit_config/hook/cmake_prefix_path.dsv'
[1.686s] INFO:colcon.colcon_core.shell:Creating environment hook '/ws/install/openarmx_bimanual_moveit_config/share/openarmx_bimanual_moveit_config/hook/cmake_prefix_path.sh'
[1.686s] Level 1:colcon.colcon_core.environment:checking '/ws/install/openarmx_bimanual_moveit_config/bin'
[1.686s] Level 1:colcon.colcon_core.environment:checking '/ws/install/openarmx_bimanual_moveit_config/lib/pkgconfig/openarmx_bimanual_moveit_config.pc'
[1.687s] Level 1:colcon.colcon_core.environment:checking '/ws/install/openarmx_bimanual_moveit_config/lib/python3.10/site-packages'
[1.687s] Level 1:colcon.colcon_core.environment:checking '/ws/install/openarmx_bimanual_moveit_config/bin'
[1.687s] INFO:colcon.colcon_core.shell:Creating package script '/ws/install/openarmx_bimanual_moveit_config/share/openarmx_bimanual_moveit_config/package.ps1'
[1.687s] INFO:colcon.colcon_core.shell:Creating package descriptor '/ws/install/openarmx_bimanual_moveit_config/share/openarmx_bimanual_moveit_config/package.dsv'
[1.688s] INFO:colcon.colcon_core.shell:Creating package script '/ws/install/openarmx_bimanual_moveit_config/share/openarmx_bimanual_moveit_config/package.sh'
[1.688s] INFO:colcon.colcon_core.shell:Creating package script '/ws/install/openarmx_bimanual_moveit_config/share/openarmx_bimanual_moveit_config/package.bash'
[1.689s] INFO:colcon.colcon_core.shell:Creating package script '/ws/install/openarmx_bimanual_moveit_config/share/openarmx_bimanual_moveit_config/package.zsh'
[1.689s] Level 1:colcon.colcon_core.environment:create_file_with_runtime_dependencies(/ws/install/openarmx_bimanual_moveit_config/share/colcon-core/packages/openarmx_bimanual_moveit_config)
[1.770s] DEBUG:colcon.colcon_core.event_handler.log_command:Invoked command in '/ws/build/openarmx_can' returned '0': CMAKE_PREFIX_PATH=/opt/ros/humble /usr/bin/cmake --build /ws/build/openarmx_can -- -j20 -l20
[1.770s] DEBUG:colcon.colcon_core.event_handler.log_command:Invoking command in '/ws/build/openarmx_can': CMAKE_PREFIX_PATH=/opt/ros/humble /usr/bin/cmake --install /ws/build/openarmx_can
[1.993s] Level 1:colcon.colcon_core.environment:create_environment_scripts_only(openarmx_can)
[1.993s] Level 1:colcon.colcon_core.environment:checking '/ws/install/openarmx_can' for CMake module files
[1.993s] DEBUG:colcon.colcon_core.event_handler.log_command:Invoked command in '/ws/build/openarmx_can' returned '0': CMAKE_PREFIX_PATH=/opt/ros/humble /usr/bin/cmake --install /ws/build/openarmx_can
[1.994s] Level 1:colcon.colcon_core.environment:checking '/ws/install/openarmx_can' for CMake config files
[1.994s] Level 1:colcon.colcon_core.shell:create_environment_hook('openarmx_can', 'cmake_prefix_path')
[1.994s] INFO:colcon.colcon_core.shell:Creating environment hook '/ws/install/openarmx_can/share/openarmx_can/hook/cmake_prefix_path.ps1'
[1.995s] INFO:colcon.colcon_core.shell:Creating environment descriptor '/ws/install/openarmx_can/share/openarmx_can/hook/cmake_prefix_path.dsv'
[1.995s] INFO:colcon.colcon_core.shell:Creating environment hook '/ws/install/openarmx_can/share/openarmx_can/hook/cmake_prefix_path.sh'
[1.995s] Level 1:colcon.colcon_core.environment:checking '/ws/install/openarmx_can/lib'
[1.996s] Level 1:colcon.colcon_core.environment:checking '/ws/install/openarmx_can/bin'
[1.996s] Level 1:colcon.colcon_core.environment:checking '/ws/install/openarmx_can/lib/pkgconfig/openarmx_can.pc'
[1.996s] Level 1:colcon.colcon_core.environment:checking '/ws/install/openarmx_can/lib/python3.10/site-packages'
[1.996s] Level 1:colcon.colcon_core.environment:checking '/ws/install/openarmx_can/bin'
[1.996s] INFO:colcon.colcon_core.shell:Creating package script '/ws/install/openarmx_can/share/openarmx_can/package.ps1'
[1.997s] INFO:colcon.colcon_core.shell:Creating package descriptor '/ws/install/openarmx_can/share/openarmx_can/package.dsv'
[1.997s] INFO:colcon.colcon_core.shell:Creating package script '/ws/install/openarmx_can/share/openarmx_can/package.sh'
[1.997s] INFO:colcon.colcon_core.shell:Creating package script '/ws/install/openarmx_can/share/openarmx_can/package.bash'
[1.998s] INFO:colcon.colcon_core.shell:Creating package script '/ws/install/openarmx_can/share/openarmx_can/package.zsh'
[1.998s] Level 1:colcon.colcon_core.environment:create_file_with_runtime_dependencies(/ws/install/openarmx_can/share/colcon-core/packages/openarmx_can)
[1.998s] Level 1:colcon.colcon_core.environment:create_environment_scripts_only(openarmx_can)
[1.998s] Level 1:colcon.colcon_core.environment:checking '/ws/install/openarmx_can' for CMake module files
[1.999s] Level 1:colcon.colcon_core.environment:checking '/ws/install/openarmx_can' for CMake config files
[1.999s] Level 1:colcon.colcon_core.shell:create_environment_hook('openarmx_can', 'cmake_prefix_path')
[1.999s] INFO:colcon.colcon_core.shell:Creating environment hook '/ws/install/openarmx_can/share/openarmx_can/hook/cmake_prefix_path.ps1'
[2.000s] INFO:colcon.colcon_core.shell:Creating environment descriptor '/ws/install/openarmx_can/share/openarmx_can/hook/cmake_prefix_path.dsv'
[2.000s] INFO:colcon.colcon_core.shell:Creating environment hook '/ws/install/openarmx_can/share/openarmx_can/hook/cmake_prefix_path.sh'
[2.000s] Level 1:colcon.colcon_core.environment:checking '/ws/install/openarmx_can/lib'
[2.001s] Level 1:colcon.colcon_core.environment:checking '/ws/install/openarmx_can/bin'
[2.001s] Level 1:colcon.colcon_core.environment:checking '/ws/install/openarmx_can/lib/pkgconfig/openarmx_can.pc'
[2.001s] Level 1:colcon.colcon_core.environment:checking '/ws/install/openarmx_can/lib/python3.10/site-packages'
[2.001s] Level 1:colcon.colcon_core.environment:checking '/ws/install/openarmx_can/bin'
[2.001s] INFO:colcon.colcon_core.shell:Creating package script '/ws/install/openarmx_can/share/openarmx_can/package.ps1'
[2.002s] INFO:colcon.colcon_core.shell:Creating package descriptor '/ws/install/openarmx_can/share/openarmx_can/package.dsv'
[2.002s] INFO:colcon.colcon_core.shell:Creating package script '/ws/install/openarmx_can/share/openarmx_can/package.sh'
[2.002s] INFO:colcon.colcon_core.shell:Creating package script '/ws/install/openarmx_can/share/openarmx_can/package.bash'
[2.003s] INFO:colcon.colcon_core.shell:Creating package script '/ws/install/openarmx_can/share/openarmx_can/package.zsh'
[2.003s] Level 1:colcon.colcon_core.environment:create_file_with_runtime_dependencies(/ws/install/openarmx_can/share/colcon-core/packages/openarmx_can)
[2.003s] INFO:colcon.colcon_ros.task.ament_cmake.build:Building ROS package in '/ws/src/openarmx_ros2/openarmx_hardware' with build type 'ament_cmake'
[2.003s] INFO:colcon.colcon_cmake.task.cmake.build:Building CMake package in '/ws/src/openarmx_ros2/openarmx_hardware'
[2.004s] INFO:colcon.colcon_core.shell:Skip shell extension 'powershell' for command environment: Not usable outside of PowerShell
[2.004s] DEBUG:colcon.colcon_core.shell:Skip shell extension 'dsv' for command environment
[2.006s] INFO:colcon.colcon_ros.task.ament_cmake.build:Building ROS package in '/ws/src/openarmx_teleop_leader' with build type 'ament_cmake'
[2.006s] INFO:colcon.colcon_cmake.task.cmake.build:Building CMake package in '/ws/src/openarmx_teleop_leader'
[2.007s] INFO:colcon.colcon_core.shell:Skip shell extension 'powershell' for command environment: Not usable outside of PowerShell
[2.007s] DEBUG:colcon.colcon_core.shell:Skip shell extension 'dsv' for command environment
[2.011s] DEBUG:colcon.colcon_core.event_handler.log_command:Invoking command in '/ws/build/openarmx_hardware': AMENT_PREFIX_PATH=/ws/install/openarmx_can:${AMENT_PREFIX_PATH} CMAKE_PREFIX_PATH=/ws/install/openarmx_can:/opt/ros/humble LD_LIBRARY_PATH=/ws/install/openarmx_can/lib:${LD_LIBRARY_PATH} /usr/bin/cmake /ws/src/openarmx_ros2/openarmx_hardware -DAMENT_CMAKE_SYMLINK_INSTALL=1 -DCMAKE_INSTALL_PREFIX=/ws/install/openarmx_hardware
[2.013s] DEBUG:colcon.colcon_core.event_handler.log_command:Invoking command in '/ws/build/openarmx_teleop_leader': AMENT_PREFIX_PATH=/ws/install/openarmx_can:${AMENT_PREFIX_PATH} CMAKE_PREFIX_PATH=/ws/install/openarmx_can:/opt/ros/humble LD_LIBRARY_PATH=/ws/install/openarmx_can/lib:${LD_LIBRARY_PATH} /usr/bin/cmake /ws/src/openarmx_teleop_leader -DAMENT_CMAKE_SYMLINK_INSTALL=1 -DCMAKE_INSTALL_PREFIX=/ws/install/openarmx_teleop_leader
[2.752s] DEBUG:colcon.colcon_core.event_handler.log_command:Invoked command in '/ws/build/openarmx_hardware' returned '0': AMENT_PREFIX_PATH=/ws/install/openarmx_can:${AMENT_PREFIX_PATH} CMAKE_PREFIX_PATH=/ws/install/openarmx_can:/opt/ros/humble LD_LIBRARY_PATH=/ws/install/openarmx_can/lib:${LD_LIBRARY_PATH} /usr/bin/cmake /ws/src/openarmx_ros2/openarmx_hardware -DAMENT_CMAKE_SYMLINK_INSTALL=1 -DCMAKE_INSTALL_PREFIX=/ws/install/openarmx_hardware
[2.753s] DEBUG:colcon.colcon_core.event_handler.log_command:Invoking command in '/ws/build/openarmx_hardware': AMENT_PREFIX_PATH=/ws/install/openarmx_can:${AMENT_PREFIX_PATH} CMAKE_PREFIX_PATH=/ws/install/openarmx_can:/opt/ros/humble LD_LIBRARY_PATH=/ws/install/openarmx_can/lib:${LD_LIBRARY_PATH} /usr/bin/cmake --build /ws/build/openarmx_hardware -- -j20 -l20
[2.795s] DEBUG:colcon.colcon_core.event_handler.log_command:Invoked command in '/ws/build/openarmx_teleop_leader' returned '0': AMENT_PREFIX_PATH=/ws/install/openarmx_can:${AMENT_PREFIX_PATH} CMAKE_PREFIX_PATH=/ws/install/openarmx_can:/opt/ros/humble LD_LIBRARY_PATH=/ws/install/openarmx_can/lib:${LD_LIBRARY_PATH} /usr/bin/cmake /ws/src/openarmx_teleop_leader -DAMENT_CMAKE_SYMLINK_INSTALL=1 -DCMAKE_INSTALL_PREFIX=/ws/install/openarmx_teleop_leader
[2.795s] DEBUG:colcon.colcon_core.event_handler.log_command:Invoking command in '/ws/build/openarmx_teleop_leader': AMENT_PREFIX_PATH=/ws/install/openarmx_can:${AMENT_PREFIX_PATH} CMAKE_PREFIX_PATH=/ws/install/openarmx_can:/opt/ros/humble LD_LIBRARY_PATH=/ws/install/openarmx_can/lib:${LD_LIBRARY_PATH} /usr/bin/cmake --build /ws/build/openarmx_teleop_leader -- -j20 -l20
[4.958s] DEBUG:colcon.colcon_core.event_handler.log_command:Invoked command in '/ws/build/openarmx_kp_kd_panel' returned '0': CMAKE_PREFIX_PATH=/opt/ros/humble /usr/bin/cmake --build /ws/build/openarmx_kp_kd_panel -- -j20 -l20
[4.959s] DEBUG:colcon.colcon_core.event_handler.log_command:Invoking command in '/ws/build/openarmx_kp_kd_panel': CMAKE_PREFIX_PATH=/opt/ros/humble /usr/bin/cmake --install /ws/build/openarmx_kp_kd_panel
[5.118s] Level 1:colcon.colcon_core.environment:create_environment_scripts_only(openarmx_kp_kd_panel)
[5.118s] Level 1:colcon.colcon_core.environment:checking '/ws/install/openarmx_kp_kd_panel' for CMake module files
[5.119s] DEBUG:colcon.colcon_core.event_handler.log_command:Invoked command in '/ws/build/openarmx_kp_kd_panel' returned '0': CMAKE_PREFIX_PATH=/opt/ros/humble /usr/bin/cmake --install /ws/build/openarmx_kp_kd_panel
[5.119s] Level 1:colcon.colcon_core.environment:checking '/ws/install/openarmx_kp_kd_panel' for CMake config files
[5.119s] Level 1:colcon.colcon_core.shell:create_environment_hook('openarmx_kp_kd_panel', 'cmake_prefix_path')
[5.119s] INFO:colcon.colcon_core.shell:Creating environment hook '/ws/install/openarmx_kp_kd_panel/share/openarmx_kp_kd_panel/hook/cmake_prefix_path.ps1'
[5.120s] INFO:colcon.colcon_core.shell:Creating environment descriptor '/ws/install/openarmx_kp_kd_panel/share/openarmx_kp_kd_panel/hook/cmake_prefix_path.dsv'
[5.120s] INFO:colcon.colcon_core.shell:Creating environment hook '/ws/install/openarmx_kp_kd_panel/share/openarmx_kp_kd_panel/hook/cmake_prefix_path.sh'
[5.121s] Level 1:colcon.colcon_core.environment:checking '/ws/install/openarmx_kp_kd_panel/lib'
[5.121s] Level 1:colcon.colcon_core.shell:create_environment_hook('openarmx_kp_kd_panel', 'ld_library_path_lib')
[5.121s] INFO:colcon.colcon_core.shell:Creating environment hook '/ws/install/openarmx_kp_kd_panel/share/openarmx_kp_kd_panel/hook/ld_library_path_lib.ps1'
[5.121s] INFO:colcon.colcon_core.shell:Creating environment descriptor '/ws/install/openarmx_kp_kd_panel/share/openarmx_kp_kd_panel/hook/ld_library_path_lib.dsv'
[5.121s] INFO:colcon.colcon_core.shell:Creating environment hook '/ws/install/openarmx_kp_kd_panel/share/openarmx_kp_kd_panel/hook/ld_library_path_lib.sh'
[5.122s] Level 1:colcon.colcon_core.environment:checking '/ws/install/openarmx_kp_kd_panel/bin'
[5.122s] Level 1:colcon.colcon_core.environment:checking '/ws/install/openarmx_kp_kd_panel/lib/pkgconfig/openarmx_kp_kd_panel.pc'
[5.122s] Level 1:colcon.colcon_core.environment:checking '/ws/install/openarmx_kp_kd_panel/lib/python3.10/site-packages'
[5.122s] Level 1:colcon.colcon_core.environment:checking '/ws/install/openarmx_kp_kd_panel/bin'
[5.123s] INFO:colcon.colcon_core.shell:Creating package script '/ws/install/openarmx_kp_kd_panel/share/openarmx_kp_kd_panel/package.ps1'
[5.123s] INFO:colcon.colcon_core.shell:Creating package descriptor '/ws/install/openarmx_kp_kd_panel/share/openarmx_kp_kd_panel/package.dsv'
[5.123s] INFO:colcon.colcon_core.shell:Creating package script '/ws/install/openarmx_kp_kd_panel/share/openarmx_kp_kd_panel/package.sh'
[5.124s] INFO:colcon.colcon_core.shell:Creating package script '/ws/install/openarmx_kp_kd_panel/share/openarmx_kp_kd_panel/package.bash'
[5.124s] INFO:colcon.colcon_core.shell:Creating package script '/ws/install/openarmx_kp_kd_panel/share/openarmx_kp_kd_panel/package.zsh'
[5.124s] Level 1:colcon.colcon_core.environment:create_file_with_runtime_dependencies(/ws/install/openarmx_kp_kd_panel/share/colcon-core/packages/openarmx_kp_kd_panel)
[5.125s] Level 1:colcon.colcon_core.environment:create_environment_scripts_only(openarmx_kp_kd_panel)
[5.125s] Level 1:colcon.colcon_core.environment:checking '/ws/install/openarmx_kp_kd_panel' for CMake module files
[5.126s] Level 1:colcon.colcon_core.environment:checking '/ws/install/openarmx_kp_kd_panel' for CMake config files
[5.126s] Level 1:colcon.colcon_core.shell:create_environment_hook('openarmx_kp_kd_panel', 'cmake_prefix_path')
[5.126s] INFO:colcon.colcon_core.shell:Creating environment hook '/ws/install/openarmx_kp_kd_panel/share/openarmx_kp_kd_panel/hook/cmake_prefix_path.ps1'
[5.126s] INFO:colcon.colcon_core.shell:Creating environment descriptor '/ws/install/openarmx_kp_kd_panel/share/openarmx_kp_kd_panel/hook/cmake_prefix_path.dsv'
[5.127s] INFO:colcon.colcon_core.shell:Creating environment hook '/ws/install/openarmx_kp_kd_panel/share/openarmx_kp_kd_panel/hook/cmake_prefix_path.sh'
[5.127s] Level 1:colcon.colcon_core.environment:checking '/ws/install/openarmx_kp_kd_panel/lib'
[5.127s] Level 1:colcon.colcon_core.shell:create_environment_hook('openarmx_kp_kd_panel', 'ld_library_path_lib')
[5.127s] INFO:colcon.colcon_core.shell:Creating environment hook '/ws/install/openarmx_kp_kd_panel/share/openarmx_kp_kd_panel/hook/ld_library_path_lib.ps1'
[5.128s] INFO:colcon.colcon_core.shell:Creating environment descriptor '/ws/install/openarmx_kp_kd_panel/share/openarmx_kp_kd_panel/hook/ld_library_path_lib.dsv'
[5.128s] INFO:colcon.colcon_core.shell:Creating environment hook '/ws/install/openarmx_kp_kd_panel/share/openarmx_kp_kd_panel/hook/ld_library_path_lib.sh'
[5.128s] Level 1:colcon.colcon_core.environment:checking '/ws/install/openarmx_kp_kd_panel/bin'
[5.128s] Level 1:colcon.colcon_core.environment:checking '/ws/install/openarmx_kp_kd_panel/lib/pkgconfig/openarmx_kp_kd_panel.pc'
[5.128s] Level 1:colcon.colcon_core.environment:checking '/ws/install/openarmx_kp_kd_panel/lib/python3.10/site-packages'
[5.129s] Level 1:colcon.colcon_core.environment:checking '/ws/install/openarmx_kp_kd_panel/bin'
[5.129s] INFO:colcon.colcon_core.shell:Creating package script '/ws/install/openarmx_kp_kd_panel/share/openarmx_kp_kd_panel/package.ps1'
[5.129s] INFO:colcon.colcon_core.shell:Creating package descriptor '/ws/install/openarmx_kp_kd_panel/share/openarmx_kp_kd_panel/package.dsv'
[5.130s] INFO:colcon.colcon_core.shell:Creating package script '/ws/install/openarmx_kp_kd_panel/share/openarmx_kp_kd_panel/package.sh'
[5.130s] INFO:colcon.colcon_core.shell:Creating package script '/ws/install/openarmx_kp_kd_panel/share/openarmx_kp_kd_panel/package.bash'
[5.131s] INFO:colcon.colcon_core.shell:Creating package script '/ws/install/openarmx_kp_kd_panel/share/openarmx_kp_kd_panel/package.zsh'
[5.131s] Level 1:colcon.colcon_core.environment:create_file_with_runtime_dependencies(/ws/install/openarmx_kp_kd_panel/share/colcon-core/packages/openarmx_kp_kd_panel)
[5.160s] DEBUG:colcon.colcon_core.event_handler.log_command:Invoked command in '/ws/build/openarmx_hardware' returned '0': AMENT_PREFIX_PATH=/ws/install/openarmx_can:${AMENT_PREFIX_PATH} CMAKE_PREFIX_PATH=/ws/install/openarmx_can:/opt/ros/humble LD_LIBRARY_PATH=/ws/install/openarmx_can/lib:${LD_LIBRARY_PATH} /usr/bin/cmake --build /ws/build/openarmx_hardware -- -j20 -l20
[5.161s] DEBUG:colcon.colcon_core.event_handler.log_command:Invoking command in '/ws/build/openarmx_hardware': AMENT_PREFIX_PATH=/ws/install/openarmx_can:${AMENT_PREFIX_PATH} CMAKE_PREFIX_PATH=/ws/install/openarmx_can:/opt/ros/humble LD_LIBRARY_PATH=/ws/install/openarmx_can/lib:${LD_LIBRARY_PATH} /usr/bin/cmake --install /ws/build/openarmx_hardware
[5.326s] Level 1:colcon.colcon_core.environment:create_environment_scripts_only(openarmx_hardware)
[5.326s] Level 1:colcon.colcon_core.environment:checking '/ws/install/openarmx_hardware' for CMake module files
[5.327s] DEBUG:colcon.colcon_core.event_handler.log_command:Invoked command in '/ws/build/openarmx_hardware' returned '0': AMENT_PREFIX_PATH=/ws/install/openarmx_can:${AMENT_PREFIX_PATH} CMAKE_PREFIX_PATH=/ws/install/openarmx_can:/opt/ros/humble LD_LIBRARY_PATH=/ws/install/openarmx_can/lib:${LD_LIBRARY_PATH} /usr/bin/cmake --install /ws/build/openarmx_hardware
[5.327s] Level 1:colcon.colcon_core.environment:checking '/ws/install/openarmx_hardware' for CMake config files
[5.327s] Level 1:colcon.colcon_core.shell:create_environment_hook('openarmx_hardware', 'cmake_prefix_path')
[5.327s] INFO:colcon.colcon_core.shell:Creating environment hook '/ws/install/openarmx_hardware/share/openarmx_hardware/hook/cmake_prefix_path.ps1'
[5.327s] INFO:colcon.colcon_core.shell:Creating environment descriptor '/ws/install/openarmx_hardware/share/openarmx_hardware/hook/cmake_prefix_path.dsv'
[5.327s] INFO:colcon.colcon_core.shell:Creating environment hook '/ws/install/openarmx_hardware/share/openarmx_hardware/hook/cmake_prefix_path.sh'
[5.328s] Level 1:colcon.colcon_core.environment:checking '/ws/install/openarmx_hardware/lib'
[5.328s] Level 1:colcon.colcon_core.shell:create_environment_hook('openarmx_hardware', 'ld_library_path_lib')
[5.328s] INFO:colcon.colcon_core.shell:Creating environment hook '/ws/install/openarmx_hardware/share/openarmx_hardware/hook/ld_library_path_lib.ps1'
[5.328s] INFO:colcon.colcon_core.shell:Creating environment descriptor '/ws/install/openarmx_hardware/share/openarmx_hardware/hook/ld_library_path_lib.dsv'
[5.328s] INFO:colcon.colcon_core.shell:Creating environment hook '/ws/install/openarmx_hardware/share/openarmx_hardware/hook/ld_library_path_lib.sh'
[5.328s] Level 1:colcon.colcon_core.environment:checking '/ws/install/openarmx_hardware/bin'
[5.328s] Level 1:colcon.colcon_core.environment:checking '/ws/install/openarmx_hardware/lib/pkgconfig/openarmx_hardware.pc'
[5.328s] Level 1:colcon.colcon_core.environment:checking '/ws/install/openarmx_hardware/lib/python3.10/site-packages'
[5.329s] Level 1:colcon.colcon_core.environment:checking '/ws/install/openarmx_hardware/bin'
[5.329s] INFO:colcon.colcon_core.shell:Creating package script '/ws/install/openarmx_hardware/share/openarmx_hardware/package.ps1'
[5.329s] INFO:colcon.colcon_core.shell:Creating package descriptor '/ws/install/openarmx_hardware/share/openarmx_hardware/package.dsv'
[5.329s] INFO:colcon.colcon_core.shell:Creating package script '/ws/install/openarmx_hardware/share/openarmx_hardware/package.sh'
[5.329s] INFO:colcon.colcon_core.shell:Creating package script '/ws/install/openarmx_hardware/share/openarmx_hardware/package.bash'
[5.330s] INFO:colcon.colcon_core.shell:Creating package script '/ws/install/openarmx_hardware/share/openarmx_hardware/package.zsh'
[5.330s] Level 1:colcon.colcon_core.environment:create_file_with_runtime_dependencies(/ws/install/openarmx_hardware/share/colcon-core/packages/openarmx_hardware)
[5.330s] Level 1:colcon.colcon_core.environment:create_environment_scripts_only(openarmx_hardware)
[5.330s] Level 1:colcon.colcon_core.environment:checking '/ws/install/openarmx_hardware' for CMake module files
[5.330s] Level 1:colcon.colcon_core.environment:checking '/ws/install/openarmx_hardware' for CMake config files
[5.330s] Level 1:colcon.colcon_core.shell:create_environment_hook('openarmx_hardware', 'cmake_prefix_path')
[5.330s] INFO:colcon.colcon_core.shell:Creating environment hook '/ws/install/openarmx_hardware/share/openarmx_hardware/hook/cmake_prefix_path.ps1'
[5.331s] INFO:colcon.colcon_core.shell:Creating environment descriptor '/ws/install/openarmx_hardware/share/openarmx_hardware/hook/cmake_prefix_path.dsv'
[5.331s] INFO:colcon.colcon_core.shell:Creating environment hook '/ws/install/openarmx_hardware/share/openarmx_hardware/hook/cmake_prefix_path.sh'
[5.331s] Level 1:colcon.colcon_core.environment:checking '/ws/install/openarmx_hardware/lib'
[5.331s] Level 1:colcon.colcon_core.shell:create_environment_hook('openarmx_hardware', 'ld_library_path_lib')
[5.331s] INFO:colcon.colcon_core.shell:Creating environment hook '/ws/install/openarmx_hardware/share/openarmx_hardware/hook/ld_library_path_lib.ps1'
[5.331s] INFO:colcon.colcon_core.shell:Creating environment descriptor '/ws/install/openarmx_hardware/share/openarmx_hardware/hook/ld_library_path_lib.dsv'
[5.331s] INFO:colcon.colcon_core.shell:Creating environment hook '/ws/install/openarmx_hardware/share/openarmx_hardware/hook/ld_library_path_lib.sh'
[5.332s] Level 1:colcon.colcon_core.environment:checking '/ws/install/openarmx_hardware/bin'
[5.332s] Level 1:colcon.colcon_core.environment:checking '/ws/install/openarmx_hardware/lib/pkgconfig/openarmx_hardware.pc'
[5.332s] Level 1:colcon.colcon_core.environment:checking '/ws/install/openarmx_hardware/lib/python3.10/site-packages'
[5.332s] Level 1:colcon.colcon_core.environment:checking '/ws/install/openarmx_hardware/bin'
[5.332s] INFO:colcon.colcon_core.shell:Creating package script '/ws/install/openarmx_hardware/share/openarmx_hardware/package.ps1'
[5.332s] INFO:colcon.colcon_core.shell:Creating package descriptor '/ws/install/openarmx_hardware/share/openarmx_hardware/package.dsv'
[5.333s] INFO:colcon.colcon_core.shell:Creating package script '/ws/install/openarmx_hardware/share/openarmx_hardware/package.sh'
[5.333s] INFO:colcon.colcon_core.shell:Creating package script '/ws/install/openarmx_hardware/share/openarmx_hardware/package.bash'
[5.333s] INFO:colcon.colcon_core.shell:Creating package script '/ws/install/openarmx_hardware/share/openarmx_hardware/package.zsh'
[5.333s] Level 1:colcon.colcon_core.environment:create_file_with_runtime_dependencies(/ws/install/openarmx_hardware/share/colcon-core/packages/openarmx_hardware)
[5.333s] INFO:colcon.colcon_ros.task.ament_cmake.build:Building ROS package in '/ws/src/openarmx_ros2/openarmx' with build type 'ament_cmake'
[5.333s] INFO:colcon.colcon_cmake.task.cmake.build:Building CMake package in '/ws/src/openarmx_ros2/openarmx'
[5.333s] INFO:colcon.colcon_core.shell:Skip shell extension 'powershell' for command environment: Not usable outside of PowerShell
[5.333s] DEBUG:colcon.colcon_core.shell:Skip shell extension 'dsv' for command environment
[5.342s] DEBUG:colcon.colcon_core.event_handler.log_command:Invoking command in '/ws/build/openarmx': AMENT_PREFIX_PATH=/ws/install/openarmx_hardware:/ws/install/openarmx_description:/ws/install/openarmx_can:/ws/install/openarmx_bringup:${AMENT_PREFIX_PATH} CMAKE_PREFIX_PATH=/ws/install/openarmx_hardware:/ws/install/openarmx_description:/ws/install/openarmx_can:/ws/install/openarmx_bringup:/opt/ros/humble LD_LIBRARY_PATH=/ws/install/openarmx_hardware/lib:/ws/install/openarmx_can/lib:${LD_LIBRARY_PATH} /usr/bin/cmake /ws/src/openarmx_ros2/openarmx -DAMENT_CMAKE_SYMLINK_INSTALL=1 -DCMAKE_INSTALL_PREFIX=/ws/install/openarmx
[5.443s] DEBUG:colcon.colcon_core.event_handler.log_command:Invoked command in '/ws/build/openarmx_gripper_panel' returned '0': CMAKE_PREFIX_PATH=/opt/ros/humble /usr/bin/cmake --build /ws/build/openarmx_gripper_panel -- -j20 -l20
[5.443s] DEBUG:colcon.colcon_core.event_handler.log_command:Invoking command in '/ws/build/openarmx_gripper_panel': CMAKE_PREFIX_PATH=/opt/ros/humble /usr/bin/cmake --install /ws/build/openarmx_gripper_panel
[5.586s] Level 1:colcon.colcon_core.environment:create_environment_scripts_only(openarmx_gripper_panel)
[5.587s] Level 1:colcon.colcon_core.environment:checking '/ws/install/openarmx_gripper_panel' for CMake module files
[5.587s] DEBUG:colcon.colcon_core.event_handler.log_command:Invoked command in '/ws/build/openarmx_gripper_panel' returned '0': CMAKE_PREFIX_PATH=/opt/ros/humble /usr/bin/cmake --install /ws/build/openarmx_gripper_panel
[5.587s] Level 1:colcon.colcon_core.environment:checking '/ws/install/openarmx_gripper_panel' for CMake config files
[5.587s] Level 1:colcon.colcon_core.shell:create_environment_hook('openarmx_gripper_panel', 'cmake_prefix_path')
[5.588s] INFO:colcon.colcon_core.shell:Creating environment hook '/ws/install/openarmx_gripper_panel/share/openarmx_gripper_panel/hook/cmake_prefix_path.ps1'
[5.588s] INFO:colcon.colcon_core.shell:Creating environment descriptor '/ws/install/openarmx_gripper_panel/share/openarmx_gripper_panel/hook/cmake_prefix_path.dsv'
[5.588s] INFO:colcon.colcon_core.shell:Creating environment hook '/ws/install/openarmx_gripper_panel/share/openarmx_gripper_panel/hook/cmake_prefix_path.sh'
[5.589s] Level 1:colcon.colcon_core.environment:checking '/ws/install/openarmx_gripper_panel/lib'
[5.589s] Level 1:colcon.colcon_core.shell:create_environment_hook('openarmx_gripper_panel', 'ld_library_path_lib')
[5.589s] INFO:colcon.colcon_core.shell:Creating environment hook '/ws/install/openarmx_gripper_panel/share/openarmx_gripper_panel/hook/ld_library_path_lib.ps1'
[5.589s] INFO:colcon.colcon_core.shell:Creating environment descriptor '/ws/install/openarmx_gripper_panel/share/openarmx_gripper_panel/hook/ld_library_path_lib.dsv'
[5.589s] INFO:colcon.colcon_core.shell:Creating environment hook '/ws/install/openarmx_gripper_panel/share/openarmx_gripper_panel/hook/ld_library_path_lib.sh'
[5.590s] Level 1:colcon.colcon_core.environment:checking '/ws/install/openarmx_gripper_panel/bin'
[5.590s] Level 1:colcon.colcon_core.environment:checking '/ws/install/openarmx_gripper_panel/lib/pkgconfig/openarmx_gripper_panel.pc'
[5.590s] Level 1:colcon.colcon_core.environment:checking '/ws/install/openarmx_gripper_panel/lib/python3.10/site-packages'
[5.590s] Level 1:colcon.colcon_core.environment:checking '/ws/install/openarmx_gripper_panel/bin'
[5.591s] INFO:colcon.colcon_core.shell:Creating package script '/ws/install/openarmx_gripper_panel/share/openarmx_gripper_panel/package.ps1'
[5.591s] INFO:colcon.colcon_core.shell:Creating package descriptor '/ws/install/openarmx_gripper_panel/share/openarmx_gripper_panel/package.dsv'
[5.591s] INFO:colcon.colcon_core.shell:Creating package script '/ws/install/openarmx_gripper_panel/share/openarmx_gripper_panel/package.sh'
[5.592s] INFO:colcon.colcon_core.shell:Creating package script '/ws/install/openarmx_gripper_panel/share/openarmx_gripper_panel/package.bash'
[5.592s] INFO:colcon.colcon_core.shell:Creating package script '/ws/install/openarmx_gripper_panel/share/openarmx_gripper_panel/package.zsh'
[5.592s] Level 1:colcon.colcon_core.environment:create_file_with_runtime_dependencies(/ws/install/openarmx_gripper_panel/share/colcon-core/packages/openarmx_gripper_panel)
[5.593s] Level 1:colcon.colcon_core.environment:create_environment_scripts_only(openarmx_gripper_panel)
[5.593s] Level 1:colcon.colcon_core.environment:checking '/ws/install/openarmx_gripper_panel' for CMake module files
[5.593s] Level 1:colcon.colcon_core.environment:checking '/ws/install/openarmx_gripper_panel' for CMake config files
[5.593s] Level 1:colcon.colcon_core.shell:create_environment_hook('openarmx_gripper_panel', 'cmake_prefix_path')
[5.593s] INFO:colcon.colcon_core.shell:Creating environment hook '/ws/install/openarmx_gripper_panel/share/openarmx_gripper_panel/hook/cmake_prefix_path.ps1'
[5.593s] INFO:colcon.colcon_core.shell:Creating environment descriptor '/ws/install/openarmx_gripper_panel/share/openarmx_gripper_panel/hook/cmake_prefix_path.dsv'
[5.593s] INFO:colcon.colcon_core.shell:Creating environment hook '/ws/install/openarmx_gripper_panel/share/openarmx_gripper_panel/hook/cmake_prefix_path.sh'
[5.594s] Level 1:colcon.colcon_core.environment:checking '/ws/install/openarmx_gripper_panel/lib'
[5.594s] Level 1:colcon.colcon_core.shell:create_environment_hook('openarmx_gripper_panel', 'ld_library_path_lib')
[5.594s] INFO:colcon.colcon_core.shell:Creating environment hook '/ws/install/openarmx_gripper_panel/share/openarmx_gripper_panel/hook/ld_library_path_lib.ps1'
[5.594s] INFO:colcon.colcon_core.shell:Creating environment descriptor '/ws/install/openarmx_gripper_panel/share/openarmx_gripper_panel/hook/ld_library_path_lib.dsv'
[5.594s] INFO:colcon.colcon_core.shell:Creating environment hook '/ws/install/openarmx_gripper_panel/share/openarmx_gripper_panel/hook/ld_library_path_lib.sh'
[5.594s] Level 1:colcon.colcon_core.environment:checking '/ws/install/openarmx_gripper_panel/bin'
[5.594s] Level 1:colcon.colcon_core.environment:checking '/ws/install/openarmx_gripper_panel/lib/pkgconfig/openarmx_gripper_panel.pc'
[5.594s] Level 1:colcon.colcon_core.environment:checking '/ws/install/openarmx_gripper_panel/lib/python3.10/site-packages'
[5.595s] Level 1:colcon.colcon_core.environment:checking '/ws/install/openarmx_gripper_panel/bin'
[5.595s] INFO:colcon.colcon_core.shell:Creating package script '/ws/install/openarmx_gripper_panel/share/openarmx_gripper_panel/package.ps1'
[5.595s] INFO:colcon.colcon_core.shell:Creating package descriptor '/ws/install/openarmx_gripper_panel/share/openarmx_gripper_panel/package.dsv'
[5.595s] INFO:colcon.colcon_core.shell:Creating package script '/ws/install/openarmx_gripper_panel/share/openarmx_gripper_panel/package.sh'
[5.595s] INFO:colcon.colcon_core.shell:Creating package script '/ws/install/openarmx_gripper_panel/share/openarmx_gripper_panel/package.bash'
[5.596s] INFO:colcon.colcon_core.shell:Creating package script '/ws/install/openarmx_gripper_panel/share/openarmx_gripper_panel/package.zsh'
[5.596s] Level 1:colcon.colcon_core.environment:create_file_with_runtime_dependencies(/ws/install/openarmx_gripper_panel/share/colcon-core/packages/openarmx_gripper_panel)
[5.708s] DEBUG:colcon.colcon_core.event_handler.log_command:Invoked command in '/ws/build/openarmx' returned '0': AMENT_PREFIX_PATH=/ws/install/openarmx_hardware:/ws/install/openarmx_description:/ws/install/openarmx_can:/ws/install/openarmx_bringup:${AMENT_PREFIX_PATH} CMAKE_PREFIX_PATH=/ws/install/openarmx_hardware:/ws/install/openarmx_description:/ws/install/openarmx_can:/ws/install/openarmx_bringup:/opt/ros/humble LD_LIBRARY_PATH=/ws/install/openarmx_hardware/lib:/ws/install/openarmx_can/lib:${LD_LIBRARY_PATH} /usr/bin/cmake /ws/src/openarmx_ros2/openarmx -DAMENT_CMAKE_SYMLINK_INSTALL=1 -DCMAKE_INSTALL_PREFIX=/ws/install/openarmx
[5.709s] DEBUG:colcon.colcon_core.event_handler.log_command:Invoking command in '/ws/build/openarmx': AMENT_PREFIX_PATH=/ws/install/openarmx_hardware:/ws/install/openarmx_description:/ws/install/openarmx_can:/ws/install/openarmx_bringup:${AMENT_PREFIX_PATH} CMAKE_PREFIX_PATH=/ws/install/openarmx_hardware:/ws/install/openarmx_description:/ws/install/openarmx_can:/ws/install/openarmx_bringup:/opt/ros/humble LD_LIBRARY_PATH=/ws/install/openarmx_hardware/lib:/ws/install/openarmx_can/lib:${LD_LIBRARY_PATH} /usr/bin/cmake --build /ws/build/openarmx -- -j20 -l20
[5.732s] DEBUG:colcon.colcon_core.event_handler.log_command:Invoked command in '/ws/build/openarmx' returned '0': AMENT_PREFIX_PATH=/ws/install/openarmx_hardware:/ws/install/openarmx_description:/ws/install/openarmx_can:/ws/install/openarmx_bringup:${AMENT_PREFIX_PATH} CMAKE_PREFIX_PATH=/ws/install/openarmx_hardware:/ws/install/openarmx_description:/ws/install/openarmx_can:/ws/install/openarmx_bringup:/opt/ros/humble LD_LIBRARY_PATH=/ws/install/openarmx_hardware/lib:/ws/install/openarmx_can/lib:${LD_LIBRARY_PATH} /usr/bin/cmake --build /ws/build/openarmx -- -j20 -l20
[5.732s] DEBUG:colcon.colcon_core.event_handler.log_command:Invoking command in '/ws/build/openarmx': AMENT_PREFIX_PATH=/ws/install/openarmx_hardware:/ws/install/openarmx_description:/ws/install/openarmx_can:/ws/install/openarmx_bringup:${AMENT_PREFIX_PATH} CMAKE_PREFIX_PATH=/ws/install/openarmx_hardware:/ws/install/openarmx_description:/ws/install/openarmx_can:/ws/install/openarmx_bringup:/opt/ros/humble LD_LIBRARY_PATH=/ws/install/openarmx_hardware/lib:/ws/install/openarmx_can/lib:${LD_LIBRARY_PATH} /usr/bin/cmake --install /ws/build/openarmx
[5.813s] Level 1:colcon.colcon_core.environment:create_environment_scripts_only(openarmx)
[5.813s] Level 1:colcon.colcon_core.environment:checking '/ws/install/openarmx' for CMake module files
[5.813s] DEBUG:colcon.colcon_core.event_handler.log_command:Invoked command in '/ws/build/openarmx' returned '0': AMENT_PREFIX_PATH=/ws/install/openarmx_hardware:/ws/install/openarmx_description:/ws/install/openarmx_can:/ws/install/openarmx_bringup:${AMENT_PREFIX_PATH} CMAKE_PREFIX_PATH=/ws/install/openarmx_hardware:/ws/install/openarmx_description:/ws/install/openarmx_can:/ws/install/openarmx_bringup:/opt/ros/humble LD_LIBRARY_PATH=/ws/install/openarmx_hardware/lib:/ws/install/openarmx_can/lib:${LD_LIBRARY_PATH} /usr/bin/cmake --install /ws/build/openarmx
[5.814s] Level 1:colcon.colcon_core.environment:checking '/ws/install/openarmx' for CMake config files
[5.814s] Level 1:colcon.colcon_core.shell:create_environment_hook('openarmx', 'cmake_prefix_path')
[5.814s] INFO:colcon.colcon_core.shell:Creating environment hook '/ws/install/openarmx/share/openarmx/hook/cmake_prefix_path.ps1'
[5.814s] INFO:colcon.colcon_core.shell:Creating environment descriptor '/ws/install/openarmx/share/openarmx/hook/cmake_prefix_path.dsv'
[5.814s] INFO:colcon.colcon_core.shell:Creating environment hook '/ws/install/openarmx/share/openarmx/hook/cmake_prefix_path.sh'
[5.814s] Level 1:colcon.colcon_core.environment:checking '/ws/install/openarmx/bin'
[5.814s] Level 1:colcon.colcon_core.environment:checking '/ws/install/openarmx/lib/pkgconfig/openarmx.pc'
[5.814s] Level 1:colcon.colcon_core.environment:checking '/ws/install/openarmx/lib/python3.10/site-packages'
[5.815s] Level 1:colcon.colcon_core.environment:checking '/ws/install/openarmx/bin'
[5.815s] INFO:colcon.colcon_core.shell:Creating package script '/ws/install/openarmx/share/openarmx/package.ps1'
[5.815s] INFO:colcon.colcon_core.shell:Creating package descriptor '/ws/install/openarmx/share/openarmx/package.dsv'
[5.815s] INFO:colcon.colcon_core.shell:Creating package script '/ws/install/openarmx/share/openarmx/package.sh'
[5.815s] INFO:colcon.colcon_core.shell:Creating package script '/ws/install/openarmx/share/openarmx/package.bash'
[5.815s] INFO:colcon.colcon_core.shell:Creating package script '/ws/install/openarmx/share/openarmx/package.zsh'
[5.816s] Level 1:colcon.colcon_core.environment:create_file_with_runtime_dependencies(/ws/install/openarmx/share/colcon-core/packages/openarmx)
[5.816s] Level 1:colcon.colcon_core.environment:create_environment_scripts_only(openarmx)
[5.816s] Level 1:colcon.colcon_core.environment:checking '/ws/install/openarmx' for CMake module files
[5.816s] Level 1:colcon.colcon_core.environment:checking '/ws/install/openarmx' for CMake config files
[5.816s] Level 1:colcon.colcon_core.shell:create_environment_hook('openarmx', 'cmake_prefix_path')
[5.816s] INFO:colcon.colcon_core.shell:Creating environment hook '/ws/install/openarmx/share/openarmx/hook/cmake_prefix_path.ps1'
[5.816s] INFO:colcon.colcon_core.shell:Creating environment descriptor '/ws/install/openarmx/share/openarmx/hook/cmake_prefix_path.dsv'
[5.816s] INFO:colcon.colcon_core.shell:Creating environment hook '/ws/install/openarmx/share/openarmx/hook/cmake_prefix_path.sh'
[5.817s] Level 1:colcon.colcon_core.environment:checking '/ws/install/openarmx/bin'
[5.817s] Level 1:colcon.colcon_core.environment:checking '/ws/install/openarmx/lib/pkgconfig/openarmx.pc'
[5.817s] Level 1:colcon.colcon_core.environment:checking '/ws/install/openarmx/lib/python3.10/site-packages'
[5.817s] Level 1:colcon.colcon_core.environment:checking '/ws/install/openarmx/bin'
[5.817s] INFO:colcon.colcon_core.shell:Creating package script '/ws/install/openarmx/share/openarmx/package.ps1'
[5.817s] INFO:colcon.colcon_core.shell:Creating package descriptor '/ws/install/openarmx/share/openarmx/package.dsv'
[5.817s] INFO:colcon.colcon_core.shell:Creating package script '/ws/install/openarmx/share/openarmx/package.sh'
[5.818s] INFO:colcon.colcon_core.shell:Creating package script '/ws/install/openarmx/share/openarmx/package.bash'
[5.818s] INFO:colcon.colcon_core.shell:Creating package script '/ws/install/openarmx/share/openarmx/package.zsh'
[5.818s] Level 1:colcon.colcon_core.environment:create_file_with_runtime_dependencies(/ws/install/openarmx/share/colcon-core/packages/openarmx)
[11.662s] DEBUG:colcon.colcon_core.event_handler.log_command:Invoked command in '/ws/build/openarmx_teleop_leader' returned '0': AMENT_PREFIX_PATH=/ws/install/openarmx_can:${AMENT_PREFIX_PATH} CMAKE_PREFIX_PATH=/ws/install/openarmx_can:/opt/ros/humble LD_LIBRARY_PATH=/ws/install/openarmx_can/lib:${LD_LIBRARY_PATH} /usr/bin/cmake --build /ws/build/openarmx_teleop_leader -- -j20 -l20
[11.663s] DEBUG:colcon.colcon_core.event_handler.log_command:Invoking command in '/ws/build/openarmx_teleop_leader': AMENT_PREFIX_PATH=/ws/install/openarmx_can:${AMENT_PREFIX_PATH} CMAKE_PREFIX_PATH=/ws/install/openarmx_can:/opt/ros/humble LD_LIBRARY_PATH=/ws/install/openarmx_can/lib:${LD_LIBRARY_PATH} /usr/bin/cmake --install /ws/build/openarmx_teleop_leader
[11.943s] Level 1:colcon.colcon_core.environment:create_environment_scripts_only(openarmx_teleop_leader)
[11.943s] Level 1:colcon.colcon_core.environment:checking '/ws/install/openarmx_teleop_leader' for CMake module files
[11.945s] DEBUG:colcon.colcon_core.event_handler.log_command:Invoked command in '/ws/build/openarmx_teleop_leader' returned '0': AMENT_PREFIX_PATH=/ws/install/openarmx_can:${AMENT_PREFIX_PATH} CMAKE_PREFIX_PATH=/ws/install/openarmx_can:/opt/ros/humble LD_LIBRARY_PATH=/ws/install/openarmx_can/lib:${LD_LIBRARY_PATH} /usr/bin/cmake --install /ws/build/openarmx_teleop_leader
[11.946s] Level 1:colcon.colcon_core.environment:checking '/ws/install/openarmx_teleop_leader' for CMake config files
[11.946s] Level 1:colcon.colcon_core.shell:create_environment_hook('openarmx_teleop_leader', 'cmake_prefix_path')
[11.947s] INFO:colcon.colcon_core.shell:Creating environment hook '/ws/install/openarmx_teleop_leader/share/openarmx_teleop_leader/hook/cmake_prefix_path.ps1'
[11.949s] INFO:colcon.colcon_core.shell:Creating environment descriptor '/ws/install/openarmx_teleop_leader/share/openarmx_teleop_leader/hook/cmake_prefix_path.dsv'
[11.950s] INFO:colcon.colcon_core.shell:Creating environment hook '/ws/install/openarmx_teleop_leader/share/openarmx_teleop_leader/hook/cmake_prefix_path.sh'
[11.951s] Level 1:colcon.colcon_core.environment:checking '/ws/install/openarmx_teleop_leader/lib'
[11.951s] Level 1:colcon.colcon_core.environment:checking '/ws/install/openarmx_teleop_leader/bin'
[11.951s] Level 1:colcon.colcon_core.environment:checking '/ws/install/openarmx_teleop_leader/lib/pkgconfig/openarmx_teleop_leader.pc'
[11.952s] Level 1:colcon.colcon_core.environment:checking '/ws/install/openarmx_teleop_leader/lib/python3.10/site-packages'
[11.952s] Level 1:colcon.colcon_core.environment:checking '/ws/install/openarmx_teleop_leader/bin'
[11.953s] INFO:colcon.colcon_core.shell:Creating package script '/ws/install/openarmx_teleop_leader/share/openarmx_teleop_leader/package.ps1'
[11.954s] INFO:colcon.colcon_core.shell:Creating package descriptor '/ws/install/openarmx_teleop_leader/share/openarmx_teleop_leader/package.dsv'
[11.955s] INFO:colcon.colcon_core.shell:Creating package script '/ws/install/openarmx_teleop_leader/share/openarmx_teleop_leader/package.sh'
[11.956s] INFO:colcon.colcon_core.shell:Creating package script '/ws/install/openarmx_teleop_leader/share/openarmx_teleop_leader/package.bash'
[11.956s] INFO:colcon.colcon_core.shell:Creating package script '/ws/install/openarmx_teleop_leader/share/openarmx_teleop_leader/package.zsh'
[11.957s] Level 1:colcon.colcon_core.environment:create_file_with_runtime_dependencies(/ws/install/openarmx_teleop_leader/share/colcon-core/packages/openarmx_teleop_leader)
[11.958s] Level 1:colcon.colcon_core.environment:create_environment_scripts_only(openarmx_teleop_leader)
[11.958s] Level 1:colcon.colcon_core.environment:checking '/ws/install/openarmx_teleop_leader' for CMake module files
[11.959s] Level 1:colcon.colcon_core.environment:checking '/ws/install/openarmx_teleop_leader' for CMake config files
[11.959s] Level 1:colcon.colcon_core.shell:create_environment_hook('openarmx_teleop_leader', 'cmake_prefix_path')
[11.960s] INFO:colcon.colcon_core.shell:Creating environment hook '/ws/install/openarmx_teleop_leader/share/openarmx_teleop_leader/hook/cmake_prefix_path.ps1'
[11.961s] INFO:colcon.colcon_core.shell:Creating environment descriptor '/ws/install/openarmx_teleop_leader/share/openarmx_teleop_leader/hook/cmake_prefix_path.dsv'
[11.961s] INFO:colcon.colcon_core.shell:Creating environment hook '/ws/install/openarmx_teleop_leader/share/openarmx_teleop_leader/hook/cmake_prefix_path.sh'
[11.962s] Level 1:colcon.colcon_core.environment:checking '/ws/install/openarmx_teleop_leader/lib'
[11.962s] Level 1:colcon.colcon_core.environment:checking '/ws/install/openarmx_teleop_leader/bin'
[11.962s] Level 1:colcon.colcon_core.environment:checking '/ws/install/openarmx_teleop_leader/lib/pkgconfig/openarmx_teleop_leader.pc'
[11.963s] Level 1:colcon.colcon_core.environment:checking '/ws/install/openarmx_teleop_leader/lib/python3.10/site-packages'
[11.963s] Level 1:colcon.colcon_core.environment:checking '/ws/install/openarmx_teleop_leader/bin'
[11.963s] INFO:colcon.colcon_core.shell:Creating package script '/ws/install/openarmx_teleop_leader/share/openarmx_teleop_leader/package.ps1'
[11.964s] INFO:colcon.colcon_core.shell:Creating package descriptor '/ws/install/openarmx_teleop_leader/share/openarmx_teleop_leader/package.dsv'
[11.965s] INFO:colcon.colcon_core.shell:Creating package script '/ws/install/openarmx_teleop_leader/share/openarmx_teleop_leader/package.sh'
[11.965s] INFO:colcon.colcon_core.shell:Creating package script '/ws/install/openarmx_teleop_leader/share/openarmx_teleop_leader/package.bash'
[11.966s] INFO:colcon.colcon_core.shell:Creating package script '/ws/install/openarmx_teleop_leader/share/openarmx_teleop_leader/package.zsh'
[11.966s] Level 1:colcon.colcon_core.environment:create_file_with_runtime_dependencies(/ws/install/openarmx_teleop_leader/share/colcon-core/packages/openarmx_teleop_leader)
[11.966s] DEBUG:colcon.colcon_parallel_executor.executor.parallel:closing loop
[11.967s] DEBUG:colcon.colcon_parallel_executor.executor.parallel:loop closed
[11.967s] DEBUG:colcon.colcon_parallel_executor.executor.parallel:run_until_complete finished with '0'
[11.967s] DEBUG:colcon.colcon_core.event_reactor:joining thread
[11.973s] INFO:colcon.colcon_core.plugin_system:Skipping extension 'colcon_notification.desktop_notification.notify_send': Could not find 'notify-send'
[11.973s] INFO:colcon.colcon_core.plugin_system:Skipping extension 'colcon_notification.desktop_notification.terminal_notifier': Not used on non-Darwin systems
[11.973s] INFO:colcon.colcon_core.plugin_system:Skipping extension 'colcon_notification.desktop_notification.win32': Not used on non-Windows systems
[11.973s] INFO:colcon.colcon_notification.desktop_notification:Sending desktop notification using 'notify2'
[11.973s] DEBUG:colcon.colcon_notification.desktop_notification.notify2:Failed to initialize notify2: org.freedesktop.DBus.Error.NotSupported: Unable to autolaunch a dbus-daemon without a $DISPLAY for X11
[11.973s] DEBUG:colcon.colcon_core.event_reactor:joined thread
[11.973s] INFO:colcon.colcon_core.shell:Creating prefix script '/ws/install/local_setup.ps1'
[11.975s] INFO:colcon.colcon_core.shell:Creating prefix util module '/ws/install/_local_setup_util_ps1.py'
[11.977s] INFO:colcon.colcon_core.shell:Creating prefix chain script '/ws/install/setup.ps1'
[11.979s] INFO:colcon.colcon_core.shell:Creating prefix script '/ws/install/local_setup.sh'
[11.980s] INFO:colcon.colcon_core.shell:Creating prefix util module '/ws/install/_local_setup_util_sh.py'
[11.981s] INFO:colcon.colcon_core.shell:Creating prefix chain script '/ws/install/setup.sh'
[11.983s] INFO:colcon.colcon_core.shell:Creating prefix script '/ws/install/local_setup.bash'
[11.984s] INFO:colcon.colcon_core.shell:Creating prefix chain script '/ws/install/setup.bash'
[11.985s] INFO:colcon.colcon_core.shell:Creating prefix script '/ws/install/local_setup.zsh'
[11.986s] INFO:colcon.colcon_core.shell:Creating prefix chain script '/ws/install/setup.zsh'
